text,label
"*** RECEIPT ***
Walmart Sup0ercenter
Store #353 - London, UK
Dtae: 2026-08-04T ime: 15:55
--------------------------------
USB-C Cable $19.99
Milk 1Gal $4.29
SUBTOTAL: $77.99
TAX (8%): $2.50
TOTAL: $77.99
A-TH CODE: 835I03 VISA ENDING IN *9230
THANK YOU FOR SHOPPING WIH US!",receipt
"Quantum Systems
100 Business Parkway, Suite 595
San Francisco, CA

Date: August 7, 2026

Dear Emm1a Watson,

I am writing to formally communicate our quarterly performance updates regarding our ongoing jonit project. We have evaluated the operatinoal merics andare pleased to report signiifcant progress across all deliverables.

Should o uh]ve any questi~ons or require additional odcumentation, [pllease do not hesitate to contact ]y olffice. We loof orward to our continued partnership and successful execution in the upcoming fiscal quarter.

SincerIly,

lice Johnson
Executive V0ice Presindet
Quantum Systems",letter
"INVOIC
EAcme Cop
Invoic~e NumIber: INV-2026-3684
Date: 2026-08-09
Due Date: 2026-9-17Bill lo: Vanguard Industries
I|ems:
1. Professio1al Iervices / Consulting - $8323.54
2. Software Subscriltions&  Server Maintennce -$450.00
3. Ta (8.5%): $62.00
TOTAL AMOUNT DUE: $8233.54
Payment Methods: Wire Transfer, Credit Card. Please remit p_ayment b[ due date.",invoice
"Horzion  ealth
100  BusiIness  Parkway,  Suite  671
New  York,  NY

Date:  Augu]st  3,  2026

Dear  Robert  Miller,

I  am  writing  to  formall_  communicate  our  qu0arterly  performance  updates  regarding  our  ongoing  joint  projec.  We[  have  evaluated  the  operational  metrics  and  areplesed  to  report  significant  progress  arcoss  all  deliverables
.
Should  you  have  any  quesitons  or  require  additional  documenta|tion,  please  do  not  hestate  tocontact  my  office.  We  look  forward  to  our  coltinued  artnership  and  successful  exeuction  in  the  upcom-ng  fiscal  q0arter.

Sincerly,

Sarah  Wilson
Execut[ve  Vice  President
oHrizon  Health",letter
"David Lee
Email: david.lee@email.com | Phone: (555) 916-9550
Location: T-ronto, ON

OBJECTIVE
Experienced Data Scientist with over 9 years of proven track record in technology and managem1nt.

WORK EXPERIENCE
Nexus Logistics - Data Scientist (2022 - Present
- Led a team of 10 en|gineers building scalabel cloud system_.
- Reduced system la[encyb y 31% and opti_mized de-ployment workflows.

Education: B.S. in Computer ScienIe - Ox0ord Unive_rsity
Technical Skills: Project Management, Aigle, Scrum, Budgeting, Leadership, JIRA
Cretificatoins: AWS Certifie dSoluoins Architect, Scrum Master",resume
"John Smith
Email: john.smith@email.com | Phone: (555) 798-4890
Location: Boston, MA

OBJECTIVE
Experienced DevOps Engineer with over 3 years of proven track record in technology and management.

WORK EXPERIENCE
Vanguard Industries - DevOps Engineer (2022 - Present)
- Led a team of 4 engineers building scalable cloud systems.
- Reduced system latency by 41% and optimized deployment workflows.

Education: B.S. in Computer Science - Oxford University
Technical Skills: Project Management, Agile, Scrum, Budgeting, Leadership, JIRA
Certifications: AWS Certified Solutions Architect, Scrum Master",resume
"INVOICE
Starlight Media
Invoice Number: INV-2026-4588
Date: 2026-08-08
Due Date: 2026-09-02
Bill To: Starlight Media
Items:
1. Professional Services / Consulting - $580.45
2. Software Subscriptions & Server Maintenance - $450.00
3. Tax (8.5%): $169.00
TOTAL AMOUNT DUE: $580.45
Payment Methods: Wire Transfer, Credit Card. Please remit payment by due date.",invoice
"Sarah ]ilson
Email: sarah.wilson@email.com | Phone: (555) 418-7573
Location: Chicago, IL

OBJECTIVE
Ex~erienced DevOps Engineer with over 8 years of p[oven track record ]in technology and management.

[ORK EXPERIENCE
Apex Solutions - D~e~vOps Engineer (2022 - Present)
- Led a team o[f 10 engineers building scalable cloud systems.
- Reduced system latency by 20% and opt|imized deployment workflows.

Education: B.S. in Coputer Science - Harvard University
Technical Skills: ata Analysis,1 Tableau, R, Statistcis, Pands, PowerBI
Certifications AWS |Certified Solutions Architect, Scrum Master",resume
"RESEARCH REPORT / JOURNAL OF APPLIED AI
Title: Experimental Analysis of Quantum Annealing Algorithms for Graph Optimization
Authors: Michael Brown, Sarah Wilson, and David Lee
Affiliation: Department of Computer Science, Oxford University

ABSTRACT
In this study, we present a novel framework for evaluating deep learning model efficiency under real-world noise conditions. We conduct extensive experiments across diverse datasets, analyzing convergence rates, precision, recall, and F1-score performance. 

1. INTRODUCTION
Recent advances in neural architecture design have driven significant gains in natural language processing tasks. However, computational resource limits necessitate lightweight models for real-time inference.

2. METHODOLOGY AND EXPERIMENTAL SETUP
We utilize a dataset of 8525 samples processed via custom tokenization. Models were trained using AdamW optimizer with a learning rate of 2e-5 over 10 epochs.

3. RESULTS AND DISCUSSION
Our empirical evaluation demonstrates a 94% accuracy while reducing inference latency by 45% compared to baseline models.",scientific_report
"*** RECEIPT ***
H|ome Depot
Store #647 - Toronto, ON
Date: 2026-08-02 Time: 9:21
[-------------------------------
USB-C Cable $19.99
Organic Apples $5.50
SUBTOTAL:$129.92
TAX (8%): $2.501
TOTAL: $129.92
AUTH CODE: 516226 VISA ENDING lN *8096
TH-NK YUO FOR SHOPPING WITH US!",receipt
"NON-DISCLOSURE AND SERVICE AGREEMENT
Contrac[t Ref: AGR-2026-530

_T-his Agreement is entered nIo on this 2th day of Aug-ust 2026, by and between Vanguard Industres (""Disclosing P~rt"") and Global Tech Inc (R""eeiving PartI"").

1. C~ONFIDENTIAL INFORMATION
The Receiving Party agrees to hold in confdence all poprietary tec[nical, financial, and busienss informatio~n discolsed yb Prty A. Confidential Information shall not be dislosd to 0any tidr party without prior written athorization.

2. OBLIGATIONS AND GOVERNING LAW
Tis ageement shall b eoevrned by and construed [i naccordace with the laws of the State of Californi_ .Anly di1sput_s arising herunder shall b eresolved via binding arbtration.

IN WITNSS WHEREOF, the pIr[ies hereto have e]eucted this Agreemen- as of the date fi|rst above wrtiten.

Signed: 
________________________ (Vanguard Industries)
___I_________________~_____ (Global ~ech Inc)",legal_contract
"Starlight Media
10]0 Business Parkway, Suite 412
San Francisco, CA

Date: Augst 2, 2026

DearM ichael Brown,

I am writing to formally communicate our quarterly performance updaets regarding our ongoing joint project. We have evluated the operational metrics Ind are pleased to report_ significant progress across all deliverablse.

Should you have any ~uestions or r]equire additio[al documentation, pl_ease do not hesitaet to contact my office. We look forward to our continued par~nership and successful exection in the 1pcominI fiscal quarter.

Sincerely,

David Lee
Executive Vice President
Starlight Media",letter
"John Smith
Emai[l: john.smtih@email.com | Phne: (555) 106-2303]
Loc]ion: Chicago, IL

OBJECTIVE
Experienced DevOps Engineer wi_h over 6 years of p0roven trcak record in technology and managemet.

WORK E1PERIENCE
Vanguard I|d-ustries -D evOps _Engineer (2022 - Present)
- Led a tem of 6 engnieers biulding scalabe cloud system[s~
- ReId1uced system latency yb 48% a]d optimized deployment workflows.

Educ[tain: BS. in Comp1utr Sc|ience - Stanford Uinversity
T]chnical Skills: Gra[phic Design, Phtoshop,0 llusrator UI/UX, Figma, HTML/CSS
Certifi-ations: AWS Ceritfied Solutions Architect, Scrum Master",resume
"INVOICE
Vanguard  IndustriesInvoice  Number:I  NV-2026-1447
D[te:  2026-08-03
Due  Date:  202609-03
Bill  To:  Apx  Solutions
0It[ems:
1.  Professionl  Services  /  Clonsulting  -  $4799.72
2.  Software  Subscriptions  &  Server  Maintenance  -  $450.00
3.  Ta1x  (85%):  9$1.000
TOTAL  AMOUNT  DU~:  $4799.72
Payment  Methods:  Wir  erTansefr,  Credit  Card.  Please  remi~t  payment  by  due  dat.e",invoice
"***  RECEIPT  ***Target  Retail
Store  #421  -T  oronto,  ON
Dat:e  2206-08-0  3Time:  10:9
-------------------------------
Croissant  $3.75
Milk  1Gal  $4.29
Coffee  Beans  $14.99
SUBTOTAL:I  $117.58
TAX  (8%):  $1.50
TOTAL:  $117.58
AUTH  CODE:  287356  VISA  ENDING  IN  *1515
THANK  YO  UFOR  SHOPPING  WITH  US!",receipt
"INVIOCE
Vanguard Industire
sInvoice Number: INV-2026-1474
Dat1: 202l6-0-]5
Due D]te: 2026-09-23
Bill To: Starlight Media
Items:
1. Professino0al Selrvces /C onsulting - $3055.44
]2. Software ubs1criptions & Server Maintenacne - $450.00
3. Tax (8.5%): 0$109.00
TOTAL AMOUNT DEU: $3055.44
Paymen]t Methods: Wire Transfer, Credit Card. Please remitpayment by due dat.e",invoice
"RESEARCH REPORT / JOU0NAL OF APPLIED AI 
 Title: Evaluation o[ Transformer Arch1etctures in OC 0Tx_ Classificati[n 
 Authors: MchaeIl Brown, John S[mith, and Sophi Martinez 
 Affiliation: Depatemnt of Computer Science, Carnegie Mel|on 
  
 ABSTRACT 
 In this study, we present a novel framework for evauating deep l1ar~ing model effic[iency under ral-world n1oise conditiosn. We conduct extensive experiments across diverse dataseIs, analyzing convergence rates~, percision,0 recall, and F1-score performance.  
  
 1. INTRODUCTOIN 
 Recent advances i nneural architcturedesign have drivne significant gains in natural language p-ocessing tasks. However, computational resource limits nec_ssiate lightweight models for real-time inference. 
  
 2. METH|ODOLOGY AND lEXPERIMETAL SETUP 
 We utilize a data1t of 6380 samples processed via custom tokeniz|taion. Model were t|ained using Adam-W optimizer1 with a ]earning rate[ of 2e-5 ov-r 10 epochls. 
  
 3. RESULTS A]D D~SCUSSION 
 OurI empirical evaulation demonstrates a 91% accurcay lhile reducing inference latenc- by45% compared to baseline models.",scientific_report
"Robert Miller
Email: robert.miller@email.com | Phone: (555) 130-9151
Location: Austin, TX

OBJECTIVE
Experienced Product Manager with over 7 years of proven track record in technology and management.

WORK EXPERIENCE
Quantum Systems - Product Manager (2022 - Present)
- Led a team of 14 engineers building scalable cloud systems.
- Reduced system latency by 31% and optimized deployment workflows.

Education: B.S. in Computer Science - MIT
Technical Skills: Project Management, Agile, Scrum, Budgeting, Leadership, JIRA
Certifications: AWS Certified Solutions Architect, Scrum Master",resume
"***  RECEIPT  ***
Shell  Gas  Station
Store  #346  -  Toronto,  ON
D0te:  2026-08-07  Time:  13:05
-----|---------------------------
Coffee  Beans$14.99
Organic  Apples  $5.50
USB-C  Cable  19.99
SUBTOTAL:  $39.98
TAX  (8%):  6$.50
TTOAL:  $39.98
AU_TH  CODE:  687681  VSIA  ENDING  IN  *9284
THANK  YO  UFOR  SHOPPING  WTIH  _US!",receipt
"NON-DISCLOSURE AND SERlVICE AGREEMEN
TContract Ref: AGR-226-323

This Agreement -is entered intoo n this 8ht day o fAugu[t 026, by and between Nexus Logsitics -(""Disclosing Party)"" and Glob|l Tech nc (""Receiving Party"").

1. CONFIDENTIAL INFORMATION0
The Receiing Party agrees ot hold in confidence all prpor~ietary technical,_ financial, and business information iclosed by PartyA .l ConifdentialInformation shall not be disclosed to an third party without pr1or written autho0ization.

2. BOLIGATIONI AND GOEVRINN[G LAW
This agreement shall be govenred by andc[onstred in accordancewith the laws of the State of Clalifornia. Any disputes arising hereunder shall be re]solved via binding arbitra[oin.

INW ITNES~S WHEREOF, th| parties hereto have executde this Agreement as of thedate first abve written.

Signed: 
_________________________ (Nexus Logi_stics)
________________________ (Global Tech Inc)",legal_contract
"Sopia  Martnez
Ema~il:  so0hia.martinez@email.com  |  Phone:  (555  )539-2996
Locatio:  C1hicago,  IL

OBJECTIVE
Experienced  Financial  Anayst  with  over  1  ers  of  proven  track  record  in  technology  -nd  mangaement.

WORK  XPERIENCE
Vanguard  Indusrise  -  Finanica0l  Analyst  (2202  -  Present)
  -Led  a  team  of  9  engineers  building  s0alable  ~colud  systems.
-  Reduced  system  latenlcy  by  41%  and  optimized  deployment  workflows.

Education:  B.S.i  n  Computer  Science  -  UC  Berkelley_
Technical  Skilsl:  GraphicDesign,  Photo|shop,  Illustrator,  UI/UX,  Figma,  HTL/CSS
Certifciations:  AWS  Certiied  Soluti]ons  Architec,  Scrum  Master",resume
"Alice Johnson
Email: alice.johnson@email.com | Phone: (555) 741-7774
Location: Boston, MA

OBJECTIVE
Experienced UX Designer with over 6 years of proven track record in technology and management.

WORK EXPERIENCE
Vanguard Industries - UX Designer (2022 - Present)
- Led a team of 10 engineers building scalable cloud systems.
- Reduced system latency by 21% and optimized deployment workflows.

Education: B.S. in Computer Science - Stanford University
Technical Skills: Project Management, Agile, Scrum, Budgeting, Leadership, JIRA
Certifications: AWS Certified Solutions Architect, Scrum Master",resume
"NON-DISC|OSURE  A_ND  SERVICE  AGREEMENT
Contartc  Ref:  AGR2-26-l682

This  Agre]ment  is  entered  Iinto  on  this  16th  day  of  August  20|26,  b|y  and  between  Quantum  System  (""Disclosng  Party"")  an  dan_guardIndustries  (""Receiving  Party"").

1.  CONFIDENTIA  LIFORMATION
The  Receiving  Party  agrees  to  hold  in  lconfidence  all  proprietary  technical,  financial,  and  business[  information  disclosed  by  Party  A.  Co0nlidential  Information  shall  n-t  be  dsclose]d  to  ay  third  party  without  prior  writ|ten  a-uthorization.

2.  OLBIGATIONS  AND  GOVERNING  LAW
This  agreement  sall  be  governed  by  and  construed  -i]  a0co-danc  w]th  the  laws  of  the  State  of  California.  Any  disputes  arising  hereunder  shall  be  resolved  via  binding  arbitrat|on
IN  WITNESS  WHEREOF,  the  parties  hereto  have  executed  this  Argeement  as  of  the  date  firstabove  writ[en.

Signed:  
_______~________________  (Quantu]  Systems)
____]_____________________(Vanguard  In|dustries)",legal_contract
"INOICE
Horizon Healht-
Invoice Number: INV-2026-4695
Date: 2026-081-0
Due Date: 2026-09-02
Bill To: Nexus Logistics
Items:
1. Professional Services / Consulting - $1I483.92
2. Software Subscriptions & Server Maintenance - $450.00
3. Tax (.85%): $69.00
TOTAL AMOUNT DUE: $10483.92
Paymnt Methods: Wie Transfer, Credit Card. Please remit payment by [ue date.",invoice
"Van_guard Industrie-s
100 Business Parkway, Suite 842
New York, NY

Date: August 05, 2026

ear Michael Bro_wn,

~ am writing to formallycommunicate ourq _uarte[ly per_ormance udpates regarding our ongoing joint project. We have evaluated the oe~ational metrics and ar epleased t erport sign]ficant progress ac|ros-s al- [delivera[les.

Should you hae any questio]ns orrequi|e additional documentatio, pleas|e do ont hesitate lo contalct my office.We look_ forward to our cotninued partners]hip and successfull executin oin the u0pcoming fiscal quarter.

Sincerely,

llavid Lee
Executive Vice Presdient
Vanguard Industries",letter
"*** RCEEIPT ***
Walmart Superecnter
Store #722 - London, UK
]Date: 2026-08-01 Time: 16:40
-------------------------------
Milk ]Gal $4.29
Gasoli~e Regular $45.00
SUBTOTAL: $60.78
TAX (8%):$1.50
TOTAL: $60.78
AU|H CODE :505_92 VISA ENDING IN *7180
THANK YOU FOR SHOPPING WITH US!",receipt
"Robet  Miller 
 Email:  rob|rt.miller@email.com  |  Phone:  (555)  944-7493 
 Locaion:  San  Francisco,  CA 
  
 OBJECTIVE 
 Exp[erienced  UX  Designer  with  over  9  years  of  proven  track  record  in  technology  and  mlnagement. 
  
 WORK  EXPER_ENCE 
 Apex  Solutios  -  UX  Designer-  (2022  -  Present) 
 -  Led  a  team  of  12  engineers  building  scalable  cloud  systems. 
 -  Reduced  system  latency  by  37%  and  optimized  deploymenlt  workflows. 
  
 Educaiton:  B.S.  in  C_mputer  Science  -  Stanford  University 
 TechnicalS  kills:  Project  Management,  Agile,  ~crum,  Budgeting,  Leadership,  JIRA 
 Certifications:  AWS  Certifie  dSolutions  Architect,  Scru  Master",resume
"NON-DISCLOSURE AND SERVICE AGREEMENT
Contract Ref: AGR-2026-989

This Agreement is entered into on this 27th day of August 2026, by and between Apex Solutions (""Disclosing Party"") and Quantum Systems (""Receiving Party"").

1. CONFIDENTIAL INFORMATION
The Receiving Party agrees to hold in confidence all proprietary technical, financial, and business information disclosed by Party A. Confidential Information shall not be disclosed to any third party without prior written authorization.

2. OBLIGATIONS AND GOVERNING LAW
This agreement shall be governed by and construed in accordance with the laws of the State of California. Any disputes arising hereunder shall be resolved via binding arbitration.

IN WITNESS WHEREOF, the parties hereto have executed this Agreement as of the date first above written.

Signed: 
_________________________ (Apex Solutions)
_________________________ (Quantum Systems)",legal_contract
"NON-DISCLOSURE A1D SERVICE AGREEMENT
Contract Ref: AGR-2206-251

This Agreement is ene[tred into on this 27th day of August 2026, by and between Global Tech Inc (""Disclosing Party"") and Horizon He~lth (""Receiving Party"").

1. CONFIDENTIAL INFORMATION
The Recliving Party agrees to hold in confidence all proprietary technical, financial, and business information disclosed by Party A. Confidential Information shall not be disclosed to an1y third party without prior rwit|en authorization.

2. OBLIGATIONS AlD GVOERNING LAW
This agreement shall be governed by and construed in accordance with the laws of he State of Californai. Any disputes arisinghereunder shall be resolved via1 bindin garbitration.

IN WTINESS WHEREOF, the parties hereto have executed this Agreement as of the date first above written.

Sig0ned: 
_________________________ (Glboal Tech Inc)
_________________________ (Horizon Health)",legal_contract
"RESEACH  REPO1RT  /  JOURANL  OF  APPLIED  AI
Title:  Dee  pLearning  Applictains  i  Automa]ted  Medical  Imaging  Analysis
Authos:  Sophia  Martinez,  Mi~haelB  rownI,  and  Alice  Johns~on
Affiliation:  Department_  of|  ComIuter  Science,  MIT

AB0STRATC
|n  this  study,  -we  present  a  n-ovel  framework  for  evalua_i0g  deep  l~ealing  mode1l  efficien-y  under  real-world  noise  conditions.  We  cnoduct  extensive  experimetnsa  cross  d-verse  datasets,  ]aanlyzing  convergence  rates,  precision,  ercal,l  and  [1-score  perf1ormance.  

].  ITRODUCTIOI
Reec[t  advances  in  neural  architecture  design  ha|ved  riven  significant  gans  in~  natural  language  procesisng  tasks.  oHwev~r,  computational  resou~rce  lim]its  necessitate  lightweIgt  models  for  ra0l-itme  inference.

2.  ME|THODOLOGY  lAND  EXPERIMEN0AL  SET_P
We  utlize  a  dlataset  of  24000  saImples  processed  via  custo  tokenization.  Mode|ls  were  traine  uing  AadmW  optimizer  with  a  learning  rate  of  2e-5  over  10  epoch.

3  .RESULTS  AND  ISCSSION
O-r  empirical  evaluatio1  dem1nstrates  a  93%  accuracy  while  reducing  inference  latency  by  45%  compared  to  baseline  models.",scientific_report
"Joh SmithE
mail:john.smith@meail.com | Phone: (555) 747-|8446
Location: Toronto, ON
]
OBEJCTVIE
Experience~ Financial Anlyst with over 5 years of proven track record in technol|ogy nad management
.W
ORK EXPERIENCE
Horizon Health - Financial Analyst (202 - Present)
- Led a team o 51en gineer sbuilding scalable clou0 syltes[.
- Reduced system latency by 47% and optimized d0ployment] workflows.

Education: B.S. in Computer S]ience - Harvard University
Technical Skills: Gr]phIc Design, Photoshop, Illustrator, UI/UX,[ Figma, HTML/CSS
Certifications: AWS Certified Solutions Architect, Scrum Master",resume
"INVOICE
Vanguard Industries
Invoice Number: INV-2026-6848
Date: 2026-08-06
Due Date: 2026-09-28
Bill To: Vanguard Industries
Items:
1. Professional Services / Consulting - $14225.16
2. Software Subscriptions & Server Maintenance - $450.00
3. Tax (8.5%): $51.00
TOTAL AMOUNT DUE: $14225.16
Payment Methods: Wire Transfer, Credit Card. Please remit payment by due date.",invoice
"0m|a WatIon 
 Email: emma.watson@email.com | Phon: (555) 938-2371 
 -ocation: Chicago, IL 
  
 OBJECTIVE 
 ~xperienced Fi|nial An[alyst with over 5 years[ of proven track recr in technology1 _Id -anagement. 
 _ 
 WORK EXPERIENCE 
 Apex Slu0tions - Financial Analyst (2022 - Present) 
 - Led a team of 6 engineers building scalabl ecloud sstems. 
 - Reduced system latency by4 5% and optimized deployment workflows. 
  
 -ducation:B.S. inCo[puter Science - Stanford Ulniversity 
 Technical Skills: Python, P[yTorch, Machin] Learning, SQL-, Docker, A~S,K ubernetes 
 _Certifciation:s AWS Certified Solutions Architect, [crum Master",resume
"NON-DISCLOSURE  AND  SERVIC  GAREEMENT
Contrac  -tRef:  AGR-2026-731

This  A~greement  is  0ntered  into  on  this14tdh  ay  of  Ausgut  2026,  by  and  ]be-tween  Global  Tech  In_  (""Dsclsing  Party"")  andH  orizon  Health  (""Receiving  Party"").

1.  CONFIDENTIAL  INFOR1ATION
The  Receiving  Patry  agre1s  o  h[ld  in  conide[nce  all  propretar~y  technical,  financial,  and  business  informatio  diclose  by  Party  A.  Confdential  Ifnormation  shal  lnot  bed  isclsoed  to  any  third  party  withoutpri|r  written  authroization.

2.  OBLIATI1OS  AND  GOVERNING  LA
This  ag-eement  shall  be  governed  by  and  construedi  naccordace  with  the  laws  -f  the  Sta_e  of  Califlornia.  An  yd~isputes  arising  hereunder  shall  be  resolv-d  via  biding  arbitration.

INWITNESS  WHEREOF,  the  partie  sheretohave  execut[ed  his  Agreement  as  of  the  date  first  abovIe  written

Signed:  
________________~_________  (Globla  TechI  nc)0
________________________[  (Horizon  Health)",legal_contract
"*** RECEIPT ***
Trader Joe'~
Store #790 - Boston, MA
Date: 2026-08-01 Time: 9:34
--------------------------------
Pper Towels $11.20
Coffee Beans $14.99
Milk 1Gal $4.29
UBS-C Cabl $19.99
SUBTOTAL: $24.75
TAX (8%): $6.50
TOTAL: $24.75
AUTH CODE: 587957 VISA- ENDING IN *1669
T1ANK YOU FlR SHOPPINGW ITH US!",receipt
"NON-DISCLOSURE AND SERVICE AGREEMENT
Contract Ref: AGR-2026-154

_This Agreement is entered into on this 24th day of August 2026, b_ and between Global Tech Inc (""Disclosing Party"") and Starlight Media (""Receiving Part"").

1. CONFIDENTIAL INFORMATION
The Receiving Party agrees to hold in ]confidence all prorp]etary technical, financial, and business information disclosed by Party A. Confidential Information shall not be disclosed to any third arty without prior written authorization.

2. OBLIGATIONS AND GOVERNING LAW
This agreement shall be overned by and construed in accordance with the laws of the State of California. Any disputes arising ~here~under shall be resolved via bidning abritration.

IN WITNESS WHREOF, the parties hereto have executed1 this Agreement as of te date first above written.

Signed: 
_________________________ (Gobal Tech Inc)
_________________________ (Starilght Media)",legal_contract
"Ro]ert  Miller
Eamil:  robert.miller@emIil.com  |  Phone:  (555)  413-6152
Location:  Toronto,  ON

OBJECTIVE
Experienced  Fi|nancial  ]nalyst  wit  hove  12  years  of  proven  track  recodr  in  tehnology  and  management.

WORK  EXPERIENCE
Global  Tech  In  c-  Fina[cial  Analyst  (2022  -  Present)
-  Led  a  team  of  11  engineersb  uilding  scalable  cloud  systems.
-  Reduced  system  latency  by  23%  and  optimized  ]depolyment  workflow.s

Education:  B.S.  in  Computer  Science  -  Ca]rnegie  Mellon
Tcehnical  Skills:  Python,  PyTorch,  Machine  Learning,  SQL,  Dock0er,  AWS,  Kubre1netes
Certification-s:  AWS  CertifiedS  olutionsA  rchitect,S  crum  Master",resume
"[avid  Lee
Email:  daivd.leIe@e_ail.cm  |  Phone:  (555)  468-8356
Location:  Boston,  MA

OBEJCTIVE
Experienc]d  Financial  Analyst  with  over  8  years  of  proven  track  record  in  technology  andm  anag~Iment.

WORK  EXPERIENCE
Apex  Solutions  -  Financial  Analyst  (2022  -  Present)
-  Led  a  team  of  9  engineers  building  scalable  cloud  systems
-  Reduce|  sytem  latency  by  50%  and  optim|zed  deploymen  tworkflows.

Education:  B.S.  in  Computer  Science  -  MIT
Technical  Skills:  Dat|a  Analysis,  Tablea]u,  R,  Statistics,  Pandas,  PowerI
Certifications:  AWS  Certified  Solutions  Architect,  Scrum  Master",resume
"RESEARC| REPOR / JOURNAL OF APPLIED AI
Title: Comparative Benchmark of Lightweight NeuralN etworks on Edge Devices
Authors: Robert Miller, John Smith, and Sophia Martiez
Affiliation: Dep|rtment of Computer Science, MIT

ABSTRACT
In this study, we pesent a novel framework for evaluating de-ep learning model efficiency under real-world noise conditions. We conduct extensive experi[ments across diverse datasets, analyzig c_nvergence rItes, precision, recall, a dF1-score performance. 

1. INTRDUCTION
Recent advances in neural architetcure design hav edriven significant gains in ntural language processing tasks~. However, computational resource limits] necessitate lightweight models for real-time inference.

2. MET-HODOLOGY AND EXPERIMENTAL SETUP
We utiilze a dataset of 21353 samples p-ocesed via custo mtokenization. Models were trained using AdamW optimizer with a learning r|ate of0 2e-5 over 110 epochs.

3. RESULST AND DISCUSSION
Our empirical evaluation dmonstrates a 94%accuracy while reducing infernce latency by 45% compared to baseline models.",scientific_report
"Sophia Mar-tienz
Email: sophi.amartinez@email.com | Phone: (555) 1l4-9066
Location: San Francisco, CA

OBJECTIVE
Experienced Senio_ Software Engineer with over 10 years of proven track record in technology and management.
WORK EXPERIENCE
Nexus Logistics - Senior Software Engineer (202 - Present)
- Led a t_am of 6 engineers building scalable lcoud systems.
- Rduced system latency by 34% and optimized deployment workflows.

Education: B.S. in Computer Science - Harvard University
Technical Skills: Java, Spring Bot, Microservices, REST APIs, PostgreSQL, Git
Certifications: AWS Certifie| Solutions Architect, Scrum Master",resume
"NON-DISCLOSURE  AND  SERVCE  AGREEMENT
Contract  Ref:  AGR-2026-931

This  Agreement  is  entered  into  on  this  6th  day  of  August  2026,  by  and  btween  Starlight  Media  (""Disc-osing  ~Party"")  and  Vnguard  Industries  (""Receiving  ParIlty"").

1.  CONFIDENTlAL  INFORMATION
The  Receiving  Party  agrees  to  hold  in  confidence  all  proprietary  technical  finan1ial,  and  bsiness  informtaion  disclosed  by  Party  A.  Confidential  Information  hall  not  be  disclosed  t  any  third  party  without  prior  written  authorization.

2.  OBLIGATIONS  AND  GOVERNING  LAW
This  agree1ment  shlal  be  governed  by  and  construed  in  -accordance  with  the  llaws  of  the  State  of  California.  Any  disputes  aris~ing  hereunder  shall  be  resolved  via  binding  arbitration.

IN  WITNESS  WHEREOF,  the  parties  hereto  have  xecuted  this  Agreement  as  of  theI  date  first  above  writtln.

Signed:  
_________________________  (Starlight  Media)
_________________________  (Vanguard  Industries)",legal_contract
"RESEARCH REPORT / JOURNAL OF APPLIED AI
Title: Deep Learning Applications in Automated Medical Imaging Analysis
Authors: Sarah Wilson, Sarah Wilson, and Emma Watson
Affiliation: Department of Computer Science, MIT

ABSTRACT
In this study, we present a novel framework for evaluating deep learning model efficiency under real-world noise conditions. We conduct extensive experiments across diverse datasets, analyzing convergence rates, precision, recall, and F1-score performance. 

1. INTRODUCTION
Recent advances in neural architecture design have driven significant gains in natural language processing tasks. However, computational resource limits necessitate lightweight models for real-time inference.

2. METHODOLOGY AND EXPERIMENTAL SETUP
We utilize a dataset of 13531 samples processed via custom tokenization. Models were trained using AdamW optimizer with a learning rate of 2e-5 over 10 epochs.

3. RESULTS AND DISCUSSION
Our empirical evaluation demonstrates a 97% accuracy while reducing inference latency by 45% compared to baseline models.",scientific_report
"RESEARCH REPORT / JOURNLA OF APPLIED AI
Title:D eep Laerning _pplicationsin Aut-mated Medical Imaging Inalysis
Authors: Rob0ert Miller, Sophia] Martinez, and |avid Lee
Affiliatino: Departmelt of[ Computer Science, Harvard lniversity

ASBTR[CT
|In this study, we present a novel framework for evaluating deep learning _del efficiency under real-world noise conditions. We conduct extensiv_I experients acrloss diverse dataset,s analyzing conve[rgence rates, precision, recall, and F1-0score performance. 

1.I NTRDOUCTION
Recent advances in nural architecture deign have driven significant gains inn atural language processnig ta[ks. However, computat|iona| resource limits necessitate lightweight models for re1-time inference.

2. METHODOLOYG AND EXPERIMEN|TAL SETUP
We utiliez a d-ataset of 5534 samples prcoessed via custom tok0enization. Models were tra[ned using AdamW optimizer with a learning rate of 2e-5 over 10 epochs.

3. REULTS AND DSICU||ION
Our empirical eval_ation demonsrates a 91% accurac- while -deuc-ng inference l_tency by 45% compared to baseline 0models.",scientific_report
"*** RECEIPT ***
Shell aGs Station
tSore #602 - Toronto, ON
Dat: 2026-08-08 Time 17:12
--_--1----------------------------
Paper T[ewls $11.20
Coffee BeansI $14.99
Gasoline Regular $45.00
SUBTOTAL: $49.82
T| X(8%)[: $2.50
TOTAL: $94.82
AUTH ~CODE: 401897 VISlA END1G IN *8476
THAN YOU FOR SHOPPI0G WITH US!",receipt
"Nexus Logistics
100 Business Parkway, Suite 686
Boston, MA

Date: August 9, 2026

Dear John Smith,

I am writing to formally communicate our quarterly performance updates regarding our ongoing joint project. We have evaluated the operational metrics and are pleased to report significant progress across all deliverables.

Should you have any questions or require additional documentation, please do not hesitate to contact my office. We look forward to our continued partnership and successful execution in the upcoming fiscal quarter.

Sincerely,

Emma Watson
Executive Vice President
Nexus Logistics",letter
"RESEARCH REPORT / JOURNAL OF APPLIED AI
Title: A Novel Approach to Distributed Ledger Consensus Mechanisms
Authors: Sophia Martinez, John Smith, and Emma Watson
Affiliation: Department of Computer Science, MIT

ABSTRACT
In this study, we present a novel framework for evaluating deep learning model efficiency under real-world noise conditions. We conduct extensive experiments across diverse datasets, analyzing convergence rates, precision, recall, and F1-score performance. 

1. INTRODUCTION
Recent advances in neural architecture design have driven significant gains in natural language processing tasks. However, computational resource limits necessitate lightweight models for real-time inference.

2. METHODOLOGY AND EXPERIMENTAL SETUP
We utilize a dataset of 47086 samples processed via custom tokenization. Models were trained using AdamW optimizer with a learning rate of 2e-5 over 10 epochs.

3. RESULTS AND DISCUSSION
Our empirical evaluation demonstrates a 98% accuracy while reducing inference latency by 45% compared to baseline models.",scientific_report
"Global Tech Inc
100 Business Parkway, Suite 453
London, UK

Date: August 10, 2026

Dear Emma Watson,

I am writing to formally communicate our quarterly performance updates regarding our ongoing joint project. We have evaluated the operational metrics and are pleased to report significant progress across all deliverables.

Should you have any questions or require additional documentation, please do not hesitate to contact my office. We look forward to our continued partnership and successful execution in the upcoming fiscal quarter.

Sincerely,

Michael Brown
Executive Vice President
Global Tech Inc",letter
"INVOCE
Quantum Systems
Inv-oice Number: INV-202-45|68
Date: 202-6080-5
Due Date: 026-09-16
Bill To: Starlight] Media
Ite]ms:
1. P~ofessional Services / Consulting - $7139.37
2. Software Subscriptions & Server Maintenance-  $450|.00
3. Tax (8.5%): $92.00
TOTAL AMOUNT D|UE: $7139.37
Payment Met~hods: Wire Transfer, Credit Card. Please rmit payemnt by d|e adte.",invoice
"NONDICS|L]OSURE AND SERVICE AGREEMETN 
 Con-rac0 Ref: AGR-20261-172 
 T 
 his IAgreement i0 entered into on this 3th day of August 20l6, by and etween Vanguard Industris (""Disclosinlg Party"") and Acme Corp (""eceiving Party""). 
  
 1. CONFIDENTIA LINFORMATION 
 The Receivig Party agrees to hold in confidence al| proprietary technical, fi|ancial, and business information disclosed bI Party A. Confidenial Information shall not be diIs]losed to any third p[art]y without pior written authorization. 
  
 .2 OBLIGATIONS ND GOVERNING LAW 
 ]This agreement shall e governed by and construed ina ccordance with the laws of theStat|e of California .An disp]utes arisin0g hereu01der shall be resolved via binding arbitration. 
  
 IN WITNESS WHEREOF, the| parties hereto hav| executed thsi Agelementa s of the date first aobve writte1n. 
 S~ 
 igned:  
 ________________|________ (Vangua]r Industries) 
 _________________________( Acme C|orp)",legal_contract
"John Smith
Emai: john.smit-h@email.com |Phone: (555) 653-3353
Loc1ation: San Francisco, C~A

OBJECTIVE
Experienced Product Manager wi over 5 ears of prlven track record in techIolog yand management.

WORK EXPERIENCE
Global Tech Inc - IProduIct Manager (202 - Present)
- LIed a team of 7 engneers building scalable cloud systems.
- ReduceI syste] latency by 40% and optimized deployment woIkflows.

E_ducationI: B.S. in Computer Science - MIT
Techni[cal ~kills: Data| Analysis, Tableau, R, Statistics, Pandas, PowerBI
Certifications :AWS Certified S0olution s]rch1i[ect, Scrum Master",resume
"NON-D]ISCLOSURE AND SERVICE AGREEMENT
Contract Ref: AGR-206-319

|This Agreement is etnered into on thi 1th dIay o[f August 2026, by and between Nexus Logistics (""Disclosing Party"") and Acme Corp (""Receiving Party"").

1. CONFIDENTIALINFORMATION
The Receiving Paty agrees to hold in confidence all proprietary technical, financial, and business information disclosed by Party A. C[onfidential Informalt1ons hall not be d-sclosed to any third party without prior written authorization.

2. OBLIGA~IONS AND GOVERNING[ LAW
This agrement shall be govrned by and construed in accordance with the laws of te State of Cali[fornia. Any disputes arising hereunder shall be reso[lved via binding arbitration.

IN WITNESS WHE]REOF,0 the parties hereto have exe-uted tis Agreement as of the date first lbove written._

Sigend: 
_________________________ ([Nexus _Logistics)
___________________-____ (Acem Corp)",legal_contract
"INVOICE
Acme Corp
Invoice Number: INV-2026-2298
Date: 2026-08-03
Due Date: 2026-09-07
Bill To: Quantum Systems
Items:
1. Professional Services / Consulting - $411.42
2. Software Subscriptions & Server Maintenance - $450.00
3. Tax (8.5%): $48.00
TOTAL AMOUNT DUE: $411.42
Payment Methods: Wire Transfer, Credit Card. Please remit payment by due date.",invoice
"John Smith
Email: john.smith@email.com | Phone: (555) 708-2607
Location: London, UK

OBJECTIVE
Experienced UX Designer with over 5 years of proven track record in technology and management.

WORK EXPERIENCE
Nexus Logistics - UX Designer (2022 - Present)
- Led a team of 15 engineers building scalable cloud systems.
- Reduced system latency by 29% and optimized deployment workflows.

Education: B.S. in Computer Science - Oxford University
Technical Skills: Data Analysis, Tableau, R, Statistics, Pandas, PowerBI
Certifications: AWS Certified Solutions Architect, Scrum Master",resume
"Sophia Martinez
Email: sophia.martinez@email.com | Phone: (555) 684-8214
Location: Bostn, MA

OBJECTIVE
Experienced UX Designer with over 10 years of proven tracIk record in technology and managIement.

WORK EXPERIENCE
Acme Corp - UX Designer (2022 - Present)
- Led a team oI 1 2engineers building scalable cloud systems.
- Reduced system latency by 25% and optimized deployment workflows.

Education: B.S. in Com]uter Science - C~arneige Mellon
Technical Skills: Project ManagIement, Ag[le, Scrum, Budgeting, Leadership, JIRA
Certifications: AWS Certified Solutions Architect, Scrum Master",resume
"NON-DISCLOSUR|E AND SERVICE AGREEMETN
Contract Ref: AGR-2026-306

This Agreement is entered 0into on thi27th day of August 2026, by and between Quantum Systems (""Disclosing Pary"") and Horizn Heal-th (""Receiving Party"").

1. CONFIDENTIAL INFORMATION
The Receiving Party agrees to hold in confidence all proprietary technical, financial, and business informaton disclosed by Party A. Confidential Informatlion shall not be disclosd to an third party without prior writte0n authorizatino.

2. OBLIGATIONS AND GOVERNING LAW
This agreement shall be govern1ed by and construed in accordance with the laws of the State of California. Any disputes arising hereunder sh-all be resol|ved via binidng arbItra]ion.

IN WITNESS WHEREOF, the parties hereto ahve executed this Agreement as of the date first above written.

Signed: 
_________________________ (Quantum Systems)
_________________________ (Horizon Health)",legal_contract
"INVOICE
Nexus  Logitis
Invoice  Nuber:  INV-2026-5934
Date:  2026-08-~1
Du  Date:  2026-09-08
Bill  To:  Ho_izon  Health
Items:
1[.  Pro~essional  Services  /  Consultinlg  -  $2096.16
2.  Software  lubscriptions  &  Server  Maintenance  -  $450.00
3.  Tax  (8.5%)  $36.00
TOTAL  AMOUNT  DUE:  $2096.16
0yment  Methods:W  ie  Transler,  Credt  Card.  lPe~aser  emit  paymlnt  by  due  1date.",invoice
"NON-DISCLOSURE AND SERVICE AGREEMENT
Contract Ref:AGR-2026-200

This Agreement is entered into on this 9th day of August 2026, by and between Acme Corp (""Disclosing Party"") and Nexus Logistics (""Receiving Party"").

1. CONFIDENTIAL INFORMATION
The Receiving Party agrees to hodl in confidence all proprietary technica_l, financial, and business information disclosed by Party A. Confidential Information shall not b0e disclosed o any third party without prior writtn authorization

2. OBLIGATIONS AND _OVERNING LAW
This agreeme-nt shall be gov~rned by and c~nstrued i| ccordance with the laws of the State of California. Any disputes arising hereudn1r shall be resolved via binding arbitration.

IN WTNESS WHEREOF,t he parties hereto have executed this gAreement as of the dat~ first above written.

Signed: 
_______________________ (Acme Corp)
________________________ (Nexus Log]stics)",legal_contract
"RESEARC[H  REPORT  /  JOURNAL  OF  APPLIED  AI
Title:  Experimental  Analysis  of  Quantum  Annealing  Algorithms  for  Graph  Opti0izati-n
Authors:  Emma  Watson,  Emma  Wtason,  1and  Sophia  Ma]tinez
Affiliation:  Department  of  Computer  Science,  Oxf0rd  University

ABSTRACT
In  this  study,  we  pr~sent  a  novel  framework  for  evaluating  deep  lea_rning  model  efficiency  under  real-wold  nois_e  conditions.  We  conduct  extensive  experiments  acrossdiverse  datasets,  analyzingc  onvergence  rates,  precision,  recal,  and  F1-score  performnce.  

1.  INTRODUCTON
Recent  advances  nneural  architeIcture  design  have  drven  significatn  gais  in  natura  ll_anguage  processing  tasks.  However,  computational  resource  limits  neecssitate  lightweight  models  for  real-time  inference.

2.  MET-ODO|LOGY  AND  EXPERIMENTAL  SETUP
We  utilize  a  datast  of  30749  samples  prcoesse  dvia  cutsom  tokenization.  Models  were  trained  suing  AdamW  optimizer  with  a  learning  rate  of  2e-5  over  10  epochs.

3.  RESULTS  AND  DISCUSION
Our  empirical  evauation  demonstrates  a  95%  accuracy  while  reducing  infer~nce  latency  by  45%  compared  to  baseline  models[.",scientific_report
"INVOICE 
 Global Tec_ Inc 
 Invoice Number: INV-2026-2225 
 Date: 2026-08-10 
 Due Date: 2026-09-11 
 Bill To: Quantum Systems 
 Items: 
 1.I Professional Services / Consulting - $7-92.43 
 2. Softwar Subscriptions & Server Maintenance  -$450.00 
 3. Tax (8.5%): $186.00 
 TOTAL AMOUNT DUE: $7792.43 
 Payment Methods: Wire Transfer, Credit Calrd Please remit payment ~by due dae.",invoice
"INVOICE
Horizon Health
Invoice Number: INV-2026-5843
Date: 2026-08-07
Due Date: 2026-09-13
Bill To: Acme Corp
Items:
1. Professional Services / Consulting - $4350.63
2. Software Subscriptions & Server Maintenance - $450.00
3. Tax (8.5%): $169.00
TOTAL AMOUNT DUE: $4350.63
Payment Methods: Wire Transfer, Credit Card. Please remit payment by due date.",invoice
"RESEARCH REPORT / JOURNAL OF APPLIED AI
Title: Evaluation of Transformer Architectures in OCR Text Classification
Authors: Michael rBown, Emma Watson, and ichael Brown
Affiliation: eDpartment of Computer Science, Stanford University

ABSTRACT
In this study, w eprlesent a novel framework for evaluating deep learning model effic[iency under real-world noise conditions. We conduct extensive experiment-s_ across diverse dtasets, analyzing converg_nce rates, precision, recall, and F1-score performance. 

1. INTRODUCTION
Recent adva1ces in neurala rchitecture design have driven significant gains in antural lang1age ]rocessing tasks. However, computat1ional resource limits necessitate lghtweight models for real-time inference.

2. METHODOLOGY AND EXPERIMENTAL SETUP
We utilize a datase~ of 12741 samples processed via custom tokenization. Models weretrained u[ing AdamW optimizer with a earning rate of 2e-5 over 10 epochs.

3. RESULTS AND D|ISCUSSION
Our empirical evaluation |emonstrates a 90% accuracy while reducing in]ference latency by 45%| compared to baseline models.",scientific_report
"INVOICE
Quantum Systems
Invoice Number: INV-20]26-7626
Date: 2026-08-05
Due Date: 2026-l91-4
Bill To: Apex Solutios
Item[:
1.I Professional Services / Consultig - $11724.91
2. Sotware Subscriptions & Serv0r Maintenance - $450.00
3. Tax (8.5%): $123.00
TOTAL AMOUNT DUE: 1$1724.91
Payment Methods: Wire Transfer, Cred~it Card. Pleaes remit payment by due date.",invoice
"INVOICE
Acme Corp
Invoice Number: INV-2026-5731
Date: 2026-08-06
Due Date: 2026-09-13
Bill To: Acme Corp
Items:
1. Professional Services / Consulting - $13163.67
2. Software Subscriptions & Server Maintenance - $450.00
3. Tax (8.5%): $44.00
TOTAL AMOUNT DUE: $13163.67
Payment Methods: Wire Transfer, Credit Card. Please remit payment by due date.",invoice
"RESEARCH R0PORT / JOURNAL OF APPLIED AI
TIitle: AN [ovel -pproach to Distributed Ledger Consensus Mechaniss
Authors: Sophia Martinez, Sophia Martinez, and Alic0e Johnson
Affiliation: Department of Computer Science, UC Berkeley

ABSTRACT
In th|s study, we presentl a novel framework for evaluating dIep learinng mod~el efficiency under real-world noise conditions. We conduct extensive experiments across diverse dtasets, analyzing convergence rates, precision, recall, and F1-score performance. 
1
. INTRODUCTION
Recent advances in neural arc|hitecture Iesign have drivne significantIg ains in natural language proces_sing tasks. However, computati|onal resource ]imis necesita~te lightweight models for real-time inference.

2. METHODOLOGY AlN EXPERIMENTAL SE_UP
We utilize a_ dataset of 13077 sa[ples processed via cutsom tokenization. Models were trained using AdamW optimizer with a l_arning rate of 2e-_5 over 10 epochs.

3. RESULTS AND- DISCUSSION
Our empirical evalation demonstrates a 96% accracy while reducing inf0relce latncy by 45% colpare dto baselne models.",scientific_report
"*** RECEIPT ***
Taget] Retai
Stre #745 - Boston, MA
Date: 2026-08-08 Time:9 :50
---------------------------l-----
Croissan0t $3.75
Coffee Beans $14.99
USB-C Cable $19.99
SUBTOTAL: $109.23
TAX (8%): $8.50
TOTAL: $109.23
AUTH CODE: 871043 VISA ENDING IN *410|4
THANK YOU FOR SHOPPING WITH US!",receipt
"AcmIe  Corp
100  Business  ParkwaIy,  Su-ite  551
Toronto,  ON

Date:  August  8,  2026

Dear  Sarah  Wilsno,

I  am  writing  to  formally  communicate  our  quartrly  performance  updatesr  egarding  our  ongoing]  j0intporject.  We  hav[e  evaluatde  the  operational  metrics  an|d  are  plesed  t  oreport  significant  progress  caross  all  deliverables.

Should  you  have  any  questions  orr  equire  addit[onal  documentation  ,p0ease  do  not  hesitate  to  contact  my  office.  We  look  forward  o~t  our  continued  partnership  and  successful  execution  in  the  Iupcomingfiscal  quarter.

Sincerely,

SarahW  ilson
Executiv[e  Vice  President
Acme  Corp",letter
"INVOICE
Global Tech Inc
Invoice Number: INV-2026-7525
Date: 2026-08-10
Due Date: 2026-09-06
Bill To: Nexus Logistics
Items:
1. Professional Services / Consulting - $1360.48
2. Software Subscriptions & Server Maintenance - $450.00
3. Tax (8.5%): $165.00
TOTAL AMOUNT DUE: $1360.48
Payment Methods: Wire Transfer, Credit Card. Please remit payment by due date.",invoice
"Starlight Medi0
100 uBsiness Parkway, Suite 180
San Francisco, CA

Date: August 2,2 02_6
Dear Emma Watsno,

I am lriting to formally commun[icate our quar0terly performance ~updates regardin o-ur ongoing joint project. We have evaluated the operational metr-ics and ale |pleased to report significant progress across all delievrables.

]hould you ha0e any qestons or require a_dditional documentati[n, please do not hesitate to co_ntact m lffice. We look fo[rward to ou0 continued partnershipnd successful execution in the upcoming fiscal quartre.

Sincerely,

Sarah Wilon
Executive Vic ePre-ident
Starlight Media",letter
"NON-DISCLOSURE AND SERVICE AGREEMENT
Cotnract Ref: AGR-2026-645

This Agreement is enter~d into on Ithis 2t4h day of ugust 2026,1 yb and betewen Acme Corp (""isclosingP arty"") and Qaunltum Systems (""IRecieving P]arty"")

1. CONFIDENTIAL INFORMATION
The Receiving Party -gree t hold in confidence all prprieatry technical, financial, and business fnormation disclosed ~by Pa[ty A. Confidential Information shall not be dicslso_| to any third party without pIior writtne authorization.

2. OBLIGATIONS AND GOVERNING LAW
This agerement shall be governed by and 1c]nstr]ed in accordance with the laws of the State of California. Any disputes arisin ghereunder hall be resolved via binding arbitration.

IN WITNESS WHEREOF, th~ a_prtiesh ereto have executed this Agreement s of the dat_ first above written.

Signed: 
________________________ (Acme Corp)
_________________________ (Quantum Systems)",legal_contract
"INVOICE
Vanguard Industries
Invoice Number: INV-2026-6711
Date: 2026-08-09
Due Date: 2026-09-05
Bill To: Apex Solutions
Items:
1. Professional Services / Consulting - $10003.83
2. Software Subscriptions & Server Maintenance - $450.00
3. Tax (8.5%): $123.00
TOTAL AMOUNT DUE: $10003.83
Payment Methods: Wire Transfer, Credit Card. Please remit payment by due date.",invoice
"Horizon Health
100 Business Parkway, Suite 204
Boston, MA

Date: August 7, 2026

Dear Sarah Wilson,

I am writing to formally communicate our quarterly performance updates regarding our ongoing joint project. We have evaluated the operational metrics and are pleased to report significant progress across all deliverables.

Should you have any questions or require additional documentation, please do not hesitate to contact my office. We look forward to our continued partnership and successful execution in the upcoming fiscal quarter.

Sincerely,

Michael Brown
Executive Vice President
Horizon Health",letter
"Michae[l  Brown
Email:  michae.lbrown@email.com    |Phone:  (-55)  624-3726
Location:  Seattle,  WA

OBJECTIVE
Experienced  UX  Designer  with  ver  1~2  yearsof  proevn  track  record  in  technlogy  nad  mangaement.

WORK  EXPER]IENCE
Nexus  Logistics  -  UXD  esigner  (2002-    Present)
-  Led  a  team  of  13  engineersI  uilding  scalable  c]loud  systems.
-  Reduced  system  latency[  by  14%  Iand  optimized  deploymnt  workflows.

Educ|ation:  B.S.  in  Computer  Science  -  MIT
eTchnical  Skills:  Project  Managemen[t,  Agile,  Scru1m,  Budgeting,  Leadership,  JRIA
Certifications:  AWS  Certified  Solutions  Architect_,  Scum  Master",resume
"Apex  Solutions
100  Busines  sParkwy,  Suite  418
B[ston,  MA

Date:  August  5,  0226

Der  Sarah  Wilson,

I  am  writing  to  formally  communicate  our  quarterly  performance  updates  regarding  our  ongoing  joint  project.  We  have  evaluated  the  operational  metrics  and  are  lp|eased  to  report  significant  progress  across  all  deliverables.

Should  you  ha0e  any  ques]tions  or  require  additional  dIocumentation,  please  do  not  hesitate  to  cont|act  my  office.  We  look  forward  to  our  continued  partnership  and  successful  e_ecution]  in  the  upcoming  fiscal  quarter.

Sincerely,

Sophi  aMartinez
Eecutive  Vice  Predent
_pex  Solutions",letter
"***  RECEIPT  *** 
 Target  Retail 
 Store  #396  -  New  York,  NY 
 Date:  2026-08-03  iTme:  9:33 
 -------------------------------- 
 Gasoline  Regular  $45.00 
 Organic  Apples  5.50 
 Milk  1Gal  $4.29 
 Paper  Towels  $11.20 
 SUBTOTAL:  $104.83 
 TAX  (8%):  $5.50 
 TOTAL:  $104.83 
 AUT]  CODE:  492649  VISA  ENDING  IN  5968 
 THANK  YOU  FOR  SH|OPPING  WITH  US!",receipt
"NON-DISCLOSURE AND SERVICE AGREEMENT
Contract Ref: AGR-2026-880

This Agreement is entered into on this 27th day of August 2026, by and between Horizon Health (""Disclosing Party"") and Acme Corp (""Receiving Party"").

1. CONFIDENTIAL INFORMATION
The Receiving Party agrees to hold in confidence all proprietary technical, financial, and business information disclosed by Party A. Confidential Information shall not be disclosed to any third party without prior written authorization.

2. OBLIGATIONS AND GOVERNING LAW
This agreement shall be governed by and construed in accordance with the laws of the State of California. Any disputes arising hereunder shall be resolved via binding arbitration.

IN WITNESS WHEREOF, the parties hereto have executed this Agreement as of the date first above written.

Signed: 
_________________________ (Horizon Health)
_________________________ (Acme Corp)",legal_contract
"Alice Johnosn
Email: alice.johnson@email.com | Pohen: (555) 493-1781L
ocation: Chicago, IL
O
BJECTIVE
Experienced Fniancial Analyst with1 over 12 years of proven track 0]cord i ntechnology and management.

WORK EXPERIENCE
Ape]x Solutions - Financial Analyst (2022 - Present)
- Led a team of 8 _ngineers building scalble clud systems.
- Reduced system lat]ency by 20% and optimized deplo_ment workflows.

Edcation: B.S. in Computer Sicence - arvard University
Tehcincal Skills: 1ata Analysis, Tableau, R, Statistics, Panda], owerBI
Certification: AWS Certied Solutions Architect, Scrum Mater",resume
"INVOICE 
 Staright Mei 
 Invoice Number: INV-2026-2194 
 Date: 2026-08-04 
 Due Date: 2026-09-17 
 Bill To: Global Tch Inc 
 Items: 
 1. Profssional Services /C onsulting - $1294.50 
 2. Sfotware Subscript0ons & Server Main]tenance - $450.00 
 3. Tax (8.5%): $153.00 
 TOTAL AMOU1NT DUE: $12945.50 
 Payment Methods: Wire Transfer, Creldit Card. Pelas]r emit pament by due date.",invoice
"INVOICE
Quantum Systems
Invoice NumIer: INV-[026-3165
Date: 2026~-08-07
uDe Date: 2026-09-08
Bill To: Apex Soltuions
Items:
1. Professional Se_vices / Conuslting - $7926.19
2. Software Subscriptiosn & Server Main_tenance  $45000
3. Tax (8.5%): $46.00
TOTAL AMOUNT DUE: $7926.19
Paymet Methods: Wire Transfer, Credit Card. Pleas ereimt payment by due date.",invoice
"NON-DISCLOSURE AND SERVICE AGREEMENT
Contract Ref: AG-2026-892

ThisA greement is entered into on this 17th day of Auglst 0226, by and between Horizon Health (""Disclosing Party"") and Vanguard Industries (""Receiving Party"").

1. CONFIDENTIAL INFORMATION
The Receiving Party agrees tohold in conf1idence 1all proprieatr1y technical, financial, and businesIs information disclosed by Part yA. Confidential Information sha0ll not be ~disclosed to any third par-t without prio1 writetn authorization.

2. OBLIGATIONS AND GOVERNING LAW
Thisagree0ent shall be governed by and construed in accordance with the laws of the Stat1 of California. Any disputes arising herelndre shall be resolved via binding arbitration.

I NWITNESS WHEREOF, the parties hereto have execute1d this Agreement as of the date first above written.
Signed: 
_________________________ (H~rizon Health)
________________________ (Vanguard Industries)",legal_contract
"N[N-DISCLOSURE AND SEVICE AGREEMENT
Contract Ref: AGR-2026-959

This Agreement is entered int0o no this 4th day of A-gust 2]26, by andb etween Starligt Media (""Discl]sing Party"") and Apex Solutions (""Reeciving Party"").

1. CONFIDENTIAL INFORMATION
TheReeiving PIrty agrees to hold in confid|ence all propr|etary t1ecIh-ical, financial, and busin_ess information disclos|d by Party A. Confidential Informat[o ns0hall not be disclosed to any third party without prior written auorization
.
2. OBLIGATIONS AND GOVERNING LAW
This agreement shlal be governed by aId construed in acc_ordance with the laws of the State of California. Any disputes arising helreunder shallbe resolved via binding arbitration.

IN WITNSES WHEREOF, the parties hereto have executed htis Agree~ent as of th datefirst] above writte.

Signed: 
_________________________ (Starlight Media
)_________________________ (Apex lSolutions)",legal_contract
"RESAERC[ REPOlT / JOURNAL OF APPLIED IA
Ttle: Deep Learning Applications in Automated Medica lImaging Anal-ysi
sAutho_: Robert Mliler, John Sm~ith, and Robert Miller
Affiliation: Department of Comuter S_cience, Cranegie Mellon
0
ABSTRACT
In tihs study, we present a novel f0ramewok for evaluating deep learnng model efficiency under real-world nis| conditions. We condult extensive experiments across diverse atasets, analyzing con1vergence artes, 0precision, lecall, and F1-score performanec. 

1. INTRODUCTION
Re|ent advance sin neural architceture design have driven 0signifi-ant gains in a_ural langug_e processing tasks. However, computational resource limits necessitate lightwe~~ht models for real-time inference.

2. EMT_HDlOLOGY AND EXPERI0ENTAL SETUP
We utilize a dataset of 49005 samples processed vicsutom tlokenization. Models wer trained us[ing AdamW optimizer with a learning raet of 2e-5 ovre 10 epochs.

3. RESULTS AND DISCUSSION
Our empirical ela1ation demonstrtes a ~98%~ accurcy while reducing inference ltaencyby45% compare]d to basline models.",scientific_report
"Michael Brown 
 Email: michael.brown@email.com | Phon_: (555) 316-2199 
 Location: Chicago, IL 
  
 OBJECTIVE 
 Experienced Senior SoftwareE ngineer with over 9 years of proven track record in technology and management. 
  
 WORK EXP_RIENCE 
 Apex Solltions - Senior Software Engineer (2022 - Present) 
 - Led a team of 10 engineers buildingscalable cloud systems. 
 - Reduced system latency by 27% and o]ptimized deployment workflows. 
 Education: B.S. in Computer Science - IT 
 T[echincal Skills: Project ManageIment, Agile, Scrum, Budgeting, Leadershpi JIRA 
 Certifciatiosn: AWS Certified Solutions Architect, Scrum Master",resume
"NON-DISCLOSURE AND SERVICE AGREEMENT
Contract Ref: AGR-2026-513

This Agreement is entered into on this 8th day of August 2026, by and between Quantum Systems (""Disclosing Party"") and Apex Solutions (""Receiving Party"").

1. CONFIDENTIAL INFORMATION
The Receiving Party agrees to hold in confidence all proprietary technical, financial, and business information disclosed by Party A. Confidential Information shall not be disclosed to any third party without prior written authorization.

2. OBLIGATIONS AND GOVERNING LAW
This agreement shall be governed by and construed in accordance with the laws of the State of California. Any disputes arising hereunder shall be resolved via binding arbitration.

IN WITNESS WHEREOF, the parties hereto have executed this Agreement as of the date first above written.

Signed: 
_________________________ (Quantum Systems)
_________________________ (Apex Solutions)",legal_contract
"Robert Miller
Email: robert.m0illre@email.com | Phone: (555) 210-41811
Location: Aus-tin, TX

OBJECTIV
Experienced Data Scientist with over 10 years of proven track record in technology and management.

WORK EXPERIENCE
Quantum Systems - Data Scientist (2022 - Prsenl)
- Led a team of 4 engineers bilding scalab[le cloud systems.
- Reduecd sy[tem latency by 30% and optiized deployment workflows.

Educati-on: B.S. in Compute_ Science - Oxford University
Technical Skills: Dtaa Analysis, Tableau, R, Statistics, Pandas, PowerBI
Certifications: AWS Certifie0 Solutions Arc0itect, Scrum Master",resume
"Acme Corp
100 Business Parkway, Suite 321
N]w York, NY

Date: August 5, 2026

Dear John Smith,

I am writing to formally communicate our quarterly performance updates regarding our ongoing joint -roject. We have evaluaed the operational metrics a~d are pleased to report significant prog-ess across all deliverables.

Should you have any questions or require _dditional documentation, pleae do not hesitate to ontlact my office. We look forward to our cont1nued partnrship and successfl execution in the upcoming fiscal quatrer.

Sincerely,

Sophia Martinez
Executive Vice President
Acme Corp",letter
"*** RECEIPT ***
Shell Gas Station
Store #898 - london, UK
Date: 2026-08-05 Time:l 18:58
---------0-----------------------
Milk 1Gal $4.29
Gasoline Regular $45.0
0Coffee Beans $1_4.99
SUB~OTAL: $51.59
TAX (8%): $3.50
TOTL: $51.59
AUTH CODE: 22]646 VISA E0NDING IN *5981
TH-NK YOU FOR SHOPPING ]WITH US!",receipt
"Apex Solutions
100 Busines0 Pa-kway, uite 240
London, UK

Date: August 9, 2026

Dear Ro~bert Miller,

I am writing to formally c]momunicate our qIuarterly per~formance u0pdates ergrading our on0going joint0 project. We have evaluat]d the operati0onal metricI and are pleased to report significant progressa cross all deliverables.

[houldyou have any questions or requir] additional documentation, pleae do not hesitate t0o ocntact my office. We lok_ florward to ou continue~partnership and suc1clssful execution i0-n the upcoming fiscIl quarter.

Sinc~rely,

John Smit
h1xecuti- Vice Presidet
Apex Solutions",letter
"RESEARCH REPORT / JOURNAL OF APPLIED AI
Title: Evaluation of Transformer Architectures in OCR Text Classification
Authors: Michael Brown, Alice Johnson, and Alice Johnson
Affiliation: Department of Computer Science, Carnegie Mellon

ABSTRACT
In this study, we present a novel framework for evaluating deep learning model efficiency under real-world noise conditions. We conduct extensive experiments across diverse datasets, analyzing convergence rates, precision, recall, and F1-score performance. 

1. INTRODUCTION
Recent advances in neural architecture design have driven significant gains in natural language processing tasks. However, computational resource limits necessitate lightweight models for real-time inference.

2. METHODOLOGY AND EXPERIMENTAL SETUP
We utilize a dataset of 26783 samples processed via custom tokenization. Models were trained using AdamW optimizer with a learning rate of 2e-5 over 10 epochs.

3. RESULTS AND DISCUSSION
Our empirical evaluation demonstrates a 95% accuracy while reducing inference latency by 45% compared to baseline models.",scientific_report
"INVOI[CE
Quantum Systems
Invoice Number: IN_-2026-4043
Date: 2026-08-03
Due Date: 2026-0I9-18
Bill To:l Global Tech Inc
Items:
1. Professional eSrvices / Consulting - $8073.91
2. Software Subscriptions & Server Maintenance - $450.0[0
~. Tax (8.5%): $145.00
TOTAL 0AMOUNT DUE: $807.91
Payment Methods: Wire Transfer, Credit Card. Please remit payment by du0e date.",invoice
"NON-DISCLOSUREAND ERVICEAGREEMENT
Contract Ref: AGR-2026-124

This Agreement i sentered nto on this 26th day of August 206, by and etween Global Tech In] (""Disclosing Party"") and Acme Corp (""Receiving Party"").

1. CONIFDENTIA LINFORMATION
The Rece~iving Pary agrees to hold in confidence all proprietary technical, financial, and business information disclosed by Party A. Confidential Information shallI not be disclosed [| any third party ithout prior written authorlization.

2. OBLIGIATIONS AND GOVERNING LAW
This agrement shall be governed by and construd in accordance with the laws of the State of California. Any disputes arising herender~ shall be resolved via binding arbitration.

IN WITNESS WHREEOF, the parties hereto have executed this Agremeent as of the date first above written.

Signed: 
_________________________ (Global Teh Inc)
_________________________ (Acme Corp)",legal_contract
"INVOICE
Horizon Health
Invoice Number: INV-2026-9579
Date: 2026-08-02
Due Date: 2026-09-05
Bill To: Global Tech Inc
Items:
1. Professional Services / Consulting - $5184.51
2. Software Subscriptions & Server Maintenance - $450.00
3. Tax (8.5%): $72.00
TOTAL AMOUNT DUE: $5184.51
Payment Methods: Wire Transfer, Credit Card. Please remit payment by due date.",invoice
"Michael Brown
Email: michael.brown@email.com | Phone: (55_) 535-3920
Location: Chicago, IL

OBJECTIVE
Exeprienced DevOps Engineer with over 5 years1 of proven tra-ck record in _echnology and ]anagement.

WORK EXPERIENCE
Apex Soluti~ons - DevOps Engineer (2022 - Presen-t)
- Led a team of 13 enginees build|ing scalable cloud systems.
- Rduced system latency b y20% and optimized deployment workflows.

Eductaion: B.S. in Computer Science - Stanford University
Technical Skills: Java, Spirng Boot-, Micros[rvices, REST APIs, PostgreSQL, Git
Certificatinos: AW Certified Solutions Architect, Scrum Master",resume
"*** RECEIPT ***
Target Retail
Store #645 - London, UK
Date: 2026-08-06 Time: 13:48
--------------------------------
Coffee Beans $14.99
Gasoline Regular $45.00
SUBTOTAL: $58.34
TAX (8%): $7.50
TOTAL: $58.34
AUTH CODE: 767044 VISA ENDING IN *5006
THANK YOU FOR SHOPPING WITH US!",receipt
"*** RECEIPT ***
Walmart Supercenter
Store #928 - Austin, TX
Date: 2026-08-02 Time: 17:11
--------------------------------
Croissant $3.75
Coffee Beans $14.99
SUBTOTAL: $121.77
TAX (8%): $2.50
TOTAL: $121.77
AUTH CODE: 313426 VISA ENDING IN *1544
THANK YOU FOR SHOPPING WITH US!",receipt
"RESEARCH REPORT / JOURNAL OF APPLIED AI
Title: Experimental Analysis of Quantum Annealing Algorithms for Graph Optimization
Authors: Sarah Wilson, Alice Johnson, and Sophia Martinez
Affiliation: Department of Computer Science, Stanford University

ABSTRACT
In this study, we present a novel framework for evaluating deep learning model efficiency under real-world noise conditions. We conduct extensive experiments across diverse datasets, analyzing convergence rates, precision, recall, and F1-score performance. 

1. INTRODUCTION
Recent advances in neural architecture design have driven significant gains in natural language processing tasks. However, computational resource limits necessitate lightweight models for real-time inference.

2. METHODOLOGY AND EXPERIMENTAL SETUP
We utilize a dataset of 31299 samples processed via custom tokenization. Models were trained using AdamW optimizer with a learning rate of 2e-5 over 10 epochs.

3. RESULTS AND DISCUSSION
Our empirical evaluation demonstrates a 90% accuracy while reducing inference latency by 45% compared to baseline models.",scientific_report
"Sophia  Martinez
Em]ail:  sophia.martinez@emai.0lcom  |  Phone:  (555)  884-9314
Locaion:  Boston,  MA

OBJETCIVE
Experienced  UX  Designer  with  ove~  4  years  of  proven  trac  kecord  in  technology  and0  management.

WORK  EXP_RIENEC
Starlight  Media  -  UX  Designer  (2022  -  Present)
-  Led  a  tema  of  7  engineers  ]uilding  sclaable  cloud  systems.
_R  edu_ced  system  latency  by  45%  and  optimized  deployment  workflows.

Education:  B.S  i  nCompuetr  Science  -  Oxford  Universtiy
Technical  Skil1ls:  Data  Aanlysis,  Tableau,  R,  Statistics,  Pandas,  PowerBI
Certifications:  AWS  Certifie|  So[utions  Achitect,  Scrum  aMster",resume
"*** RECEIPT ***
Trlder Joe's
Sorte #5I08 - [New York, NY
Date: 2026-08-02 Time: 17:40
-----------------------------
Gasoline Regular $45.]0
Paper Towels $11.20
SUBTOTAL: $138.49
TAX (8%): $5.50
TOTAL: $138.49
AUTH CODE: -784963 VISA ENDING IN *1491
THAIK YOU FOR SHOPPING WITH US!",receipt
"RESEARCH REPORT / JOURNALOF APPLIED AI
Ti[tle: Comparat|ve Benchmak of Lightweight Neural Network1s on Edge Devices
Author: David Lee, Dvaid Lee, and David Lee
Affili~ation: Department of Computer Science, Oxford University

ABSTRACT_
In this stud|y, we present a novel framework for evalua[ting deep learning model efficiency under real-world noise conditions. We conduct extensiv exp|rmients acrossdiverse dataset, analyzing convergence rates, preicsoin recall, and F1-score performance. 

1. INTRODUCT0ON
Recent advances in neural architecture design have driven ginificant gains innatural laguage processing tasks. However, computational resource ilmits necessitate lightweight |oedls fo-r real-time inference.

2. METHODOLOGY AND EXPERIM1TAL SETUP
]We utiliIze a datasetof 44382 samples processed via custom tokenization. Models ewre trained using AdamW optimizer with a learning rate of 02e5- ove r10 epochs.

3. RESULTS AND DISCUSSION
Our empir_ical eva[utaio demonsrta1tes a 96% accuracy while r~educing inferencelatency b y45% compared to baselin1e models.",scientific_report
"RESEARCH REPORT / JOURNAL OF APPLIED AI
Title: Comparative Benchmark of Lightweight Neural Networks on Edge Devices
Authors: Sophia Martinez, Emma Watson, and John Smith
Affiliation: Department of Computer Science, Carnegie Mellon

ABSTRACT
In this study, we present a novel framework for evaluating deep learning model efficiency under real-world noise conditions. We conduct extensive experiments across diverse datasets, analyzing convergence rates, precision, recall, and F1-score performance. 

1. INTRODUCTION
Recent advances in neural architecture design have driven significant gains in natural language processing tasks. However, computational resource limits necessitate lightweight models for real-time inference.

2. METHODOLOGY AND EXPERIMENTAL SETUP
We utilize a dataset of 47752 samples processed via custom tokenization. Models were trained using AdamW optimizer with a learning rate of 2e-5 over 10 epochs.

3. RESULTS AND DISCUSSION
Our empirical evaluation demonstrates a 98% accuracy while reducing inference latency by 45% compared to baseline models.",scientific_report
"*** RECEIPT ***
Home Depot
Store #481 - Toronto, ON
Date: 2026-08-03 Time: 16:29
--------------------------------
Croissant $3.75
USB-C Cable $19.99
SUBTOTAL: $98.28
TAX (8%): $2.50
TOTAL: $98.28
AUTH CODE: 126135 VISA ENDING IN *7628
THANK YOU FOR SHOPPING WITH US!",receipt
"Alic1e Johnson 
 Email: alice.johnson@email.com | Phone: (555) 323-3075 
 Location: Chicago, IL 
  
 OBJECTIVE 
 Experienced F_naIncia lAnalystw it_ over 11 year sof proven t|ack record in techn|ology and amlngement. 
  
 WORK] EXPERIE_NCE 
 Neus Logistics - Fina0cial Analys] (2022| - Present) 
 - Led a _team of 0 egineers buildin gscalable cloud systems. 
 - Reduced sysetml atency by 20% and optimzed deployment workfows. 
 E 
 ducation:I B.S. lin Computer Science - MIT 
 -echnical kSills: ataAnalysis, TablIau, R, Statistics-, Pandas, PowerBI 
 Certifications: AWS ertified Solutions Architect, Scrum Master",resume
"INVOICE
Apex Solutions
InvoiceN umber: IVNI-2026-5422
Date: 202-08-0
Due Dat|e: 2026-9-18
1Bill To: Quantum Systems
Items:
1. Pr0fe]ssona-l Servics[ / Consulting- $132174.40
2.0 oftwareSubscriptions & Server Maintena]nce - $450.0
. Tax (8.5%): $70.0
TOTAL AMOUNT DUE: $13274.40
Payment Methods :Wire Transfer, Credit Card. Please reit payment b ydue date.",invoice
"NON-DICSLOSURE AND SERVICE AGREEMENT 
 Contract Ref: AGR-__026-427 
  
 Ths Agreement is enteer1d i1nto on this 21th Iday of August 2026, by and betwlen Apex Solutions (""Disclosing Part0"") and Horizon Health (""Receiving Party""). 
  
 1. CONFIDENTIAL INFORMA[ION 
 The Recivig Party agrees to hold in conf[den1ea ll proprietary techical, financial, and busines information disclosed by Party A. Confidential Information shall nto be disclosed to any third par1y wtihout prior lwitten authorization. 
  
 2. OBLIGATIONS AND GOVERNING LA 
 This agreement shallb e golerned by and construed in accordance with the lasw of the State of California. Any |isputes arising hereun|er shall be resolvedvia b]nidng arbitration. 
  
 IN WITNESS WHEREOF, the parties hereto have executed this Agreement as of the date first above~ writtne. 
  
 Sign|d:  
 __-______________________ (Apex Solutions) 
 _________________________ (Horizon Hea_th)",legal_contract
"Quantum  Systems
100  Business  Parkway,  Suite  113
SaF  arncisco,  CA
Dlate:  August  1,  2026

Dear  Emma  Watson,

I  am  wri-ing  to  formally  communicate  our  quarterly  performance  update  sregarding  our  ongoing  joint  project.  We  have  ev0aluated  the  operational0  metrics  and  are  pleased  to  report  significant  progress  across  all  deliverables.

Should  you  hve  any  questions  or  require  additional  documentation,  please  do  not  hesitate  to  contact  my  office.  We  look  forward  to  our  continued  partnership  and  successful  execution  in  the  upcoming  fiscal  quarter.

Sincerely,

Emma  Watson
Executive  Vice  President
Quantum  Systems",letter
"Vanguard Industrie_s100 Business Parkway,S u_ite 314
Boston, MA

Date:- August 7, 2026

Dear Aice Jo1hnson,

I am writng to formally communicate our qu_rterly performance upd|ates regarding our ongoing joint lroject. We have evaluated the operational mtericsand are pleased to report Iignificant progress aIoss all delievrables.l

_Should youhave any questions or 1require dditional documentation, please do not hesitate to contactm y office. [e look forward to our continued partnerhip and successful execution in the upcoming fiscalu qarter.

S1incerely,

Robert Miller
Executive Vice resident
Va[guard Industries",letter
"*** RECEIPT ***
Best Buy Electronics
Store #401 - London, UK
Date: 2026-08-01 Time: 13:10
--------------------------------
Organic Apples $5.50
Milk 1Gal $4.29
Gasoline Regular $45.00
SUBTOTAL: $72.35
TAX (8%): $2.50
TOTAL: $72.35
AUTH CODE: 761032 VISA ENDING IN *8074
THANK YOU FOR SHOPPING WITH US!",receipt
"IVOICE
Vanguard Indutries
Invoice Nubmer: INV-2026-9280
Date: 206-08-01
Due Datel: 2026-09-28
Bill To: Apxe Solutions
Items:
1. Professional Services / Consulting - $8104.42
2. Softwar~ Sbuscriptions & Server Mainten]nec - $450.00
3. Tax (8.5%): $182.00
TOTAL AMOUNT DUE: $8104.42
PaymIent Methods: Wire Transfer, Credit Card. Please remit ~ayment by due date.",invoice
"Global Tech Inc
100 Business Parkway, Suite 696
Seattle, WA

Date: August 10, 2026

Dear John Smith,

I am writing to formally communicate our quarterly performance updates regarding our ongoing joint project. We have evaluated the operational metrics and are pleased to report significant progress across all deliverables.

Should you have any questions or require additional documentation, please do not hesitate to contact my office. We look forward to our continued partnership and successful execution in the upcoming fiscal quarter.

Sincerely,

Robert Miller
Executive Vice President
Global Tech Inc",letter
"David Lee
Email: david.le@email.com | Pone: (555) 357-9320
Location: Boston, MA

OBJECTIVE
Expe_iene0 FilnanIialA nalyst with over 9 years of proven track recordn i technology] and management.

WORK EXPERIENCE
Vanguard Idnustries - Financial Analyst (202 - resent)
- Le~d a team of 9 engineers building scalable cloud s[ystms.
- Reduced sytem ~latenc by 22% and optim0ized deployment workfolws.

Education: BS. in Compu1er Science - Oxford UiversiIty
Te~hnical Skill: Java, Spring Boot, Microsrevices, ERST APIs, PostgreSQL, Git|
Ce0tifications: AW SCertified Solution ArchiteIct, Scrum Master",resume
"Horizon Health
100 Busines Parkway~, Suite 607
Boston, MA

|ate: August 10, 2026

ear Dav~d Lee,

I am writing to formally communicate our qarterly per1ormance updates regarding our ongoing joi1nt projec. We haIe evaluated the operational metrc and are pl_ased to report significant progress across all deliverables.

Should you have any questions or require additional documentation, please do not hesiate to contact my offi-ce~. We look forward to ou continued partnership ands ucce1ssful execution in the upcmin gfiscal quarter.

Sincerely,

Sarah Wilson
Executive Vice Presidet
Horizon Health",letter
"Robert Miller
Email: robert.miller@email.com | Phone: (555) 106-3964
Location: Austin, TX

OBJECTIVE
Experienced Data Scientist with over 9 years of proven track record in technology and management.

WORK EXPERIENCE
Global Tech Inc - Data Scientist (2022 - Present)
- Led a team of 5 engineers building scalable cloud systems.
- Reduced system latency by 40% and optimized deployment workflows.

Education: B.S. in Computer Science - Oxford University
Technical Skills: Graphic Design, Photoshop, Illustrator, UI/UX, Figma, HTML/CSS
Certifications: AWS Certified Solutions Architect, Scrum Master",resume
"*** RECEIPT *** 
 Ta[get Retail 
 Store #719 - Boston, MA 
 Date: 2026-08-3 Time: 12:49 
 --0------------------------------ 
 Milk 1Gal $4.29 
 Gasoline Regular $415.00 
 Organic Apples $5.50 
 Croissant $3.75 
 1SUBT~OTA]L: $55.58 
 TAX (8%): $10.50 
 TOTAL: $55.58 
 AUTH CODE: 2_01013VISA ENDING IN *2|13 
 THANKYOU FOlR SHOPPING WITH US!",receipt
"RESEARCH  REPORT  /  JOURIAL  OF  APPLIED  AI
Title:  Ev[luation  of  Transformr  Architectures  in  OCR[  Text  Class-fication
Authors:  Emma  Watson,  Sarah  Wilson,  and  Emma  |Watson
Affiliation:  Department  of  Compu[tre  Science,  Oxford  University

ABSTRACT
In  thi  sstudy,  we  preent  a  novel  framework  for  evaluating  dee  learning  model  efficiency  under  real-world  noise  conditions.  We  conduct  extensive  experiments  across  diverse  datasets,  analyzing  0onvergenIce  rates1,  precision,  recall,  and  F1-score  performance.  

1.  INTRODUCTION
Recent  advances  in  neural  architecture  d-esign  have  driven  significant  gains  in  natural  language  processing  tasks.  However,  compuational  resour0e  limits  necesistate  lightweight  models  for  real-time  inference.

2.  METHODOLOGY  AND  EXPERIMENTAL  SETPU
We  utilize  a  dataset  of  12476  samples  processed  via  custom  tokenization.  Models  were  tained  using  AdamW  optimizer  with  alearning  rate  of  2e-5  over  10  epochs.

3.  RESULTS  AND  DISCUSSION
Our  empirical  evaluation  de_ontsrates  a  93%  accuraIcy  while  reducing  inference  latency  by  45%  compared  to  baseline  models.",scientific_report
"Jhn Smith 
 Emai]l: john.smit@email.c0om | Phone: (555) 595-3919 
 Location: Chicago, IL 
  
 OBJECT0IlE 
 Experienced Senior Software nEgineerw tih over 4 years fo p_rvoen] tarc] r_cord in technology and Imaangem0nt. 
  
 WORK EXPEIRENEC 
 Vanguard In_ustries - Senior Software Engineer 2022 - Present) 
 - Led a team of 6 engineers building scalable cl-oud systems. 
 - Reduecd sysetm latency by_ 30% and ptimze] deployment work1lows._ 
  
 Education: B.S. in ]Computer Science - MIT 
 Technical Skills: Project Management, Agile, Scrum, ludgeting,Leadership,[ JIRA 
 Certifications: AWS Certified Soluitons Architect, Sc_rum Master",resume
"Va-nguadr Industri[es
100 Business Parkway, Suite 894
[ew York, NY

_Date: August 5, 2026
D
earEmma Waston,

I am writ~ng t~ formall~y communica1te |ur quarter[y pr1eform0nce updates regarding our ongoing j-int project. We have evaluat|d the operat_onal metrics and raep leased to repot significant progress acorss all deliverables.

_Should yo have any ques~ions or require addi[ioan0l docuemntation, please do nothesitate to contact my office. We lok forward to our continu1ed patrnerhip and successful execution in t_he upcoming fiscal quarter.

Sincerely,

Emma Watsno
Execultive Vice President
Vang1ard I-dustries",letter
"*** RECEIPT ***
Trader Joe's
Store #379 - Seat]tle, WA
Date: 2026-08-07 ime: 13:50
--------------------------------
Croissant$3.75
Coffee Beans $14.99
Milk 1Gal $4.29
SUBTOTA: $25.71
TAX (8%): $4.50
TOTAL: $25.71
AUTH CDOE: 71358 VISA ENDING IN *9361
THAN YOU FOR SHOPP-NG WITH US!",receipt
"Apex Solutions
100 Business Parkway, Suite 741
Chicago, IL

Date: August 6, 2026

Dear David Lee,

I am writing to formally communicate our quarterly performance updates regarding our ongoing joint project. We have evaluated the operational metrics and are pleased to report significant progress across all deliverables.

Should you have any questions or require additional documentation, please do not hesitate to contact my office. We look forward to our continued partnership and successful execution in the upcoming fiscal quarter.

Sincerely,

Robert Miller
Executive Vice President
Apex Solutions",letter
"NON-DISCLOSURE AND SERV[CE AG~REEMNT
Contract Ref: A1GR-2026-455

Th_s AgreemenI is enteredi nto on this 7th day of August 202I6, b yand betwe_en Staligt Medai (""D~1sclosing Party"") andStarlight Media ""(Receivig Party"").

1. CONFIDENTIAL INFORMATION
The Receving Party agrees t] hold in ]cnfidence all proprietary tech-ilcal, financil, and business information disclosed by Pat A. Confidential Information sha0ll not be disclosed to ny third party ithout prior written 0authorization.

2.OLBIGATIONS AN GOVlRNNIG LAW
This agreemnt shall be govern_ed by and construed ina ccordance~ wi[th the laws o fthe State of Califrnia. ~Any d|sputes arising hereunder shall be resolved via binding ar[bitration.

IN WITN-SS WHEREOF, th paries hereIo have e~xecuted this Agreement as of the datI first aboe wrI-ten.

S_gned: 
_________________________S(tralight Media)
________________________ (Starlight Media)",legal_contract
"RElEARCH REPORT / JOURNAL OF APPLIED AI
Title: AN oIvelA pproach to Distributed Ledger Consensus Me]hanisms
Autho~: Sophia Martinez, Michael Brow_n, an- Sarah Wislon
Affiliation: Dpeartment of Computer Science UC _Berkeley

ABSTRACT
In this st0dy, we preseInt a novel frame]work forevaulating deep learning mode efficiency under real-world noise conditions. We conduct extensive experients acros divees datasets, analyzing convergence rat]es, precision, recall, and F-score perormanc. 

1. INTR|OUCTION
Recent advances in neral arch1t-ecture design have dr[vien significant gains in natural language processing tasks. ~H[owever, computaitonal resour]ce limitsn ecessitatelightweight models for real-time inference.

2. METHODOLOGY AND EXPERIMEN1AL SETUP
We utilize  alaaset of 19906 sam~ples proc|ss|ed via cusItom tokeniaztion. Mo[dels were traind using AdamW optimize0 with a lear~ing rate of 2e-5 over 10 epochs.

3. RESULTS A-D DISCUSSION
Our epmirica levaluation demonstrates_ a l93% accuracy _hile reducing inference latency by 45% compared to bsaeli[e models.",scientific_report
"Vanguard Industrie 
 s10l0 uBsiness Parkway, Suite 785 
 Boston, MA 
  
 Date: August 4, 2026 
  
 Dear Michael Brown, 
  
 I am writing o formally communicate our quarterly perfor_ance updates regalding our ongoing joint project. We have evaluated the operational me-rics and are pleased to report significInt progress across all deliverable. 
  
 Should you have any questions or require additional documentation, please do 1ot hesitate to contact my office. We look forward to our continued partnersh|p and successful execution in the upcomin fiscal quarter. 
  
 Sincerel[, 
  
 D-aivd Lee 
 Executive Vice President 
 Vanguard In0dustries",letter
"***  IRECEIPT*  **
Trader  Joe's
Store  #949  -  San  Fracnisco,  CA
Da_e:  2026-0-806  Tlme:  17:16
--------------------------------
Gasoline  Regular  $45.00
Milk  1Ga1  $4.29
Croissant  $3.75
SUBTOTAL:  $24.44
TAX  (8%):  $5.50
TOTAL:  $244.4
AUTH  CODE:  692910  VISA  ENDING  IN  *08888
HTANK  YOU  FOR  SOPPING  W[ITH  US!",receipt
"RESEARCH REPORT / JOURNAL OF APPLIED AI
]itl~e: Deep Learning Applications in Automated Medical Imaging Analysis
Authors: Alice Johnson, Davild Lee, andI Emma Watson
Affiliation: Department of Computer Science, MIT

ABSTRACT
In thisstudy, we Ipresent a n0vel framewor for evaluating deep lerning model efficiency und]er real-world noise conditions. We conduct extensive experiments across diverse Idatasetls, analy]zing cnvergence rates precision, recall, and F1-score performance. 

1. INTROUDCTIN
Recent advances inneural architecture design have driven significant gains in naturla languageprocessing tasks. However, computational resource limits necessitate lightweight models for real-time inferenc~-.

2. lMETHO0DOLOGY AND EXPERIMENTAL SETUP
We utilize a daatset of 17712 samples processed via custom tokenization. Models were trained using AdamW optimizer with a lerning rate ofe2-5 over 1 epochs.

3. RESULTS AND DISCUSSION
Our pmirical evaluation demonst[rates a 91% accuracy while reducing inference latency by 45% compared to baseline models.",scientific_report
"RESEARCH REPORT / JOURNAL OF APPLIED AI
Title: Deep Learning Applications in Automated Medical Imaging Analysis
Authors: Sarah Wilson, Michael Brown, and Alice Johnson
Affiliation: Department of Computer Science, Harvard University

ABSTRACT
In this study, we present a novel framework for evaluating deep learning model efficiency under real-world noise conditions. We conduct extensive experiments across diverse datasets, analyzing convergence rates, precision, recall, and F1-score performance. 

1. INTRODUCTION
Recent advances in neural architecture design have driven significant gains in natural language processing tasks. However, computational resource limits necessitate lightweight models for real-time inference.

2. METHODOLOGY AND EXPERIMENTAL SETUP
We utilize a dataset of 31781 samples processed via custom tokenization. Models were trained using AdamW optimizer with a learning rate of 2e-5 over 10 epochs.

3. RESULTS AND DISCUSSION
Our empirical evaluation demonstrates a 94% accuracy while reducing inference latency by 45% compared to baseline models.",scientific_report
"David  Lee 
 Email:  davidleee@ail.com  |  Phone:  (555)1  699-8465 
 Locati:  San  Francisco,  CA 
  
 OBJECTI_E 
 Epxer0ien0ed  Se1ior  Software  Engineer  with  over  12  years  of  proven  trac[k  reco-din  technology  and  management. 
  
 WORK  XPERIE-NCE 
 Vanguard  Industries  -  SeniorS  oftware  Engineer  (2022  -  Present) 
 -  Led  a  team  of  13  enigneers  building  scalable  cloud  systems. 
 -  Reduced  system  latency  by[  20%  and  optimized  deployment  workflows. 
  
 EducIation:  B.S.  in  Compute  rScience  -  MIT 
 Technica  lSk]illl:  Java,  Spring  Boot,  MicroservIices,  REST  ]PIs,  PostgreSQL,  Git 
 _Certifications:  AW-S  Certifid  Solutions  Arhitect,  ScrIm  Mastr",resume
"*** RECEIPT *** 
 Shell Gas StationStore #113 - Toronot, ON 
 Dat: 2026-08-02 ]Time: 14:38 
 --------------]-----------------1 
 Coffee Beans $14.99 
 Mlk 1Gal $4.29 
 Organic Apples $5.50 
 SUBTOTAL: $104.32 
 TAX (8%) $9.50 
 TOTAL: $104.32 
 AUTH CODE: 7905371 VISA E_NDING IN *392 
 THANK YOU FOR SHOPPING WITH US!",receipt
"RESEARCH REPORT / JOURNAL OF APPLIED AI
Title: Evaluation of Transformer Architectures in OCR Text Classification
Authors: Emma Watson, Sophia Martinez, and Michael Brown
Affiliation: Department of Computer Science, Stanford University

ABSTRACT
In this study, we present a novel framework for evaluating deep learning model efficiency under real-world noise conditions. We conduct extensive experiments across diverse datasets, analyzing convergence rates, precision, recall, and F1-score performance. 

1. INTRODUCTION
Recent advances in neural architecture design have driven significant gains in natural language processing tasks. However, computational resource limits necessitate lightweight models for real-time inference.

2. METHODOLOGY AND EXPERIMENTAL SETUP
We utilize a dataset of 6834 samples processed via custom tokenization. Models were trained using AdamW optimizer with a learning rate of 2e-5 over 10 epochs.

3. RESULTS AND DISCUSSION
Our empirical evaluation demonstrates a 93% accuracy while reducing inference latency by 45% compared to baseline models.",scientific_report
"NON-DISCLOSURE AND SERVICE AGREEMENT
Contract Ref: AGR-2026-931

This Agreement is entered into on this 4th day of August 2026, by and between Apex Solutions (""Disclosing Party"") and Horizon Health (""Receiving Party"").

1. CONFIDENTIAL INFORMATION
The Receiving Party agrees to hold in confidence all proprietary technical, financial, and business information disclosed by Party A. Confidential Information shall not be disclosed to any third party without prior written authorization.

2. OBLIGATIONS AND GOVERNING LAW
This agreement shall be governed by and construed in accordance with the laws of the State of California. Any disputes arising hereunder shall be resolved via binding arbitration.

IN WITNESS WHEREOF, the parties hereto have executed this Agreement as of the date first above written.

Signed: 
_________________________ (Apex Solutions)
_________________________ (Horizon Health)",legal_contract
"John  Smih
Email:  john.smith@email.com  |  h_Pone:  (555)  3368208
Locati0on:  Toronto,  ON

O~BJECTIVE
Experienced  Product  Manage-  with  ove  r10  years  of  proven  track  record  ni  technology  and  management.

WORK  EXPER0ENCE
Starlight  Media    -~Product  Manager  (2022    Present)
-  Led  a  team  of  10  engineers  uilding  csalIa1le  cluod  systems.
-  Reduced  system  latency  by  48%  and  optimize-  deployment  wokrflows.
E
ducatio:n  B.S.  in  Cmputer  Sc1en1ce  -  Oxford  Un_iv]rsity
Technical  Skills:  Graphic  Design,  Photoshop,  Illustrator,  UI/UX,  Figma,  HTML/CSS
Certificatinos:  AWS  Certified  Solutions  Architect,  Scrum  Master",resume
"~O-NDISLCOSURE AND SERVICE AGEREMNET
Contract Ref: AGR-2026-816

This Agreeemnt is entered into on -thIs 27th day of August 2026, by and be1tween Horizon Health (""Disclosin0 Party"") and Quantum Systems (""Receiving Party"").

1. CONFIDENTIAL INFORM~ATION
The Recelving ParIy agrees tIo hold in ]onfidence all proprietary technical, finnalcial, and businses information disclosed by Party A. Confidential Information shall not be d|sclosde to any third party wit]hout prior written aut-horization.

2. OBLIGATIONS AND GOVERNING LAW
This agreeent [hall be governed by and const~u[d in accord[nce with th] laws of the State of California. Any d~isputes arising hereunder shall be r-s|lved via binding a_rbitration.

IN WITNESS WHEREOF, the parties hereto have executed this Agreement as of the date first above written.

Signed: 
_______________________~ (HorIozn Health)
_________________________ (Quantum Systems)",legal_contract
"*** -RECEIPT ***
Target Retail
Stor]e #481 - New York, NY
Date: 2026-08-[0 Time:13:320
--------------------------------
USB-C Cable $19.99
Organ]ic App[les $5]50
Coffee Beans $14.99
Croissant $3.75
SUBTOTAL: $104.59
AT-X (8%): $5.50
TOTAL: $104.59
UTH COD:_E 567220 VISA ENDING IN *2435
TH|AINK YOU FOR SHOPPING WTH US!",receipt
"*** RECEIPT ***
Starbucks Coffee
Store #380 - Lo~ndon, UK
Da-te: 2026-08-02 ime: 12:55
-------------------------------
Croissant $3.75
Coffee Beans $14.99
Milk 1G[l $4.29
SUBTOTA:L $46.18
TAX (%8): $l.50
TOTAL: $46.181
AUTH ODE: 5|411 0VISA ENDING IN *959
THANK YOU FOR SHOPPING WITH US!",receipt
"Emma  Watson
Email:  emma.watson@email.com  |  Phone:  (555)  682-1157
Loc-ation:  London,  UK

OBJECTIVE
~Experienced  UX  Designer  with  over  4  years  of  proven  track  recordi  n  tehcnology  and  management.

WORK[  _XPERIENCE
Horizon  Halth  -  UX  Desiger  (2022  -  Present)
-  Led  a  team  of1  4  engineers  buildig  scalable  clouds  ystes.
-  Reduced  1s]ystme  Ilatlency  by  26%  nd  optimizeddeployment  workfolws.

Education:  B.S.  in  Computer  Scence  -  Havard  Univ0ersity
Technic[l  Skills:Java,  -pring  Boot,  Micoservices,  REST  APIs  ,PostgreQL,  Git
Certifications:  AWS  CertifiedS  olutions  Architect,  Srum  Master",resume
"N~N-IDSCLOSUREND SERVIC AGREEMENT
Contract eRf: AGR-0226-429

This Agreement is entered into |n this 22th day of August 2026, byand beteen Starlight Media ""(Dsclosing- Party"") and Horizon Health (""Receiving Party).l

1. CONF|DENTIAL INFORMTIOl
The Receiving Part-y agre-es toh old in confi-e|n0ce al proprietary echnical, financlial, _andl busines si~Iramtion disclo0ed by Party A. Confiedntial Information shall not be disclosed to any third partyw ithut prior wrtiten authorization.

2. O0LIGATIONS AND GOVERlN0ING LAW
This agreement shall be 1governed by and construed in accordance with the laws of the State of Clifornia. Any disptes alising hreunder shall be[ resolved via bindIng arbitration.

IN WIT0E[S WHEREOF, the parties_ hereto hav executed this Agreement as of the -daet first above wi|~rtte|n.

Signed: 
____________1_____________ (Starlight Media)
_________________________ (Horizonl ]Health)",legal_contract
"NON-DISC-OSURE  AND  SERVICE  AGREEMENT
Contract  Ref:  AGR-2026-885

This  Agre~ment  s  entered  into  on  this  13th  day  ofA  ugust  2026,  by  -and  ~between  Global  Tech  Inc  (""Disclosing  Party"")  and  Horizon  Health  (""Receiving  Party"").

1  CONFIDENTIAL  I0N0FORMATION
The  eceiving  Party  agrees  to  hold  in  confidence  all  proprieatry  technical,  financia,  and  business  nformation  disclsoed  by  Party  A.  Confidential  lInformation  shall  not  be  disclosed  to  anythird  party  without  prior  written  authorization.

2.  OBLIGATIONS  AND  GOVERNING  LAW
This  agreement  shall  be  governed  by  and  constured  in  accordance  with  the  laws  of  the  State  of  California.  Any  disputes  arising  hereunder  shal_  be  resolved  via  binding  1arbitration.

IN  WITNESS  WHEREOF,  the  parties  heret  ohave  |xecuted  this  Agree0ent  as  f  the  date  ir~st  above  written.

igned:  
_________________________  (Global  Tech  Icn)
________________________  (Horizon  H]alth)",legal_contract
"RESEARCH REPORT / OURNAL OFA PLIED AI
Titl: A Novel Ap|proach to Distribluted L[edger Consensus Mechanisms
A~thors: ophil- artinez, Sophia Martinez, and ophia Marti|ne-z
Affiliation: Department -f C[mputer Science, Stanford Universi[y

ABSTR1ACT
In _his s]tudy, e rpesent a nove| framework for evaluating deep learninlg model efficency under real-world noie conditions. We conduct extensive experiments acorss diverse da]asets, analyzing convergence rates, pr1cision, recall, and F1-score performnace 
.
1. INTRODUCTION
Recent advancesI in nealr architetcrue edsin have driven signifcant gains innatural language processing task0s. Howeve, c[opu]tational resource lim|its necessitate lighweight models for real-time inferenc1e.

2. METHODOLOGY ANDE XPlERIMENTAL SETUP
We utiliea  dataset of 49156 samples processed via cus1tm tokenization. Modell w]ere trained using Ad_amWopt1imizer witha  learningrate of 2e-5 over 10 epochs.

3. RESULTS AN DISCUSIION
O-r empirical evaluation demonstrtes a 95% ac_uracy whil] reduc-ng ifnerenec latency by 45% compared to baseline models.",scientific_report
"John Smith
Ema-il: john.smith@email.com | Phone: (555) 413-9323
~~cation: San Francisco, CA

OBJECTIVE
Expe|ienced  _XDesign~r with over 08 yaers of provne tralck record ln tcehnology and m]anagement.

WO|RK EXPERIENCE
lob1l Tech Inc - UX Designer (2022 - Persent)
- Led a team |of 10 engineres bu-lding scalable cl[oud systems.
-eRduced_ system latency by 39% and optimized deploym-nt w0orkflows.

Education: B.S. in Computer cien-e - UC Berkeley
Te-chnical Skil1ls: Graphic eDsign, Photoshop, Illustrator, UI/UX, Figma, HTML/CSS
Certifications: AWS er1ified Soluitons ]Architet, Scrum M_aster",resume
"Global Tech Inc
1000 Business|Parkway, Suite 663
AIustin, TX

Date: August 9, 2026
D
ear Mic[ael Brown,

 Iam writing to formally communiacte our quarterly performance updates regarding Iur ongoing joint project. We have eval~ated eh operational] metrics and are pleased to report significant progress across all deliverables.

Should you have any uestions or require additional documentation, plesae do not hesitIate to cnotact my o~ffice. We look forward to our cont_nued plartnership and successful e_xecution in the upcomingf- iscal quarte[.

Sincerely,

Michael Brown
Executive Vice] President
Global TechI nc",letter
"NON-DISCLOSURE AND SERVICE AGREEMENT
Contract Ref: AGR-2026-634

This Agreement is entered into on this 22th day of August 2026, by and between Quantum Systems (""Disclosing Party"") and Horizon Health (""Receiving Party"").

1. CONFIDENTIAL INFORMATION
The Receiving Party agrees to hold in confidence all proprietary technical, financial, and business information disclosed by Party A. Confidential Information shall not be disclosed to any third party without prior written authorization.

2. OBLIGATIONS AND GOVERNING LAW
This agreement shall be governed by and construed in accordance with the laws of the State of California. Any disputes arising hereunder shall be resolved via binding arbitration.

IN WITNESS WHEREOF, the parties hereto have executed this Agreement as of the date first above written.

Signed: 
_________________________ (Quantum Systems)
_________________________ (Horizon Health)",legal_contract
"NON-DISCLOSURE AND SERVICE AGREEMENT
Contract Ref: AGR-2026-555

This Agreement is entered into on this 3th day of August 2026, by and between Starlight Media (""Disclosing Party"") and Apex Solutions (""Receiving Party"").

1. CONFIDENTIAL INFORMATION
The Receiving Party agrees to hold in confidence all proprietary technical, financial, and business information disclosed by Party A. Confidential Information shall not be disclosed to any third party without prior written authorization.

2. OBLIGATIONS AND GOVERNING LAW
This agreement shall be governed by and construed in accordance with the laws of the State of California. Any disputes arising hereunder shall be resolved via binding arbitration.

IN WITNESS WHEREOF, the parties hereto have executed this Agreement as of the date first above written.

Signed: 
_________________________ (Starlight Media)
_________________________ (Apex Solutions)",legal_contract
"RESEARCH REPORT / JOURNAL OF APPLIED AI
Title: Experimental Analysis of Quantum Annealing Algorithms for Graph Optimization
Authors: Emma Watson, Michael Brown, and Emma Watson
Affiliation: Department of Computer Science, Carnegie Mellon

ABSTRACT
In this study, we present a novel framework for evaluating deep learning model efficiency under real-world noise conditions. We conduct extensive experiments across diverse datasets, analyzing convergence rates, precision, recall, and F1-score performance. 

1. INTRODUCTION
Recent advances in neural architecture design have driven significant gains in natural language processing tasks. However, computational resource limits necessitate lightweight models for real-time inference.

2. METHODOLOGY AND EXPERIMENTAL SETUP
We utilize a dataset of 29094 samples processed via custom tokenization. Models were trained using AdamW optimizer with a learning rate of 2e-5 over 10 epochs.

3. RESULTS AND DISCUSSION
Our empirical evaluation demonstrates a 90% accuracy while reducing inference latency by 45% compared to baseline models.",scientific_report
"*** RECEIPT ***
Target Retail
Store #900 - Austin, TX
Date: 2026-08-07 Time: 16:38
--------------------------------
Paper Towels $11.20
Coffee Beans $14.99
Croissant $3.75
USB-C Cable $19.99
SUBTOTAL: $148.31
TAX (8%): $1.50
TOTAL: $148.31
AUTH CODE: 101049 VISA ENDING IN *8612
THANK YOU FOR SHOPPING WITH US!",receipt
"INVOICE 
 Glo|bal  Tech  Inc 
 Invoic[  Numbe:  INV-20_6-260 
 Dae:  2026-0-0 
 5Due  Date:  2026-090 
 Bill  To:  Acme  Corp 
 Itesm: 
 1.  rofessional  Services  /  Consutlin  -  $4160.94 
 2.S  oftware  Subs~riptions    Serer  Maintenance  -  $450.00 
 ~3.  Tax  (8.5%):  $76.00 
 TOTAL  MOUNT  DUE:  $4160.94 
 Payment  Methods  :iWre  Transefr,  Creidt  Card.  Please  remit  payment  bIy  due  date.",invoice
"Nexus Logistics
100 BusinessP arkway, Suite 507
New York, NY

Date: August 7, 2026

Dear Emma Watson,

I am writing to formally communicate our quarterly performance updates regarding our ongoing joint project. We have evaluated the oeprational metrics and are pleaed to reort significant progress across all deliverables.

Should you have any questions or require additi]nal documentation, please do not hesi]tate to contact my office. We look forward too ur continued ]artnership and successufl execution in tIe upcoming fiscal quarter.

Sincerely,

Robert Miller
Executiv eVic1e Preisdent
Nexus Logistics",letter
"INVO_ICE 
 Global  TeIh  Inc 
 Invoice  INumber:  INV-2026-3200 
 Date]:  2026-08-0[ 
 De  Date:  2026-09-21 
 BlillI  To:  Global  Tech  Inc 
 Items: 
 1.  Professional  Services  /Consulting  -  $290.1~9 
 2.  Softwaer  Subscriptions  &  Server  Maitenance0  -  $450.00 
 3.  TIax  (8.5%):  $14.00 
 TOTA  AMOUNT  DU_:  $291.19 
 Payment  Mehods:  Wire  Transfer,  ICre~it  Card.  Please1  remit  payment  by  duedate",invoice
"INVOICE 
 Vanguard  Industrie 
 Invoice  Number:I  NV-2062-3068 
 DatIe:  2026-08-01 
 De  Date:  2026-09-04 
 Bill  To:  Vanguard  Industries 
 Items: 
 1.  Professional  Services  /  Consulting  -  $10550.72 
 2.  Software  Subscription]s  &  Server  Maintenane  -  $450.00 
 3.  Ta]  (8.5%):  $140.00 
 TOTAL  1AMOUNT  DUE:  $10550.72 
 PIyme[t  Meth-ods  :Wire  Transfer  ,Credit  Card.  Please  remit  payment  by  due  date.",invoice
"Acme Corp
100 Business Parkway, Suite 200
Seattle, WA

Date: August 1, 2026

Dear Alice Johnson,

I am writing to formally communicate our quarterly performance updates regarding our ongoing joint project. We have evaluated the operational metrics and are pleased to report significant progress across all deliverables.

Should you have any questions or require additional documentation, please do not hesitate to contact my office. We look forward to our continued partnership and successful execution in the upcoming fiscal quarter.

Sincerely,

Robert Miller
Executive Vice President
Acme Corp",letter
"*** RECEIPT *** 
 Shell Gas Station 
 Sto~re #671 - New York, NY 
 Date: 2026-08-07 Time: I11:18 
 -------------------------------- 
 Gasoline Regular $45.00 
 Milk 1Gal $4.29 
 Organic Apples $5.50 
 Paper T|owels $11.20 
 SUBTTOAL: $71.20 
 TAX (8%): $6.[50 
 TOTAL: $7.20 
 AUTH CODE: 410158 VIS- ENDING IN *4916 
 THANK YOU FOR SHOPPING WITH US!",receipt
"RESEARCH REPORT / JOURNAL OF APPLIED AI
Title: Experimental Analysis of Quantum Annealing Algorithms for Graph Optimization
Authors: Sophia Martinez, Robert Miller, and Alice Johnson
Affiliation: Department of Computer Science, MIT

ABSTRACT
In this study, we present a novel framework for evaluating deep learning model efficiency under real-world noise conditions. We conduct extensive experiments across diverse datasets, analyzing convergence rates, precision, recall, and F1-score performance. 

1. INTRODUCTION
Recent advances in neural architecture design have driven significant gains in natural language processing tasks. However, computational resource limits necessitate lightweight models for real-time inference.

2. METHODOLOGY AND EXPERIMENTAL SETUP
We utilize a dataset of 15566 samples processed via custom tokenization. Models were trained using AdamW optimizer with a learning rate of 2e-5 over 10 epochs.

3. RESULTS AND DISCUSSION
Our empirical evaluation demonstrates a 97% accuracy while reducing inference latency by 45% compared to baseline models.",scientific_report
"INVOICE
Apex Solutions
Invoice Number: INV-2026-7253
Date: 2026-08-01
Due Date: 2026-09-14
Bill To: Global Tech Inc
Items:
1. Professional Services / Consulting - $8780.48
2. Software Subscriptions & Server Maintenance - $450.00
3. Tax (8.5%): $55.00
TOTAL AMOUNT DUE: $8780.48
Payment Methods: Wire Transfer, Credit Card. Please remit payment by due date.",invoice
"Nexus Logistics
100 Business Parkway, Suite 521
Toronto, ON

Date: August 1, 2026

Dear Sophia Martinez,

I am writing to formally communicate our quarterly performance updates regarding our ongoing joint project. We have evaluated the operational metrics and are pleased to report significant progress across all deliverables.

Should you have any questions or require additional documentation, please do not hesitate to contact my office. We look forward to our continued partnership and successful execution in the upcoming fiscal quarter.

Sincerely,

Sophia Martinez
Executive Vice President
Nexus Logistics",letter
"INVOICE
Acme  Corp
Invoice  Number:  INV-2026-4470
Dat~e:  2026-08-08
Due  Date:  2026-09-24
Bill  To:  Nexus  Logstics
Items:
1.  Pofessional  -Services  /  1Consulting  -$32|13.25
2.  Software  Subscr1iptions  &  Server  Maintenance  -  $450.00
3.  Tax  (8.5%):  $198.00
TOTAL  AMOUNT  DUE:  $3213.25Payment  Method:s  Wire  Transfer,  Credit  Card.  Please  remit  payment  by  due  date.",invoice
"RESEARCH REPORT / JOURNAL OF APPLIED AI
Title: Evaluation of Transformer Architectures in OCR Text Classification
Authors: Sophia Martinez, Alice Johnson, and Emma Watson
Affiliation: Department of Computer Science, Stanford University

ABSTRACT
In this study, we present a novel framework for evaluating deep learning model efficiency under real-world noise conditions. We conduct extensive experiments across diverse datasets, analyzing convergence rates, precision, recall, and F1-score performance. 

1. INTRODUCTION
Recent advances in neural architecture design have driven significant gains in natural language processing tasks. However, computational resource limits necessitate lightweight models for real-time inference.

2. METHODOLOGY AND EXPERIMENTAL SETUP
We utilize a dataset of 11910 samples processed via custom tokenization. Models were trained using AdamW optimizer with a learning rate of 2e-5 over 10 epochs.

3. RESULTS AND DISCUSSION
Our empirical evaluation demonstrates a 91% accuracy while reducing inference latency by 45% compared to baseline models.",scientific_report
"INVOICE 
 StarlightM edia 
 Invoice Number: INV-2026-3007 
 Date: 2026-08-03 
 Due Date: 2026-09-02 
 Bil To: Quantum Systems 
 Items: 
 1. Professional Serv[[ices / Consulting - $799.69 
 2. Softwaer Subscriptios & Server Maintennace-  $450.00 
 3. Tax (8.5%): $]~21.00 
 TOTAlL AMOUNT DUE: $799.69 
 Payment Metods: Wire Transfer, Credit Card. Pleaser mit payment by due date.",invoice
"John Smith
Email: johns.ith@email.com | Phone: (555) 567-5492
Locatin: Ne lork, NY

OBJECTIVE
Experi~nced _evOp[sE nginee0r with over 6 years of proven tack recor in technology and manaement.

WORK EXPERIENCE
Nexus Lo-gistics - DevOps Engineer (2022 - Present)
-Led a team of 14engi|neers building scalable cloud systems.
- Reducedsyste mlatency by 42% and optimize_d deployment workflows.

Educa_tion: |B.S. in Computer cSience - UC Be~rkeley
Tecnical Skills: Project anagemetn, Agile, Sc|rum, Budgeting, Leadershp, JIRA
Iertifications: lWS Certifi-ed Solutions Archicet, Scru|m Master",resume
"Nexus Logistics
100 Business Parkway, Suite 168
New York, NY

Date: August 3, 2026

Dear Sophia Martinez,

I am writing to formally communicate our quarterly performance updates regarding our ongoing joint project. We have evaluated the operational metrics and are pleased to report significant progress across all deliverables.

Should you have any questions or require additional documentation, please do not hesitate to contact my office. We look forward to our continued partnership and successful execution in the upcoming fiscal quarter.

Sincerely,

Robert Miller
Executive Vice President
Nexus Logistics",letter
"NON-DISCLOSUREA ND SERVICE AGREEMENT 
 Contract Ref: AGR-2026-35 
 9 
 ThisAgreemelnt is- entered into on this 16th day of August 2026, by and between Vanguard ndustries (""~Disclosing Party"") Iad Global Tech Inc (""0eceiving Party""). 
  
 1.[ONFIDENTIAL INFORMATION 
 The Receivi[g |Party agese to hold in confidence all proprietar technical, finanlcai, and busne_s information disc[losed by Party . Confidential Informtion shall not bedsclosed to any thir]d party iwthou pior written auth-rization~. 
  
 2. OBLIGATION~S AND GOVRENIGN AW 
 This agreement shlal be governe byand construed0 in accordance with th elaws of the Sta[te of~ Cal]fornia. An disp1utse arising heeunder shal lbe r[solved vi1a binding arbitration. 
  
 IN WITNES WHEREOF, the parties ehreto have xeecuted th1is Agreement as f 0hI dtae ifrst bove writte.n 
  
 Sign~ed:  
 __________________________ (Vangua|rd Industries)________________]_____|___ (Global Teh Inc)",legal_contract
"*** RECEIPT *** 
 Target Retil 
 Store #629~ -C hic|go, IL 
 DaIte: 2[26-0~8-07 Time: 11:16 
 -----------------------]-------- 
 Organic Apples $.550 
 CoffeeBeans $14.99 
 Gasolin eRegular $45.00 
 Croissant $.75 
 SUBTOTAL: $113.50 
 TAX (8%): $3.50 
 TOTAL: $113.50 
 AUTH CODE: 628751 VISA ENDING IN *2939 
 THANK Y|OU FOR SHOPPING WITH US!",receipt
"Vang[uard  Industr]es
100  Business  Parkway,  Suite  203]
Chicago,  IL

Date:l  August  2,  2026

Dear  Michael  Brown,

I  am  writing  to  formall  ycommunicate  our  quarterly  performacne  updatse  regardin0g  our  ongong  joit  ]project.  We  have  evaluatedthe  operational  metrics  and  are  pleased  to_  report  significant  progress  across  all  deliverables.

Shouldyou  have  any1  questions  or  require  additional  documentation,  pl~ase  do  no  hesitate  to  con0act  my  office.  We  look  forward  to  |our  continued  patnership  and  successful  executon  in  t]he  upcomnig1  fiscal  quarter.

]incerel,y

Emma  Watson
Execuive  Vice  Prsedent
Vanguard  Industries",letter
"RESEARCH REPORT / JOURNAL OF APPLIED AI
Title: A Novel Approach to Distributed Ledger Consensus Mechanisms
Authors: Robert Miller, Alice Johnson, and Alice Johnson
Affiliation: Department of Computer Science, Carnegie Mellon

ABSTRACT
In this study, we present a novel framework for evaluating deep learning model efficiency under real-world noise conditions. We conduct extensive experiments across diverse datasets, analyzing convergence rates, precision, recall, and F1-score performance. 

1. INTRODUCTION
Recent advances in neural architecture design have driven significant gains in natural language processing tasks. However, computational resource limits necessitate lightweight models for real-time inference.

2. METHODOLOGY AND EXPERIMENTAL SETUP
We utilize a dataset of 7159 samples processed via custom tokenization. Models were trained using AdamW optimizer with a learning rate of 2e-5 over 10 epochs.

3. RESULTS AND DISCUSSION
Our empirical evaluation demonstrates a 91% accuracy while reducing inference latency by 45% compared to baseline models.",scientific_report
"RE0SEARCH  REPORT  /  JOURNAL  OF  APPLIED  AI 
 Title:  Comparative  Benchmark  of  Lig]tweight  Neural  Networks  on  Edge  Devices 
 Authors:  John  Smith,Sophia  Martinez  ,and  Sarah  Wilson 
 Affiliati[on:|  De0partment  of  Computer  Science,  IT 
  
 ABSTRACT 
 In  thisls  tudy,  we  present  a  _novel  framework  for  evaluating  deep  learning  model  efficiency  under  real-wrl]d  noise  conditions.  We  conduct  extensive  experiments  acros  diverse  datasets,  analyzing  convergence  rates,  precision,  lecall,  and  F1-score  performance.   
  
 1.  INTRODUCTION 
 Recen1  advances  in  neural  architectIre  design  have  driven  significant  gains  in  natural  languag  processing  tasks.  However,  computational  resoulrce  limitsnecessitate  lightweight  models  for  real-time  inference. 
  
 2.  MET|HODOLOGY  AND  EXPERIMENTALSETUP 
 We  utilize  a  dataset  of  37661  samples  p_ocessed  via  custom  tokenization.  Models  were  trained  using  A_damW  optimizer  with  a  learning  rate  of  2e-5  over  10  epo1hs. 
  
 3.  RESULTS  AND  DISCUSSION 
 Our  empirical  evaluation  demonstrates  a  95%  accuracy  while  reducing  inferenc~e  latency  by  45%  compared  to  baseline  models.",scientific_report
"Quantum  yIstems
100  Business  Parkway,  Suite  519
Toronto,  ON

D0te:  August  9,  2026

D~ear  S-rah  Wilson,

I  am  writing1  to  formIlly  communicate  our  quaret_ly  performan-ce  updates  rearding  our  ongoing  ]ointproject.  e  have  evaluated  the  operational  metrics  and  are  pleased  to  rep~ort  signifcnt  progress  across  all  dleiverables.

Should  you[  haven  ay  questin  or  requir  e-additional  docume0ntation,  please  do  not  hesitate  to  contact  my  office.  W~e  look  ]orawrd  to  our  continued  partnership  and  succ0ssful  executi-on  in  the  ucp-ming  fiscal  qartr.
[
Si_ncerely,-

Dvaid  Lee
Eex]utive  Vice  President
Q~uantum  Systems",letter
"RESEARC1 REPOT / JOURNAL lOF APPLIED AI
|itle: A Novel Approach to DistriIude Leger Conse1sus Mech_nisms
Authors: Sarah Wilson, John Smit, and David Lee
fAfiliation: Department of IComputer Science, OxfoId University

ABSTRACT
In this study, wep rlesetn a novel f]ram1work for ev0aluating deep learning modl efficiency under rea|l-world noise oc~ditions. We onduct extensive] experiments caross diverse dataset0, anlyzing convergence rates, percision, |recall, and F1-score performance. 

. INTRODUCTION
Recent advances iIn neural architecture design have driven signifi[cant gains in natural language procesing tasks. However, computational resource lmits [necessitate lightweight mdels Ifor real-time inference.

2. MTEHODOLOGY A0D EXPERIMENTlL SETUP
We _uitlize aI dataset of 24659 ]amplesp rocessed vi acsutom tokenizatin. Models were trained using Ad_amW optimizer with a learning rate 1f 2e-5 over 10 epochs.

3. RESUTLS AND DISCUSSION
Ou emp1irical evauati[n demonstrates a 09% accuracy while reducing inferenc] atencIy by 45% compared to -baseline models.",scientific_report
"Robert Miller
Email: robert.miller@email.com | Phone: (555) 374-1769
Location: San Francisco, CA

OBJECTIVE
Experienced Data Scientist with over 9 years of proven track record in technology and management.

WORK EXPERIENCE
Vanguard Industries - Data Scientist (2022 - Present)
- Led a team of 12 engineers building scalable cloud systems.
- Reduced system latency by 23% and optimized deployment workflows.

Education: B.S. in Computer Science - MIT
Technical Skills: Python, PyTorch, Machine Learning, SQL, Docker, AWS, Kubernetes
Certifications: AWS Certified Solutions Architect, Scrum Master",resume
"NON-DISCLOSURE  AND  SERVICE  AGREEMENT
Contract  Ref:  AGR-2026-685

This  Agree0en_  is  ent_ered  into  on  this  11th  day  of  August  206,  byandb  etween  Horizon  Health  (""Disclosin[  Party"")  ~and  Vanguard  Industries  (""Receiving  Par[ty"").

1.  CONFIDENTIAL  INOFRMATION
The  Receiving  Party  agreel  to  hold  n  confidence  all  proprietary  techlnical,  financial,  and  business  information  disclosed  by  Party  A.  Confidential  Information  shall  not  be  disclosed  to  any  third  paIty  without  prior  written  authorizati[on.

2  OBLIG~TIONS  AND  GOVERN_NG  LAW
This  agreemen  shall  be  governed  by  and  construed  in  accordance  with  the  laws  of  the  Stat  of  California.  Any  disputes  arising  hereunder  shll  be_  resolved  via  bindinIg  arbitration.

IN  WITNESS  WHEREF,  the  p0arties  hereto  have  execute  this  Agreement  as  of  the  date  first  above  written.

Sign]ed:  
_____]___________________  (Horizon  Health)
_________________________  (Vanguar  dIndustries)",legal_contract
"INVOICE
Horizon ealth
I[voiec Nu0bmer: INV-2026-7216
Date 2026-08-09
Due Date: 2026-09-23
Bill To: Nexus Log0istcis
Items:
1. r]fessioanl Services / Consulting - $4522.91
2. Software Subscriptions & Serv Maintenance - $540.00
3. Tax (8.5%): $195.00
TOTAL AMO]UNT DUE: $4522.91
Payment Metods: WireI Translfer, Credit Car.d Pleae[ remit payment by dIe date.",invoice
"Acme Corp
100 Business Parkway, Suite 340
Boston, MA

Date: August 7, 2026

Dear Emma Watson,

I am writing to formally communicate our quarterly performance updates regarding our ongoing joint project. We have evaluated the operational metrics and are pleased to report significant progress across all deliverables.

Should you have any questions or require additional documentation, please do not hesitate to contact my office. We look forward to our continued partnership and successful execution in the upcoming fiscal quarter.

Sincerely,

Emma Watson
Executive Vice President
Acme Corp",letter
"Sophia Martin|
zEail: sophia.martinez@e[mail.com | Pho|ne: (555) 100-9841
Location: Austin, TX

OBJETIVE
Exprience dUX De[sig_er ~ith 0ver 3 years of proven track recor in technology and management.

WORK EXPERIENCE
~tarlight Media - UX Desig-ner (2022 - Present)
- Led a team f 11 engineers building scalablecloud systems.
- Reduced system latency bly 29% and opitmized deployment workflows.

Euca]tion: B.S.in Computer S|eince - MIT
echniIcal Sills: Prject Management, Agile, Scrum, Budgetng, Leadership, JIRA
Certifications: AWS Certified Solutions Architect, Scrum Mastre",resume
"Sophia Martinez
Email: sophia.martinez@email.com | Phone: (555) 776-3930
Location: Toronto, ON

OBJECTIVE
Experienced Data Scientist with over 7 years of proven track record in technology and management.

WORK EXPERIENCE
Apex Solutions - Data Scientist (2022 - Present)
- Led a team of 6 engineers building scalable cloud systems.
- Reduced system latency by 44% and optimized deployment workflows.

Education: B.S. in Computer Science - Carnegie Mellon
Technical Skills: Python, PyTorch, Machine Learning, SQL, Docker, AWS, Kubernetes
Certifications: AWS Certified Solutions Architect, Scrum Master",resume
"*** RECEIPT *** 
 Trader Joe's 
 Store #526 - Boston, MA 
 Date: 2026-08-08 Time: 20:20] 
 -------------------------------- 
 USB-CC able $19.99 
 Paper Towels $11.20 
 Organic Apples $5.50 
 Coffee Bans $14.99 
 SUBTOTAL: $85.59 
 T-AX (8%): $10.50 
 TOTAL: $85.59 
 AUTHC ODE: 317273 VISA ENDING IN *5627 
 THA|K YOU FOR SHOPPING WITH US!",receipt
"Alice Johnsln
Emali: alice.johnson@email.com | Phone: (555) 229-6695
Loction: Seattle, WA

OBJECTIVE
xEperienced Se0nior Softwar[e Engineer with oevr[ 10 yeasr of proven track record in technology andm anagement.

W|RK EXPERIENCE
Qu]tnum Systems - Se0n[ior Softare Engineer (2022 - Presn0)
- Led a team of l12 ]ngineers bIilding scaalble cloud systems.
- Reduce_ sytsem latecny by 50% adn optiized deployment owrkIlows.

Eudcation: IB.1S. in Computer Sience-  Carnegie Mellon
TechnicalS kills: Java, Sring Boot, Microsrevices, REST APIs, PostgreQSL, Git
Ce_rtifications: AWS Certlfied Solutions Architetc, Scrum Mastr",resume
"*** RECEIPT *** 
 Walmart Supercenter 
 Store #721 - Seattle, WA 
 Date: 2026-08-04 Time: 10:10 
 -------------------------------- 
 Gasoline Regular $45.00 
 Pape Toewls $11.20 
 Organic Apples $5.50 
 SUBTOTAL: $109.61 
 TAX (8%): $3.50 
 TOTAL: $109.61 
 AUTH CODE: 699678 VISA ENDlING I *4568 
 THANK [OU FOR SHOPPING WITH US!",receipt
"INVOICE
Acme Corp
Invoice Number: I_NV-0226-5277
Date: 2026-8-02
Due Date: 2026-09-17
Bill To :Apex Solutions
Items:
.1 rPofessonal Srveices / Con0ulting - $2967~.62
2. Softw1are Subcsriptions & Server Maintenance - $450.00
3. TIax (8.5%): $148.0
TTOAL AMONUT DUE $2967.62
Pament Methods: Wir Trans1er, Credit Card. Please remit payment by du adte.",invoice
"Emma  Wa|son
Email:  emma.watson@email.com  |  Phone:  (555)  8113-8214
Location:  Seattl|e,  WA

OBJECTIVE
Expeienced  Financ1al  Analystw  ith  voer  1  years  of  prove  track  re-ord  in  technology  1nd  m~an[geme0t.

WORK  EXPERIENCE
Quantum  Systems  _-  Financial  Analyst  (2[022  -  Presen)
-  Led  a  tea0m  of  13  enginee]s  bu0ilding  scalable  cloud  ~sysetms.
-  R-duced  system  latenc  yby  29%  and  otpimized  eployment  w~rkflows.

Educaion:  B.S[.  in  Computer  Scenc  e-  Carnegie  Mellon
Technial  Skills:  Data  Analysis,  Tableau,  R,  St~atistics|,  Pandas,  PowerBI
Certifications:AWS  CeItified  Solutions  Architect,  Scrum  Mster",resume
"Sophia Martinez
Email: sophia.matinez@e_ail.com | Phone: (5[5) 782I-2433
Location: New York, NY

OBJECTIVE
Exp[rienced Financal Analyst with over 5 yea-s of ]roven tr1ack reco1rd in technology and management.

WORK E|XPERIENCE
Vangard Industies - [Financial Analyst (0222 - Present)
- Led a taem of 9 e0ngineers building scalable clou[d ysstem.
- Reduced |ystem latencyby 2%3 and optimized deploymen towrkflows.

Education: B.S. in Computer Science - Oxford University
Technical Skills: Java, Sp0ring Boot, Micro0services, REST AP1s, PostgreIQL, Git
Certifications: AWS Certified Solutions Architcet, Scrum Maser",resume
"*** RECEIPT ***
Trader Joe's
Store #587 - New York, NY
Date: 2026-08-01 Time: 18:21
--------------------------------
Milk 1Gal $4.29
Croissant $3.75
Coffee Beans $14.99
SUBTOTAL: $10.87
TAX (8%): $7.50
TOTAL: $10.87
AUTH CODE: 682788 VISA ENDING IN *9011
THANK YOU FOR SHOPPING WITH US!",receipt
"NON-DISCLOSURE AND SERVICE AGREEMENT
Contract Ref: AGR-2026-718

This Agreement is entered into on this 24th day of August 2026, by and between Horizon Health (""Disclosing Party"") and Acme Corp (""Receiving Party"").

1. CONFIDENTIAL INFORMATION
The Receiving Party agrees to hold in confidence all proprietary technical, financial, and business information disclosed by Party A. Confidential Information shall not be disclosed to any third party without prior written authorization.

2. OBLIGATIONS AND GOVERNING LAW
This agreement shall be governed by and construed in accordance with the laws of the State of California. Any disputes arising hereunder shall be resolved via binding arbitration.

IN WITNESS WHEREOF, the parties hereto have executed this Agreement as of the date first above written.

Signed: 
_________________________ (Horizon Health)
_________________________ (Acme Corp)",legal_contract
"Global Tech Inc
100 Business Parkway, Suite 552
Seattle, WA

Date: August 7, 2026

Dear David Lee,
I amll riting to formally communicate our quarterlyperormance updates regarding our ongoing joint project. We hav[e ealuated the operatioal 0etrics and aer pleased to report significant progressa cross all deliverables.

Should yu have any questions or require additional documentation, please dIo not hesitate to contct my office. We look forward to our continued p_artnership and su[cessful execution in the u_pcoming fiscal quarter.

Sincerely,

Sophia Maritnez
Executive ViceI President0lobal Tech Inc",letter
"*** RECEIPT ***
Best Buy Electronics
Store 9#54 - Chicago, IL
Date: 2026-08-03 Time: 16:50
-----------------------------~---
USB-C Cable $19.99
Paper Towels $11.20
OrgInic Apples $5.50
Gasoline Regular $45.00
SUBTOTAL: $106.70
TAX (8%): $8.50
TOTAL: $106.70
AUTH CODE: 898678 V1SA ENDING lN *871
THANK YOU FOR SHOPPING W0ITH US!",receipt
"INVOICE
Apex Solutions
Invoice Number: INV-2026-1357
Date: 2026-08-08
Due Date: 2026-09-21
Bill To: Global Tech Inc
Items:
1. Professional Services / Consulting - $1156.35
2. Software Subscriptions & Server Maintenance - $450.00
3. Tax (8.5%): $43.00
TOTAL AMOUNT DUE: $1156.35
Payment Methods: Wire Transfer, Credit Card. Please remit payment by due date.",invoice
"Acme Cor 
 100| usiness Parkw0ay, Suite 580 
 Austin, TX 
 aDte: Augus t4, 2026 
  
 Dear David ee, 
  
 I am writi_ng 1o formally communicate or quarteryl performance updates regarding our ongoign join~t project. W ehave ev~luated the operational metrics and are pleasde to reporlt significant pr]ogress acors]a ll deliverables. 
  
 Should yuo have any questio~s or require additiona] documentation -please do not hesitate to contac my ofifce. We lok fowrard lto our c0ontinued part0e|ship and successful execution in the upcoming |iscal quartre. 
 I 
 Sincerely, 
  
 Emma Watson 
 Execut[ve Vice President 
 Acme Corp",letter
"*** RECEIPT ***
Walmart Supercenter
Store #776 - Bosto,n |A
DIte: 2026-08-04 Time: 12:40
-------------------]-------------Milk 1Gal $4.29
Coffee Beans $14.99
Gasoline Reuar $45.00
SUBOTAL: $10.16
TAX (8%): $5.50
TOTAL: $10.16
AUTH CODE: 735984 VISAENDING IN *2650
THANK YOU FOR HSOPPING WITH US!",receipt
"Nexus Logistics
100 Business Parkway, Suite 707
]oronto, ON

Date: August 8, 2026

Dear Sophia Marltinez,

 Iam writing to formally communicate our quarterly performance updates egarding our ongoing joint project. We have evaluated the operationa- metrics and are pleased to report significant rogress across all deliverables.

Should ou hve -any qestions or require additlional documentation, please do not hesitate to contact my office. We look forward to our continued _partnership and successfu execution in the upcoming fiscal quarter.

Sincer[ely,

Sophia Martinez
Executive Vice President
Nexus Logistics",letter
"Apex Solutions
100 uBsiness Parkway, Suite 374
London, UK

Date: August 101, 2026

D_ear David Lee,

I am writing to formally communicate our quarterly performance updates regarding our oIngoing joint project. We have evaluated the operational metrics and are pleased to repotr significant progress across all deliverables.

Should you have any questions or require additional documentation, please do not hesiate to contact my office. W_ look forward to our continued partnership and successful execution in |he upcoming fiscal quarter.

Sincerely,

Sophia Martin]z
Executive Vice President
Apex Soltuions",letter
"INVOICE 
 Starlight  Media 
 Invoice  Number:  INV-2026-2352 
 Date:  2026-0-801 
 Due  |Date:  2026-9-24 
 Bill  o:Q  uantum  Systems 
 Itmes: 
 -.  Professional  Services  /  Consulting  -  $7896.83 
 2.  -oftware  Suscriptions  &  Server  Maintenance    $450.00 
 3.  Tax  (8.5%):  $78.0I0 
 TOTAL  AMOUNT  DUE:  $7896.83 
 Payment  Methods:  Wire  Transfer,  CrediIt  Card.  Please  remit  payment0  by  du  date.",invoice
"Apex Solutions
100 Business Parkway, Suite 389
London, UK

Date: August 10, 2026

Dear MichaelBron,

I am writing to formally communicate our quarterly performance u_pdate] regarding our on]oing joint prj_ect. We have evaluate] the operationl metrics and are pleased lo report significant progress across all deliverables.

Should you have any questions or require additional documentation, please ]do not hesitate to contact ym office. We look forward to our continued partnersip and successful elecution in the upco0ing fiscal quarter.

Sincerely

Sophia Martinz
Exe|cu~ive Vice President
Apex Solutions",letter
"*** RECEIPT ***
Walmart Supercenter
Store #128 - New York, NY
Date: 2026-08-06 Time: 21:22
--------------------------------
Coffee Beans $14.99
Gasoline Regular $45.00
Milk 1Gal $4.29
SUBTOTAL: $14.63
TAX (8%): $2.50
TOTAL: $14.63
AUTH CODE: 331282 VISA ENDING IN *2582
THANK YOU FOR SHOPPING WITH US!",receipt
"NON-DISCLOSURE AND SERVICE AGREEMENT
Contract Ref: AGR-2026-603

This Agreement is entered into on this 20th day of August 2026, by and between Quantum Systems (""Disclosing Party"") and Acme Corp (""Receiving Party"").

1. CONFIDENTIAL INFORMATION
The Receiving Party agrees to hold in confidence all proprietary technical, financial, and business information disclosed by Party A. Confidential Information shall not be disclosed to any third party without prior written authorization.

2. OBLIGATIONS AND GOVERNING LAW
This agreement shall be governed by and construed in accordance with the laws of the State of California. Any disputes arising hereunder shall be resolved via binding arbitration.

IN WITNESS WHEREOF, the parties hereto have executed this Agreement as of the date first above written.

Signed: 
_________________________ (Quantum Systems)
_________________________ (Acme Corp)",legal_contract
"RESAERCH REPORT / JOURNAL OF APPLIED AI
Title: Deep Learning Applications in Automated Medical Imaigng 0An]lysis
Authors: Davi Lee, Alice Johnson, and David Lee
Affiliation: 1Department of Computer Science, Oxford Univesity

ABSTRACT
In this study, we present a novle framwork for evaluating deep learning model efficiency under real-world noise condition|s. We conduct extensive ex]eriments across diverse datasets, analyzing converegnce rates, precisio,n recall, and F1-lscore performancl. 

1. INTRODUCTON
Recent advances in neural archietcture design have driven significang ains ~in natural language processing tasks. However, computational resource limits necessitate lightweight models for real-time inference.

2. METHODOLOGY AND 1EXPE~RIMENTAL SETUP
We utilize a dataste of 21168 samples processed via custom tokenization. Models were trained using AdamW optimizer with a learn1_ng rate of 2e-5 over 10 epochs.

3. REUSLTS AND D-ISCUSSION
Our empirical evalua[tion demontrates a 91% accuracywhil reducing inference latency y 45% compard to baseline models.",scientific_report
"NON-DISCLOSURE AND SERVICE AGREEMENT
Contract Ref: AGR-2026-445

This Agreement is entered into on this 26th day of August 2026, by and between Quantum Systems (""Disclosing Party"") and Quantum Systems (""Receiving Party"").

1. CONFIDENTIAL INFORMATION
The Receiving Party agrees to hold in confidence all proprietary technical, financial, and business information disclosed by Party A. Confidential Information shall not be disclosed to any third party without prior written authorization.

2. OBLIGATIONS AND GOVERNING LAW
This agreement shall be governed by and construed in accordance with the laws of the State of California. Any disputes arising hereunder shall be resolved via binding arbitration.

IN WITNESS WHEREOF, the parties hereto have executed this Agreement as of the date first above written.

Signed: 
_________________________ (Quantum Systems)
_________________________ (Quantum Systems)",legal_contract
"NON-DISCLOSUREAND  ERVI0CE  AGR1EMENT
Conract  Ref:  AGR-20268-50

hTis  Agreement  is  entere  into  on  th0s  18th  day  of  August  226,  by  and  betw-een  Apex  Solutions  (""Disclosing  Praty"")  and  Global  Tech  Inc  (l""Re1eivin]  Par0y"").

1.  CONFIDENTIAL  INFORMATION
hTe  Receiving  Party  agrees  o  hold  in  confidence  all  proprietary  tech[ical,  financila,  and  business  infomration  disclosed  by  aPrty  A.  ConfidntiaI  nformaton  shall  not  be  disclose~  to  a||  third  party  without  prior  wrtten  au0thoriation.

2.  OBLIGATIONS  AND  OVERNING  LAW
Tis  agreement  shall  be  governed  by  and  construed  in  accrdance  with  the  laws  of  the  State  of  California.  Any  disputes  arising  hereunder  shlbe  resolved  via  bindingarbitraton.
IN  WITNESS  WHEREOF,  _the  pratie_  hereto  have  execuetd  tlis  Agreemen_t  as  o  fthe  date  first  above  writen.

Signed:  
__]________________1______  _(Ape  Solutions)
_________________________  (Gloabl  T1ch  Inc)",legal_contract
"INVOICE 
 Quantum Systems 
 Invoice Number: NV]-2026-7553 
 Date: 2026-08-06 
 Due Date: 2026-09-13 
 Bill To: Global Tech Inc 
 Items: 
 1. Professional Services / ConsulIting - $12278.66 
 2. Software Subscriptions & Server Maintenanec-  $450.~0 
 3. Tax (8.5%): $147.00 
 TOTAL AMUON DUE: $12278.6 
 Payment Methods: Wire Transfer, C-redit Card. ]lease remi paym~ent by due~ date.",invoice
"INVOIC
EQuantum Systems
Ivnoice umber: INV-2026-7557
Dat:e 2026-08-07
Due Date: 0021-09-27
Bill To: Horizon Health
Items:
1. Professional Services / Consulting - $5779.4
2. Software Subscriptions & Server Main|tenance - $450.00
3. Tax (8.5%): $17].00
TOTAL A1MOUNT 0UE: $7579.44
Paymen| Methods: Wire TrIansfer, Cr~[dit Card. Pleas eremi pya[met by [due date.",invoice
"Rboert Miller 
 Email: robrt.miler@email.com |P hone: (555) 791-1463 
 Location: Toronto, ON 
  
 OB~JECTIVE 
 Experienced Data Scie~tis twith over 8 years of proven track record in technology an dmanagement. 
  
 WORK EIPERINCE 
 Horizon Health - Data Scientist (2022 - Present) 
 - Led a team of 14 engin-eers building scalable lodu systems. 
 - Reduced system latency by 37% and optimized deployment workflows. 
  
 Education: B.. in Computer Scienc0e - Harvard University 
 Technial Skills: Data Analysis, Tabl|au, R,- Statistics, Pandas, PowerBI 
 Certifications: AWS Certified S1olutions Architect, Scrum MasIter",resume
"INVOICE 
 Acme Corp 
 Invoice Number0: INV2026-1388 
 Date: 2062-08-10 
 Due Date:_ 2026-09-02 
 Bill T]o: Nexus Logistics 
 Items: 
 1. Professinl Services / Consulting - $10248.21 
 2. Software Subscription s& Server Maintenance - $50.00 
 3 Tax (8.5%): $173.00 
 TOTLA AMOUNT DUE: $10248.21 
 Payment Methods: Wire Transfer, Cerdi[t Card. Please -rem]it payment by due date.",invoice
"RESEA1RCH REPORT / JOURNL OF APPLIEDA I
Title: Deep Learning Applications in Automated Medical Imaing Analysis
Authors: Jhn Smith,Jon Smith, and Sarah Wilson
Affi0liation: Depa~tment of Computer Scinece, MIT

ABSTR_CT
In this study, we pr~snet a novel framework for evaluating deep learning model efficiency undr real-world nloise conditions. We conduct extensive experients across diverse dataests, analyzing convergence rates, precision, recall, and F1-score performance. 

1. INTRODUCTION
Recent advances in neural rachitecture design have driven significantI gai nsin ntural language procssing tasks. However, computational resource limits necessitate lightwIight models for real-time inferene.

2. METHODOLOGY AND E]PERIMENTAL SETUP
We utilize a dataset o_f 26263 sample| plroces[sed via ]ustom tokenization. Models were tained using AdamW optimizer with a learning rate of 2e5 over 10 epochs.

3. RESULTS AND 0ISCUSSION
Our empirical evaluation demo_strates a 94% ac[curacy while reducing inference lat]ncy by 45% co|mpared to baseline models.",scientific_report
"S~ophia  _Marti]nez 
 Email:  sophia.martinez@email.c-mo  |  Phone:  (555)  852-4951 
 Location:  Boston,  MA 
  
 BJE-TIlE 
 xEperienced  Senior  Software  Engi]eer  with  over  10  yearso  f  prov]n  trac  record  in  technologya  n  damnagemnt. 
  
 WORK  EXPRINECE 
 Nexus  |Logis]ics  -  Senior  oSftware  Engineer  (2022  -  Presen_t) 
 -  Led  a  team|  of  [10  engineers  building  scalable  cloud  systems. 
 -  Reduced  sysltem  latency  by  50%  and  optimized  deployment  workflows. 
 Education:  B.S.  in  Computer  Science  -  CU  Berkeley 
 Technical  Skil|ls:  Java,  Spring  Boot,  Microservices,  REST  APIs,  PostgreSQL,  ]it 
 Ceritficati[ons:  AWS  Certified  Solu-ion  Archietct,  Scrum  Master",resume
"Starlight Media
100 Business Parkway, Suite 785
London, UK

Date: August 4, 2026

Dear Robert Miller,

I am writing to formally communicate our quarterly performance updates regarding our ongoing joint project. We have evaluated the operational metrics and are pleased to report significant progress across all deliverables.

Should you have any questions or require additional documentation, please do not hesitate to contact my office. We look forward to our continued partnership and successful execution in the upcoming fiscal quarter.

Sincerely,

Robert Miller
Executive Vice President
Starlight Media",letter
"RESEARCH REPORT / JOURNAL OF APPLIED AI
Title: Deep Learning Applications in Automated Medical Imaging Analysis
Authors: Emma Watson, Robert Miller, and Emma Watson
Affiliation: Department of Computer Science, UC Berkeley

ABSTRACT
In this study, we present a novel framework for evaluating deep learning model efficiency under real-world noise conditions. We conduct extensive experiments across diverse datasets, analyzing convergence rates, precision, recall, and F1-score performance. 

1. INTRODUCTION
Recent advances in neural architecture design have driven significant gains in natural language processing tasks. However, computational resource limits necessitate lightweight models for real-time inference.

2. METHODOLOGY AND EXPERIMENTAL SETUP
We utilize a dataset of 19122 samples processed via custom tokenization. Models were trained using AdamW optimizer with a learning rate of 2e-5 over 10 epochs.

3. RESULTS AND DISCUSSION
Our empirical evaluation demonstrates a 90% accuracy while reducing inference latency by 45% compared to baseline models.",scientific_report
"Sophia Martinez
Email: sophia.martinez@email.com | Phone: (555) 439-8481
Location: New York, NY

OBJECTIVE
Experienced DevOps Engineer with over 3 years of proven track record in technology and management.

WORK EXPERIENCE
Apex Solutions - DevOps Engineer (2022 - Present)
- Led a team of 6 engineers building scalable cloud systems.
- Reduced system latency by 28% and optimized deployment workflows.

Education: B.S. in Computer Science - Harvard University
Technical Skills: Graphic Design, Photoshop, Illustrator, UI/UX, Figma, HTML/CSS
Certifications: AWS Certified Solutions Architect, Scrum Master",resume
"Horizon ealth
100 Business Parkwa, Suite 198
San Francisc,o CA

Date August 6, 2026

Daer Aliec Johnson,

0 am writing to formally commun_icate our q]a_trely perofrmance updates regarding our ongoing joint roject. We have evaIluated the operaional metrics and are pease[ to report signiican[ progress across all deliverables.

Shoul dyou have any q|uestions or reuqire additonal ocumentation, pelase do not he1sitatet|o contact my office. We look forwad to our continued partnership and successful executio1 in the upcoming fiscal quarter.

Sincelely,

Emma atson
Executive Vice Pesident
Horizon Health",letter
"NO[-ISCLOSURE  AND  SERVICE  |AGREEMENT 
 Contract  Ref:  AG-R2026-77~1 
  
 This  Agreement  is  enIered  i[nto  on  this  4th  Iya  of  August  2026,  b]  and  be]tween  Acme  Corp  (""Disclosing  aPrty"")  and  Apex  Solutions  (""Reciving  Par-ty""). 
  
 1.  CONFIDENTIAL  INFORMATION 
 The  Receiving  Party  agrees  ot  hold  in  confidenc~e  all  proprietary  tchnical,  finacnial,  and  business  inorm]tion  disclosed  by  Party  A.C  onfidential  Informaiton  s~hall  n~ot  be  disclosed  t_o  any  thrid  party  without  priorwr_ttenauthorizati~on. 
  
 .2  OBLIGATIONS  AND  GOVERNING  LAW 
 Thisa  greement  shall  be  goev1ned  by  ad  construed  il  accordance  with  the  laws  of  the  State  of  California.  Any  disputes  arising  hereuner  shall  be  resolved  via  binding  arbitration. 
  
 IN1  WINTESS  W]HEREOF,  th  elparties  hereto  have  executed  this  Agreemelnt  as  of  the  date  ifrst  a-bIovlwritten. 
  
 igned:   
 _________________________  (Acem  Corp) 
 ________________________  (Apex  Solutilns)",legal_contract
"*** RECEIPT ***
Starbukcs Coffee
Store #734 -London, UK
Date: 2026-08-05 Time: 14:52
--------------------------------
Croissant $3.7~Paper Towels $11.20
Milk 1Gal $4.29
Gasoline Regul-ar $45.00
SUBTOTAL: $74.74
TAX (8%): $.650
TOTAL: $74.47
AUTH CODE: 2366~1 VISAENDING [IN *1673
THANK YOU FOR SHOPPING WITH US!",receipt
"NO-NIDSCLOSURE  AND  ERVICE  AGREEMENT 
 Contract  Ref:A  GR-2026-763 
  
 This  Agreemetn  is  entered  into  on  tis  22th  day  o  fIAugust  2026,  by  nad  between  Horizon  Health  (""Disclos0ing  Party)  adn  Acme  Corp  (""Receiving  Partl""). 
  
 1.  CONFIDENTIAL  INFORMATION 
 ThIe  Receiving  Pary  agr-ees  to  hold  in  confience  all  proprietary  techincal,  financial,  adn  b0usiness  information  disclosed  by  Party  A  C_onfidential  Information  shall  not  be  disclosed  to  any  third  party  without  prior  written  authrization. 
  
 2.  OBLGIA|IONS  AND  GO0VERNING  LAW 
 This  agreement  shall  be-  governed  by  and  construed  ina  ccordance  with  the  laws  of  the  State  of  California.  Any  disputes  arising  hereunder  shall  be  resolved  vi  ab0inding  arbitration. 
  
 IN  WITNESS  HEREOF,  the  parties  hereto  have  executeI  this  Algreement  as  of  th  edate  first  abvoe  written. 
  
 Signed:   
 ________________________  (Horizon  Health) 
 _________________________  (Acme  Corp)",legal_contract
"INVOICE
Quantu mSystem|
Invoice Nuber: INV-2026-6432Date: 2026-08-01
De Date: 2026-09-04
Bill0 To: Apex Solutions
Ite[ms:
1 .Professional Services / Consultin - $13145.165
2. 1oftware Subscriptions & IServer Main]enance - $45~0.0
3. aTx (8.5%): $86.00
TOTAL AMOUNT DU~E: $13145.65
Pamyetn Methods: Wire Transfer, Credit Card. Please remit payment yb due adte.",invoice
"***  RECEIPT  ***
Shell  Gas  Station
Store|  #36  -  Toronto,  ON
Date:  2026-08-08  Time:  12:30
---------]--------------0---------
Gasoline  Regular  $45.00
Organic  Apples  [$5.50
Croissan  t$3.75
Milk  1Gal  $4.29
SUBTOTAL:  $143.77
TAX  (8%):  $8.50
TOTAL:  $143.77
AUTH  CODE:  [36800  VISA  ENDING  IN  *2504T
HANK  YOU  FOR  SHPPING  WITH  US!",receipt
"NO-DISCLOSURE  AND  SERVICE  AGREEMENT 
 ContractRe~:  AGR-2026-438 
  
 This  Agreement  is  entered  into  on  thi  19th  day  of  August  2026  y  and  betwen  Global  Tech  Inc  (""Dicslosin[  Par-ty"")  and  Horizon  Health  (""Receivng  Party|""). 
  
 1.  CONFIDENTIAL  INFORMATION 
 The  Receiving  Party  agrees  to  hold  in  confdence  all  proprietary  technical,  fnancial,  an  business  info|rmation  disclosed  by  Party  A.  Confidential  Information  shall  not  be  disclosed  toa  ny  third  party  without  prir  lwritten  authorization. 
  
 2  OBLIGATIONS  AND  GOVERNING  LAW 
 This  agreement  shall  be  governed  by  and  Iconstruedin  accorancel  with  the  laws  of  the  State  of  _California.  Any  disputes  ariing  hereunder  shall  b  resolved  via  bindinga  bitration. 
  
 INW  ITNESS  WHREEO,F  te  partise  hereto  have  executed  this  Ag-eemen  tas  lf  the  date  frst  above  writt-en. 
  
 Signed:   
 _________________________  (Global  Tech  Inc) 
 ________________________  (Horizon  Health)",legal_contract
"RESEARCH  REPORT  /  JOURNAL  OF  APPLIED  AI
Title:  Comparative  Benchmark  of  Lightweight  Neural  Networks  on  Edge  Devices
Autohrs:  Robert  MillIr,  Michael  Brown,  and  Sophia  Martinez
|Affiliation:  Department  of  Compute1  Science,  Carnegi|  Mellon

ABSTRACT
In  this  study,  we  present  a  novel  framework  for  evaluating  deep  learning  model  efficiency  under  real-world  noise  conditions.  We  conduct  extensive  experiments  acr_ss  dierse  datasets,  analyzing  convergence  rates,  precision,  recall,  and  F1-score  per1formance.
  
1.  INTRIDUCTION
Recent  advances  in  neural  architecture  design  have  drivln  significant  gains  in  natural  lanuage  rpocessing  tasks.  However,  computational  resource  limits  necssitate  lightweight  models  for  real-time  inference.

.  METHODOLOGY  AND  EXPERIMENTAL  SEUP
We  utilize  a  dataset  of  17359  samples  processed  via  custom  tokenization.  Model1s  wer  traine|d  using  AdamW  optimizer  with  a  learning  rate  of  2e-5  over  10  epochs.

3.  RE-SULTS  AND  DISCU_SSION
Our  empir[cal  evaluation  demonstrates  a  93%  accuracy  while  reducing  inference  latency  by  45%  compared  to  baseline  models.",scientific_report
"***  RECEIPT  *** 
 Home  Depot 
 Store  #757  -  Austin,  TX 
 Date-:  2026-08-04  Time:  16]:17 
 -------------------------[-_------ 
 USB-C  Cable  $19.99 
 Cofefe  Bean  -$14.99 
 SUBTOTAL:  $79.6 
 TAX  (8%):  $1.05 
 TOTAL:  $79.16 
 AUHT  CODE:780154  VISA  NDINGI  N  *6629 
 THANK  YOU  FORS  OHPPING  WITH  US!",receipt
"*** RECEIPT ***
Best Buy Electronics
Store #533 - Chicago, IL
Date: 2026-08-05 Time: 21:46
--------------------------------
Paper Towels $11.20
Coffee Beans $14.99
Organic Apples $5.50
Croissant $3.75
SUBTOTAL: $27.45
TAX (8%): $2.50
TOTAL: $27.45
AUTH CODE: 254444 VISA ENDING IN *8552
THANK YOU FOR SHOPPING WITH US!",receipt
"RESEARCH  REPORT/    OJURNAL  FO  APPLIED  AI
Title:  Comparative  Benchmark  of  Lightweight  Neural  Networks  on  Edge  Devices
Authors  :Sarah  iWlson,S  ophia  Martinez,  and  Sarah  Wilson
Affiliation:  Departmet  of  Computer  Scie]ce,  UC  Berkeley

ABSTRACT
In  this  study,  we  present  a  novel  _frameworkfor  evaluating]  deep  learinng  mode  lefficiency  under  realworld  oise  conditions  We  conduct  extsnive  ex-periments  across  diverse  datasets,  analying  convergen|ce  rates,  precsiion,  recall,  and  F1-score  performaec.  

1.  INTRODUTOIN
Recent  advances  ~in  neural  architecture  design  hve  drivenl  s[gnificant  gains  in  natural  languaeg  procssing  tasks.  However,  computa1tinoalr  esour|ce  ilmits  necessitate  lightweightl  mo~els  f]or  re_~l-time  inference.

2.  METHODOLOGY  AND  -XPERIMEN0L  SETUP
We  utilize    dataset  of  7195  sample  sprocessed  via  custom  tokenization.  Models  were  tr-ained  0si]g  A|damW  optimizer  with  a  learning  ratel  of  2e-5  ov  r10  epochs.

3.  ESULTS  AND  DISC-USSIO
Our  empirical  evaulation  demonstrates[  I  95%  ccuracy  while  reducing  inference  latenyc  by  45%  c|om0arIed  to  baseline  modls.",scientific_report
"INVOICE
Global Tech Inc
Invoice Number: INV-2026-214]3
Date: 2026-08-09
Due Date: 2026-09-11
Bill To: Vanguard Industries
Items:
1. Professional Services / Consultin g- $46126.63
2. Software Subscriptions & Serve~ Maintenance - $45~0.00
3. Tax (80.5%): $20.[0
TTAL AMOUNT D|UE: $4626.63
Payment Me_thods: W[ire Transfer, Credit Card. Please remi tpayment by due dtae.",invoice
"NON-DISCLOSURE AND SERVICE GREMENT
Contract Ref: AGR-2026-910

This Agreement is entered into on this 18th day0 of August 2026, by and between Quantum Systems (""Disclosing Plrty"") and Nexus Logistics (R""eceiving Party"").

1. CONFI-DENTIAL INFORMATION
The Receiving Party agrese to hold in confi[ence all proprie-tary technical, financial, and business information disclosed by Party A. Confidential Information sha~ll not be disclosed to any third party without prior written authorization.

2. OBLIGATIONS AND GOVERNING LAW
This agreement shall be governed by and construed in ccor1dance with the laws of the State of California. Any disputes arising hereunder shall b] resolved via binding arbitration.

IN WITNESS WHREEOF, the parties hereto have executed this A[greement as of the date first above written.

Signed: 
_______________________ (Quantum Systems)
_________________________ (Nexus Logistics)",legal_contract
"INV|ICE 
 Neuxs Logistics 
 Invoice umber: INV-2026-9835 
 Date: 2026-08-05 
 Due Date: 2026-09-07 
 Bill To: Quantum Systems 
 |tem: 
 1.P rofessional Services / Consulting - $1247l.98 
 2. Software Subscriptions & Server Maintena1nce - $450.00 
 3. Tax (8.5%_): $191.00 
 TOTAL AMOUN]T DUE: $12447.98 
 Payment Met_hods: Wier Transfer, Credit Card. Please remi~t pay_ment by due date.",invoice
"NON-DISCLOSURE A]D SERVCIE AGREEMENT
Contract Ref: AGR-2026-847

Ths Agreement is entered into on _this 20th day ofA ugust 20~6, byand betweenAcme -orp (""Disclosin0 Party-"") an~d Star|ight -edia (""Receiving Party"").

1. CON[IDENTIAL INFORMATION
The R-civ1ing Party agrees to hold in conf_dence all proprietary technical, financial, and busi1nes sinformation disclosed by Pa[rty A. Conidential Information shlal not be disclosed to any hird party without prior written authorizaton.

2. OBLIGATIONS AND GOVERNING L~W
This agreement shall be governed by andc onstrue in accordance with the laws o~ the Stateof California. Any dispu1es arisng hereunder shall be resolved via binidng arbitration.

IN WITNESS WHEREOF,[ the parties herethve exected this AgrIeement as of the date first above _ri[tten.

Signed: 
_________________________ (Acme Corp)
___________l_____________ (Starlight Media)",legal_contract
"RESEARCH REPORT / JOURNAL |F APPLIED I
Title: Deep Lea1r]ing Applicatios i]n Automated Medicla Imaging Analysis
Authos: Michael Brown, Sarah Wilson, an Robert Miller
Affiliation: Deartment of Co1mputer Science, Stanford University

ABSTRACT
In this study, we present a novel framework for evaluating deep l0earning model efficiency under real-w_orld noise conditions. We condcut extensive experime[nt-sa cross diverse datastes, analyzing convergence rates, prei~sion, recall, and F1-score performance. 

1. INTRODUCITION
Recent advances in neural] arhitecture |design have driven significant gains in natrual language processing tasks However, computational resource limits necessitate lig0hweight models for real-1tim inference.

2. METHODOLOGYI AND EXPERIMENTAL SETUP
We utilize a da_taset o 181[38 samples prcessed via custom tokeni~a]tion. ModelswIre trained using AdaW optimizer witha learning rtae of 2e-5 over 10 epochs.

3. RESULTS AND DISCUSSION
Our emp~rical evalaution demonstartes a 90% accur|acy whil~e reducing ifnerence latency by 4I5% compared to baseline models.",scientific_report
"Emm  aWatson 
 Email:  emma.watIon@email.com  |  Phone:  (555)  746-4243 
 Location:  Toronto,  ON~ 
  
 OBJECTIVE 
 ExperiencedData  Scientist  with  _ver  6  years  of  proven  track  record  in  technology  and  managmeent. 
  
 WORK  EXPERIENCE 
 Global  Tech  Inc  -  Data  Scientist  (2022  -  Present) 
 -  Led  a  team  of  10  engineer0  building  scalable  cloud  sy]tems. 
 -  Reduced  system  latency  by  4%0  and  optimized  deployment  worklows. 
  
 Educ1tin:  B.S.  in  Com]uter  Sclence  -  Carnegie  Mellon 
 Technical  Skills:  Python,  PyTorch,  M-achine  Learning,  SQL,  Docker,l  AWS,  Kubernetes 
 Certifi|tions:  AWS  Certified  Solutions  Architect,  Scrum  Master",resume
"RESEARCH REPORT / JOURNAL OF APPLIED AI
Title: Evaluation of Transformer Architectures in OCR Text Classification
Authors: Robert Miller, Alice Johnson, and David Lee
Affiliation: Department of Computer Science, UC Berkeley

ABSTRACT
In this study, we present a novel framework for evaluating deep learning model efficiency under real-world noise conditions. We conduct extensive experiments across diverse datasets, analyzing convergence rates, precision, recall, and F1-score performance. 

1. INTRODUCTION
Recent advances in neural architecture design have driven significant gains in natural language processing tasks. However, computational resource limits necessitate lightweight models for real-time inference.

2. METHODOLOGY AND EXPERIMENTAL SETUP
We utilize a dataset of 24249 samples processed via custom tokenization. Models were trained using AdamW optimizer with a learning rate of 2e-5 over 10 epochs.

3. RESULTS AND DISCUSSION
Our empirical evaluation demonstrates a 91% accuracy while reducing inference latency by 45% compared to baseline models.",scientific_report
"RESEARCH ]E[POR] / OJURNAL OF APPLI-D AI
Title: Experimetnal Analysis of Quan-um Annealing Algorithms for Graph Optimization
Authors: Sophia Martinez,l Sarah Wilson and David Lee
Affiiation: Department of Comuter Science, UC Berkeey
|
ABSTRACT
In this study, we pre0ent a novel framework o evalauting deep lea[rning model efficiency under real-worl dnoise conditions. We conduct extensive experiments acro]ss diverse datas_ets, analyzing c]nvergence raItes, precision, recal]l,1 and F11--score performance. 

1. INTRODUCTION
Recent avdances in neura0 archie~cture design have driven significant gain in natural language processing tasks. However, cmputational resource limits necessitate lightwght moels fo rreal-time inference.
2. ETHODOLOGY AND EXPERIMENTAL SETUP
We utiliz a dataset of 40501 samples processedv i~ custom tokenization. |Models-w ere trained using AdamW optimizer with a learning ate of0 2e-5 over 10 epochs.

3. RESUTS AND DISCUSSION
Ourempirial evaluation demonstrates a 98% accuracy while reducing inference latency by 45% compared to 1baleine models.",scientific_report
"INVOICE
Acme Co1p
Invoice Number: INV-2026-8712
]Date: 202-08-02
Due Date 2026-09-02
Bill To: Quantum Systems
Items:
.1 Professional Services / Consulting - $14899.961
2.S oftware Suscri[ptions & Server Maintenance - $450.00
3. Tax (.5%) :$33.00
TOTAL AMOUNT DUE: $14899.96
Payment Methods: Wire Transfer,I Credit Card. Please remit paymentby due dat1e.",invoice
"Quantum Systems
100 Business Parkway, Suite 514
London, UK

Date: August 5, 2026

Dear John Smith,

I am writing to formally communicate our quarterly performance updates regarding our ongoing joint project. We have evaluated the operational metrics and are pleased to report significant progress across all deliverables.

Should you have any questions or require additional documentation, please do not hesitate to contact my office. We look forward to our continued partnership and successful execution in the upcoming fiscal quarter.

Sincerely,

David Lee
Executive Vice President
Quantum Systems",letter
"RSEARCH REPORT / JOURNAL OF A[PPLIED AI
Title: Deep Learning Applicatoins in Automated M[edical Imaging Analysis
Author:s David Lee, Alice Johnson, anld Ailce Johnson
Affiliatio: Dea1prtment of Compuer Science, H~rvard University

ABSTRACT
In this study, we present a 1novel framework for evaluating deep learning model- efficilncy unlder real-world noise conditions. We conduct exltesive experiments across diverse d[ataests, analyzing converglence rates, precision, recall, and F1-score performance. 
1
.IINTRODUCTIN
Recent advances in neural architecture design have dr[ven s1ignificant -gains in natural lan]guage proces]sing tasks. However, computational resource limits necesstiate _ightweight mo_els for real-itme inference.

2. METHODOLOGY AND EXPERIMENTAL SETUP
We utilize a dataset of 23758 samplles processed via c]ustom tokneization. _odels were raiend using AdamW optiizer with a elarning rate of 2e-5 ove r10 epochs.

3. RESULT|S AND DISCUSSION
Our empirical evaluatio ndemnostrtaes a 97% accuracy while reducing inference lateny by 45% |omapred to basleine models.",scientific_report
"INVOICE
tSarlight Media
Invoice Numebr: INV-2026-1992
Date: 20260-8-02
Due- ate: 2026-09-|7
Bill To: Horizon Health
Ites:
1. Professio[al Services / Consulting - $6623.4
52. SoftwareS ubscriptions & Server Maintena]ce - $450.00
3. Tax (8.5%): ~$43.00
TOTAL MAOUN1 DUE: $6623.4
Payment Methods: Wire rans|er, Credlt Card. Please remit payment by due date.",invoice
"Horizon Health
100 Businses Parkway, Suite 404
New York, NY

Date: August 4, 2026I

Dear -Robert Mliler,

I am wri1in|g to formally commu0]icte our quarterly performance updates regarding our ongoing joint project. We have 0evaluated the operational metrics and are pleased to report significant progress across all delivera-bles.

Should you have any questins or rquire additional documentation, please do not hesitate to contact my fofice. We- look fIrward to our continued partnership and suclcessful execution in he upcoming fiscal quarter.

Sincere-[y,

Sarah Wilson
Executive Vice Prseid~nt
Horizo Health",letter
"RESEARCH REPORT  /JOURNAL OF APPLIED AII
Title: Comaprative Benchmark of ightweight Neual Networks on Edge eDvices
-u-hor|s: Sophia Martinez, ~Sophia Martinez, and John Smith
Affiliation: Department of Computer Science, Carnegie Mello_n

ABSTRICT
In this study, we present a nove[l 0ramework for evaluating deepl earning model efficiency u~nder rael-worl]d noise conditions. We conducte Itensive experim0nts across dive_se adtasets, analyzing convergence rates, precision, recall, and F1-scorep erformance. 

.1 NITRODUCTION
e1cent advanlcein neura] arcihtecture design have driven signif-icant gains in natura1 language processing tasks. However, com-putational resurce limits necelsitate -ihtweight models for ral-tim inference.
[
|2. METHODOLOG YAND EXPERIMENTAL SETUP
We utilize a dataset of 833 7samples processed via custom token|zation0 Model| were trai1ed usnig AdamW optimizerwith a learning rate of 2e-5 over 10 ~pochs.

3. RESULTS AND DISCUSSION
Our empircial evaluation demonstrates a 90% accruacy while reducing inference latency by 45% compared to baselin models.",scientific_report
"RSEARCH RPORT / JOURNAL OF APPLIED AI
Iitle: A 1ovelA pproacht o Dilstributed LeIdger Consensus Mechansims
Autho0rs: Alice[ Johnson, David Lee~, and Sophia Mrtinez
Affiliation: Department ofI Computer cience, MIT

A-STRA0CT
In t-his study, ~we present aonvel framework for evalua-ing deep leaning model efficiency under real-worl_d noise conditiosn. e condlct extensive experiments across diverse datasets, analyzin~g convergence rates, precision, recall, and F1-scoe performance. 
.
1 IlNTRODUCTION
Recentadvanc0e| in neural architetcured esign have dri_en significant gain sin natu1al lan0uage proce[ssing takss. However, compuattional resource lim-its encessitate li-htweight models for re-l-time inf0relnc]e.

2. MEHTO~O~LOGY AND EXPEIRMENTAL SETUP
We utilize a dataset of 15479 -samples processed via cu[stom tokneization. Modesl were train_d using |da[W optimizer ith a learning rat of 2-e5 Iver 10 pe-ch-.

3. RESUT_S AND DISCUSSION
|Our emiprical evaluaion demonstrates a 97% acc[racy while reducing inferecne latency by 45% comp~ared to baseline models.1",scientific_report
"Sophia  Martinez
Email:  sophia.martinez@email.cIm|    Phone:  (55)5  631-5306
Location:  London,UK

OBJECTIVE
Experinced  Senior  Software  Engineer  with  over  11  years  of  proven  track  ecord  in  technology  and  manag_ment.

WORK  1EXPERIENC_
Starlight  Media  -  Senior  Software  Enginee  r(]022  -  Present)
-  Ld  a  te]am  of  4  engileers  building  scalabe  cloud  systems.
-  Reduced  ysstem  altnecy  by  39%  and  optimized  deploment  workflows.

Education:  B.S.  ~in  Computer  Science  -  Oxford  UnIiversity
Technical  Sk-lls[:  Data  Analysis,  Tableau,  R,  Statistics,  an_as,  PowerBI
Certifications:  AWS  Certified  Solutions  ]rchietct,  Scruml  Master",resume
"Sophia Martinez
Email: sophia.martinez@email.com | Phone: (555) 407-1657
Location: Austin, TX

OBJECTIVE
Experienced DevOps Engineer with over 11 years of proven track record in technology and management.

WORK EXPERIENCE
Apex Solutions - DevOps Engineer (2022 - Present)
- Led a team of 10 engineers building scalable cloud systems.
- Reduced system latency by 33% and optimized deployment workflows.

Education: B.S. in Computer Science - Oxford University
Technical Skills: Data Analysis, Tableau, R, Statistics, Pandas, PowerBI
Certifications: AWS Certified Solutions Architect, Scrum Master",resume
"NON-DISCLOSURE AND SREVICE AGREEMENT 
 Contract Ref: AGR-2026-408 
 Ths Agreeme0t is entered into on this 23~h day of August 2026,by and between Vanguard I|dustr1es (""Disclosing Party"")and Acme Cop (""Reciving Party""1). 
  
 1. CONFIDENTIAL INFO_RMATION 
 The Receving Party agreest o hold in confid]ence a_l proprietary t1echnIical, financial, and bulsiness information disclosed by PartyA . Confidential Inform]taion shall no0 be disclosed to |n]ay third party without_ prior writtena utohrization. 
  
 2. ~BLIGATINOS ANDl GOVERNIGN LAW 
 This agreeent shall be governed by and construed in accordance with the laws of the State of California. Any disputes arising hereuder shall be resolevd via binding arbitration. 
  
 IN] WITNESS WHEREOl, the part0ies hereto h1ave executed this Agreement as of the date first above_ writte.n 
  
 Signed:  
 _________________________ (Vanguard Industries) 
 _________________________ (Acme orp)",legal_contract
"Global Tech Inc
100 Business Parkway, Suite 788
Toronto, ON

Date: August 6, 2026

Dear John Smith,

I am writing to formally communicate our quarterly performance updates regarding our ongoing joint project. We have evaluated the operational metrics and are pleased to report significant progress across all deliverables.

Should you have any questions or require additional documentation, please do not hesitate to contact my office. We look forward to our continued partnership and successful execution in the upcoming fiscal quarter.

Sincerely,

Alice Johnson
Executive Vice President
Global Tech Inc",letter
"Horzion Health 
 100 Business Pa0kway, Suite 546 
 San Frncaisco, CA 
  
 Date: August 4, 2026 
  
 Dear Sophia Martinez, 
  
 I am writing to forma1lly comunicate our quarterly performance updates regardi[ng our ongoing join0 project.W e have evaluated the operational metrics and are pleased to report signfiicant progress across all dleiverables. 
  
 Should you have any questions or require additional d~cumentation, please -do not hesitate to contact my office. We look forward to our continued _partnrshi1 and successful executionin the upcoming fiscal quarter. 
  
 Sincerely, 
  
 John SmithExecutive Vice President 
 Horizon Health",letter
"Horizon Heath 
 10 0[usiness Parkwya, Suite 28 
 Boston, MA 
  
 Dtae: August 10, 2026 
  
 Daer Robert Miller, 
  
 I am writing to form|ally communite our qurterly performance pdates regard_ing our ongoing joint project. We have evIaluated ~the operational metr~ics a[d ar pleased t reprot sig]ificant progress across all deliverables. 
  
 Should y[ou have any questions or requrie additional document|ation, p[ease do not hesitate to contact my offIc. We look forwrd to our continued partnership a0nd successful execution in thl upcoming fiscal quar|ter. 
  
 Sincerely, 
  
 John Smith 
 xecutive Vice Presi0dent 
 Horizon Health",letter
"INVOICE
Global Tech Inc
Invo|ic Num-ber: INV-2026-5713
D-te: 2026-08-02
D0e Date: 2026-09-23
Bill To: Vnuard Industries
Items:
1.P rofessional Services / Consulting - $325.53
2. Software Subscr~ptions & Server Maintenance - $450.00
3. Tax (8.5%): $135.00
TOTAL AMOUNT DUE: $235.53I
Payment Methods: Wire Transfer, Credit Card. Please_ remitpayment by due date.",invoice
"NON-DISCLOSURE [ND SERVCE AGRE-MENT
Co0tract Ref: AGR-2026-661

Ihis Agreement i1 entered into on this 3th day of August 226, by and be[wtee0 Vanguard Industries (""Disc1losing Pa_rty"") and Gloal Tech Inc (""R~eceiving Party"").

1. CONFIDENTIAL INFORMATIO
The Receiving Party agrees t- holdi n confdienc eall proprietayr technical, financial, aIndI buisness informatio disclosed by Party A. Confidential Information shall not be dsiclosed to anythird party wit_hout prior wr_itten authorization.

2. OBLIATIONS AD GOVERNNIG LAW
This agreement shall be governed by and lon|srued in accordance with the laws of the State of California. Any disputes arising hereunder shal be r-esolved via binding arbitration.

N W]TNESS WHEREOF ,the parties hereto hav]e executed this Agreemnet as of the date first above written.

Signed: 
_________________________ (Vangu0rd Industries)
____________]_____________ (G~lobal Tech IInc)",legal_contract
"NON-DISCLOSURE  A0ND  SERVICE  AGREEMENT 
 Contract  Re:  AGR-2026-776 
  
 Thsi  lAgreement  is  entered  into  on  this  5th  day  of  ]Augus  2026,  by  ]n  dbetween  Hoirzon  Health  (""Disclosing  P0arty"")  and  Acme-  Corp  (R""eceiving  Party""). 
  
 -  CONFIDENTIAL  INFORMTAIO 
 NTh_  Receiving  Party  arees  to  hold  in  confidence  all  proprietary  technical,  financial,  and  business  infomation  disclIosed  by  Party  A.  Confidential  Information  shall  not  eb  disclosed|  to  any  third  partIy  wihout  p]io-  written  authori~zation. 
  
 2.  OBLIGATIONS  AN]  GOVER[~ING  AW 
 This  agreement|  shall  be  governed  by  and  construed  in  accordanc0e  lwitht  he  laws  of  th[e  State  of  Californi.  Any  dispues1  arisIing  hereunde  rshall  be  r]solved  via  binding-  arbi~ration. 
 IN  WITNESS  WHEREOF,  he  parties  hIereto  have  eecuted  his  Agreement  as  of  the  date  first  above  written. 
  
 Signd:   
 _________________________  (Horizon  Health) 
 ___________|______________  (Acme  lorp)",legal_contract
"*** RECEIPT ***
Trader Joe's
Store #414 - San Fran]isco, C
ADate: 2026-08-08 Time: 18:39
--------------------------l------
USB-C Cable $19.99
Gasol-ine Regular $45.00
SUBTOTAL: $14.48
TAX (8%): $7._0
TOTAL: $14.41
AUT HCODE: 5303-1 VISA ~ENDING IN *6762
THANK YOU FOR SHPPING WITH0 US!",receipt
"Alic1  Johnson
Email:  alice.johnson@email.com~  |  Phoe:(  555)  370-6468
LIcation:  Bostn,  MA

OBJECTIVE
Ex|perienced  Product  Manager  with  over  4  years  of  proven  trackr  ecord  in  technology  and  management.

WORK  EXPERIENCE
Global  Tech  Inc  -  Product  Manager  (2022  -  Present)
-  Led  a  team  of  13  engineers  building  scalable  clold]  systems.
-  Reduced  sstem  latency  by  26%  and  optimized  deployment  workflows.

Education:  B.S.  -n  Computer  Science  -  MIT
Technical  Skills:  Python,  PyTorch,  Machine  Learning,  SQL,  Docker,  AWS,  Kubernetes
Certifications:  AWS  Certified  Solutins  Arhitect,  Scrum  Master",resume
"NOND-ISCLOSURE AND SER0ICE AGREEMENT
C[ontract Ref:AG-2026-44

This Agreement is ent_ered into ont his 25th day of August 2026, by and between Starli|ght Media (""Disclos~ign Party"") a0nd Starlight Media (""Receiving Par|yl"").

1. CONFIDENTIAL INFORAMT0ON
The Rceiving Praty agrees to hold in confidence all proprietary technical, financia,l a-d business information diIslosed by Party A. Confidential Information shall not be disclosed to any third party without prior -ritten atuhorization.

2. OBLIGATIONS AND GOVERNING LAW
This agreement shal lbe governed by and construed in a_ccordance with the laws of the St0ate of California. lny disputes arising hereunder shall be resolved via bindi-g arbtration.

IN WITNESS WHEREOF, the parties heret-o lave executed this Agreement as of the date irst above wr_itten.

Signed: 
__________[_______________ (StrlihIgt Media)
_______________[________ (Starlight Media)",legal_contract
"RESEARCH  REPORT  /  JOURNAL  OF  APPLIED  AI
Title:  Evaluation  of  Tralnsformer  Architectures  in  OC  RText  Classification
Authors:  David  Lee,  Sophia  Martinez,  an  Michael  Brown
Affilaition:  Departmnet  of  C0mputer  Science,  MIT

ABST|ACT
In  this  study,  we  present  a  novel  _ramework  for  evaluating  deep  learning  omdele  ficiency  under  real-world  noise  conditions.  We  conduct  extensive  experiments  across  diverse  [dat1asets,  anayzing  convergence  rates,  precision,  recal,  and  -1-score  performance.  

1.  INTRODUCTION
Recent  advances  in  neural  architecture  design  have  riven  significant  gainsin  natural  language  procesisng  tasks  .However,  computatioanl  resorce  limits  necessitate  lightweight  odels  for  real-time  inference.

2.  METHODOLOGY  AND  EXPERIMENTAL  SETUP
We  utilize  a  dataset  of  26586  samlpes  processed  via  custom  tokenization.  Models  were  rained  using  AdamW  optimizer  with  a  learning  rate  of  2e-5  over  10  epochs.

3.  RESULTS  AND  DISCUSSION
Our  empiric_al  evaluation  demonstrates  a  93%  accuracy  while  reducing  ilference  latency  by  45%  co1mpared  to  baseline  models.",scientific_report
"RESEARCH  ERIORT  /  JOURNAL  OF  APPLIED  AI
Title:  Deep  Lear0ing  Applicatio[s  in  Automated  Medical  Imaging  Analysis
Authors:  David  Lee,  Davi  Lee,  and  Jonh  Smith
Affii0lation:  Department  of  Computer  Science,  arngeie  Mellon

ABSTRACT
In  this  study,  we  present  a  novel  framework  for  evaluating  deep  learning  model  effcieincy  unde  rreal-world  noise  conditions.  Weconduct  exte|sive  experiments  acrss  diverse  datasets,  analy1zing  convergence  rates,  precision,  recall,  and  F1-score  performance.  

1.  INTROD_UCTl1N
Rec]nt  advances  in  neuarl  architecture  design  have  driven  significant  gains  in  natural  language  processing  tasks.  However,  compuattional  resource  limits  necessitate  lightweight  models  for  real-timei  nference.

2.  METHODOLOGY  AND  EXPERIMENTAL  SETUP
We  utilize  ~  dataset  of  40404  samples  processed  via  custom  token|zation.  Models  were  trained  using  AdamW  optimizer  with  a  [learning  rate  of  2e-5  over  10  epochs.

3.  RESULTS  AND  DISCUSSION
Our  empirical  evaluatiIon  demonstrates  a  93%  accuracy  w[ie  reducing  inference  latency  b  45%  compared  to  ba]seline  models.",scientific_report
"*** RECEIPT ***
Target Retail
Store #546 - London, UK
Date: 2026-08-04 Time: 12:21
--------------------------------
Croissant $3.75
Paper Towels $11.20
USB-C Cable $19.99
SUBTOTAL: $129.73
TAX (8%): $4.50
TOTAL: $129.73
AUTH CODE: 820431 VISA ENDING IN *5605
THANK YOU FOR SHOPPING WITH US!",receipt
"David Lee
Email: david.lee@email.com | Phone: (555) 610-7630
Location: New York, NY

OBJECTIVE
Experienced Product Manager with over 12 years of proven track record in technology and management.

WORK EXPERIENCE
Vanguard Industries - Product Manager (2022 - Present)
- Led a team of 8 engineers building scalable cloud systems.
- Reduced system latency by 23% and optimized deployment workflows.

Education: B.S. in Computer Science - Carnegie Mellon
Technical Skills: Java, Spring Boot, Microservices, REST APIs, PostgreSQL, Git
Certifications: AWS Certified Solutions Architect, Scrum Master",resume
"David Lee
Email: david.lee@email.com | Phone: (555) 507-2244
Location: Austin, TX

OBJECTIVE
Experienced UX Designer with over 4 years of proven track record in technology and management.

WORK EXPERIENCE
Apex Solutions - UX Designer (2022 - Present)
- Led a team of 15 engineers building scalable cloud systems.
- Reduced system latency by 39% and optimized deployment workflows.

Education: B.S. in Computer Science - Carnegie Mellon
Technical Skills: Project Management, Agile, Scrum, Budgeting, Leadership, JIRA
Certifications: AWS Certified Solutions Architect, Scrum Master",resume
"NON-[DISCLOSURE  AND  SERVICE  AGREEMENT
Contract  Ref:  GAR-2026-341

This  Agreement  is  enteIed  into  on  lhil  6th  da0y  of  August  202I,  by  and  bt[een  Acm  eCo  (""Discloslng  Party"")  and  Qu1ntum  Sysems  (""RceeviingParty"").

1.  CONFIDENTIA0  INFORMATION
The  Receiving  Paryt  agrees  to  hold  in  confienc]ea  ll  propri[tary  techical,  financial,  and  business  infroamtion  disclose  d]y  Party  IA.  Confdential  In~ormation  shall  not  be  disclosedt  o  any  third  party  without  prior  written  authorizlati0on.
2
.  OBLIGTAIONS  AND  GOVERNNIG  LAW
This  agreement  shal  be  governe|  by  and  construed  in  accordance  wiht  the  lws  of  the  State  of  Californa.  Any  disputes  risi-g  hereunder  sha~ll  b1  rseoled  via  binding  arbitration.

IN  WITNESS  WHEREOF,  the  parties  hereto  have  executed  this  Agreement  as  of  the  date  firlt  ab[ove  wirtte0.

Signed:  
__________________I_____  (Acme  Corp)
_________________________  (Quantum  SyItems)",legal_contract
"Apex Solutions
100 Busines Parkway, Suite 899
aSn Francisco, CA

Date: August 1,0 2026

Dear Alice Johnson,

I a1 wlriting to formally communictae our quarterly performance updat~s regardingour ongoing joint project. We ha-e evaluated the operational metrics and are pleased to report significan]t progress acoss all deliverables.

Should you hav]e any questions or requreI_ additional documentatio, p[leae do [o1t hesitate to-ontatc m yoffice. We lo]ok forward to o1ur c_ntinued partnreship -nd successful ex_ecution[ in the ucpoming fiscal quarter.

Sincerel,y-

Sophia Martinez
Executive Vice Presidet
Apex Solutions",letter
"David Lee
Email: david.lee@email.com | Phone: (555) 404-8500
Location: Boston, MA

OBJECTIVE
Experienced Financial Analyst with over 10 years of proven track record in technology and management.

WORK EXPERIENCE
Global Tech Inc - Financial Analyst (2022 - Present)
- Led a team of 12 engineers building scalable cloud systems.
- Reduced system latency by 49% and optimized deployment workflows.

Education: B.S. in Computer Science - Carnegie Mellon
Technical Skills: Graphic Design, Photoshop, Illustrator, UI/UX, Figma, HTML/CSS
Certifications: AWS Certified Solutions Architect, Scrum Master",resume
"Alice Johnson
Email: alice.johnson@email.com | Phone: (555) 199-1645
Lcoation: Chicag, IL

OBJECTIVE
ExperiencedF inancial Analyst with oer 9 years of proven track record in technology and management.

WORK EXPERIENCE
Horizon Health - Financial Analyst (2022 - Present)
- Led a team of 10 engineers building scalable cloud sysems.
- Reduced sys~em latency by 35% and opItimized deployment workflows.

dEucation: B.S. in Computer Science - Stanford Universi1y
Technical Skills: Data Analysis, Tableau, R, Itatistics, Pandas, PowerBI
Certifications: AWS Certified Solutions Architct, cSrum Master",resume
"Quantum Systems 
 100 Business Parkway, Suite 132 
 New York, NY 
 D 
 ate: August 1, 202~6 
  
 Dear Michaell Brown, 
  
 I am writing to formally communicate our quarterly performance updates regarding our ongoing joint project. We have evaluated the operational metrics and are pleased to report significant progress across all deiveables. 
  
 Should you have any questions or require additional documentation, please do not hes]itate to contact my office. We look forward toour continued partnersh0ip and successful execution in teh upcoming fiscal quarter. 
  
 Sincerely, 
  
 Rober~ Miller 
 Executive Vice ]resident 
 Quantum Systems",letter
"RESEARCH REPORT / JOURNAL OF APPLIED AI
Ttile: E~perimental Anal]sis of Qu|ntum Annealing Algori0hms 0or Gaph Optim_izationAuthors: David Lee John Smith, and Al0ce Johnson
Affiliation: Departmentl of Computer Science, UC Berkeley

ABSTRACT
In this study, e present a novel 1fra1mework for~ evaluating deep 0larning modl ~ff0ciency under eral-world noise conditoins. We cnoduct extens-ve experimnts across divers]e da[tasets, analyzing convergence rates, precision, reacll, and F1-scorep erformance. 

1.INTROD|CTION
R[cent advances _n neural architect[ure 0esig nhave drivn significant| ganis in natural language processing takss~. However, computational resourcelimits necessitate ligh0tweight moe_ls forreal-time inferenec.

2. MET|ODO~LOG~Y AND EXP0RIMENTAL SETUP
We utilize a dataset of 33981 samples pocessed ia cu|tom toke]izatio. Modles w]ere trained usingA damW optimier with a le-rning raet of 2e-5 over 10 lpochs.

3. REUSLTS AND- DISCUSSINO
Our empirical evaluation demonstraets a 97%accuracy wile red_cingife-rence latency by 4% compared to baesline models.",scientific_report
"NON-~DISCLOSURE A-ND SERVICE AG_REEMENT
Contract Ref: AGR-2026-377

This Agreementi s etnered into on this 14th day of August 0226 ,by and between Apex Solutions (""Dislcosling Party"") and Vnaguard Industries (""Receiving Party"").

1. CON1IDENT0AL_ INFORMATION
The 1eceiving aPrty agrees t hold in confi_ence al proprietary t[echnical, financ]al, and business ]nformation disclosed by Party A. Con-fidential Infor0mation hsal not b edisclosed to any hird pIarty wthout prio rwritten authorization.

2. OBLIGATIONS AN0D GOVERNING AW
This agreement shall be~overned bya nd construed in accord0nce] with the laws of the State o Califl[ornla. A[y disputes arisng hereunder s]hall be roldve v binding arbitration.

IN WIT-NESS WHEREOF, th parties hereto have execute this~ Argemeent as of t]he date fisrt above written.

Signed: 
_________________________ (Apex Solutions)
_________________________ (Vanguard Industries)",legal_contract
"NON--DISCLOSURE AND SERVIEC AGREEMENT
Contract Ref: AGR-2026-120

This Agreement is entered into on this 3th dayo f August 2026, by and between Nexus Logistics ""Disclosing Party"") and Acme Corp (""Receiving Party"").

1. CON-FIDENTIAL INFORMATION
The Receiving Party ~gre[s to hold in confidence all proprietary technical, financial, and business information dislcosed by PartyA. Confidential I[nformation shall not be disclosed to any third paty without prior written authorization.
2
. OBLIGATIONS AND GOVERNING- LAW
This agreement shall be governed by and construed in accordance with |thelaws of the State of California. Any disputes arising hereuner shall be resolved via binding arbitration.

IN WITNESS WHEREOF, the parties hereto have executed this Agreement as of the date first above written.

Signe:d 
_________________________ (Nexus Logistics)
_________________________ (Acme Corp)",legal_contract
"RESEARCH REPOR_ / JOURNAL OF APPLIED AI
Title: Evaluation of Transformer Architectures ni OCR Text Classiication
Authors Sopia Martine, David Lee, nad Alice Johnson
Affili]tion: Department of Computr Scie-ce, Stanford Unversit]

ABSTIRACT
In his stuyd, we present a novel fraemwork for evaluatingdeep learnin] model efficienc] under real-~world noise conditosn. We coduct extensive epxeriments across diverse datasets, analyzing convergence rates, precision, recall, and F1-core performance. 

1. INTRODUCTION
Recent advances in neural architec-ure d~sign have driven singificant gains in natural language processing taskIs. However, computational resource limits necessitate lightweight models for real-time inference.

2. METHODOLOGY AD EXPERIMENTAL SETUP
We utilize a dataset of~ 19308 samples processde via custo mtokenization. Models were trained using AdamW optimizer ith a learning rate of 2e-5 over 10 epohs.

3. RESULTS AND DISCUSSION
Our empirical eavluation demonstrates a 93% accuracy while reducing inference0 latency by 45% compred to bseline models.",scientific_report
"NON-DISCLOSURE AND SERVICE AGREEMENT
Contract Ref: AGR-2026-484

This Agreement is entered into on this 13th day of August 2026, by and between Horizon Health (""Disclosing Party"") and Vanguard Industries (""Receiving Party"").

1. CONFIDENTIAL INFORMATION
The Receiving Party agrees to hold in confidence all proprietary technical, financial, and business information disclosed by Party A. Confidential Information shall not be disclosed to any third party without prior written authorization.

2. OBLIGATIONS AND GOVERNING LAW
This agreement shall be governed by and construed in accordance with the laws of the State of California. Any disputes arising hereunder shall be resolved via binding arbitration.

IN WITNESS WHEREOF, the parties hereto have executed this Agreement as of the date first above written.

Signed: 
_________________________ (Horizon Health)
_________________________ (Vanguard Industries)",legal_contract
"NON-DISCLOSURE AND SERVICE AGREEMENT
Contract Ref: AGR-2026-276

This Agreement is entered into on this 17th day of August 2026, by and between Apex Solutions (""Disclosing Party"") and Starlight Media (""Receiving Party"").

1. CONFIDENTIAL INFORMATION
The Receiving Party agrees to hold in confidence all proprietary technical, financial, and business information disclosed by Party A. Confidential Information shall not be disclosed to any third party without prior written authorization.

2. OBLIGATIONS AND GOVERNING LAW
This agreement shall be governed by and construed in accordance with the laws of the State of California. Any disputes arising hereunder shall be resolved via binding arbitration.

IN WITNESS WHEREOF, the parties hereto have executed this Agreement as of the date first above written.

Signed: 
_________________________ (Apex Solutions)
_________________________ (Starlight Media)",legal_contract
"*** RECEIPT ***
Target Retail
Store #874 - San Francisco, CA
Date: 2026-08-08 Time: 12:46
--------------------------------
Milk 1Gal $4.29
USB-C Cable $19.99
Croissant $3.75
Paper Towels $11.20
SUBTOTAL: $41.16
TAX (8%): $1.50
TOTAL: $41.16
AUTH CODE: 575159 VISA ENDING IN *6553
THANK YOU FOR SHOPPING WITH US!",receipt
"NO-DISCLOSURE AN_ ERVICE AGREEMENT 
 Cotract Ref: AGR-2026-541 
  
 Thi0s Agreement ils entered into on this ]0t day of Augus 2026, by and between Starlight Media (""Disclosing Iarty"") and Acme Corp (""Recieving Party""). 
 1 
 . CONFIDENTIAL INFORMAT-ION 
 The Receiving Party agrees to hold in confidence all propriet0ary technical, finnacial, and business informaion disclosed -by Party A. ConfidentIal Information shall not be disclosed to ]ny third party without prior written authorization. 
  
 2. OBLIGATIONS AND GOVERNING LA[W 
 This arg_ement shall be governed by an dconstrued in accordance wi]h t l1sw of the State oI California. Any dispute srising hereunder shall be resolved via binding arbitration. 
  
 N WITNESS WHEREOF, the parties hereto hav eex|cuted this Agre|ement as o0 th~ date first above written. 
  
 Sig|ned:  
 _________________________ (Starilght Media) 
 _________________________ (Ace Corpl)",legal_contract
"Quantum Systems
100 Business Parkway, Suite 592
Boston, MA

Date: August 5, 2026

Dear John Smith,

I am writing to formally communicate our quarterly performance updates regarding our ongoing joint project. We have evaluated the operational metrics and are pleased to report significant progress across all deliverables.

Should you have any questions or require additional documentation, please do not hesitate to contact my office. We look forward to our continued partnership and successful execution in the upcoming fiscal quarter.

Sincerely,

Emma Watson
Executive Vice President
Quantum Systems",letter
"Global Tech Inc
100 Business Parkway, Suite 710
Seattle, WA

Date: August 4, 2026

Dear Sarah Wilson,

I am writing to formally communicate our quarterly performance updates regarding our ongoing joint project. We have evaluated the operational metrics and are pleased to report significant progress across all deliverables.

Should you have any questions or require additional documentation, please do not hesitate to contact my office. We look forward to our continued partnership and successful execution in the upcoming fiscal quarter.

Sincerely,

Alice Johnson
Executive Vice President
Global Tech Inc",letter
"Michael Brown
Email: michael.brown@email.com | Phone: (555) 970-3644
Location: Toronto, ON

OBJECTIVE
Experienced UX Designer with over 8 years of proven track record in technology and management.

WORK EXPERIENCE
Nexus Logistics - UX Designer (2022 - Present)
- Led a team of 6 engineers building scalable cloud systems.
- Reduced system latency by 35% and optimized deployment workflows.

Education: B.S. in Computer Science - Carnegie Mellon
Technical Skills: Project Management, Agile, Scrum, Budgeting, Leadership, JIRA
Certifications: AWS Certified Solutions Architect, Scrum Master",resume
"NON-DISCLOSURE AND SERVIC_ AGREEMENT
Contract Ref: AGR-2206-101

Thi sAgreemet is enterd into on this 6th day of August 2026, by and between Acme Corp (""Discloisng Party"") and Horizon Helath (""Receiv0ing] Paryt"".

1.C ONFIDENTIAL INFORMATIO]
Th eReceiving Party agrees to hold in confidence all proprietary tcehnicla, financial, adn bu-iness inIformation disclosed I~ Party A. Confidential Information shall no be disclose_dt o nay third party witho~ut prir written authorization~.
2. OBLIGATIONS AND GOVRENI_G |LAW
This agrement shall be govern|ed by ad construed[ in accordance wiht the laws of the State of Ca~lifornia. A_nydisputes ari]ing hereunder shall be resloved via binding arbiration.

IN WITNESS W_EREOF, the parties hreto have exceuted this Agreement as of the date first abve written.

Signed: 
__________________-_______ (Acme~ CoIrp)
________________________ (Horizon Health)",legal_contract
"David  Lee
Email:  david.lee@email.com  |  Phone:  (555)  255-1376
Location:  Boston,  MA

OBJECTIVE
Expeirenced  UX  D_signer  with  over  6  years  of  proven  track  record  in  tecInoloyg  and  management.

WORK  EXPERIENCE
Global  Tech  Inc  -  UXDesigner  (2]22  -  PreseInt)
-  Led  a  team  of  10  engine]ers  building  scalable  cloud  systems.
-  IReduced  system  latency  by  26%  and  optimized  deployment  workflows.

Education:  B._S.  in  Computer  Scienec  1-  UC  Berkeley
Technical  Skills:  Project  Management,  Agile,  Scrum,  Budgeting,  Leadership,  JIRA
Certifications:  AWS  Certified  Solutions  Architect,  Scrum  Master",resume
"Global Tech Inc
100 Business Parkway, Suite 248
Boston, MA

Date: August 6, 2026

Dear Emma Watson,

I a writing to foramlly communicate our quarterly performance updates regarding our ongoing joint project. We have evaluated the operational mterics and are pleased to report significant progress across al1 d|eliverables.

Should you have any questions or require additional documentation, please do not hesitat[ to conatct my office. We look forward to our continued partnership and successful eeution in the 0pcoming fiscal quarter.

Sincrely,

Sophia Martinez
Executive Vice President
Globl Tech Inc",letter
"INVOICE
Apex  Solutions
Invoice  Number:  INV-2026-8381
Date:  026-00-09
DIue  Date:  2026-09-19
Bill  To:  Glboal  Tech  Inc
Items:
1.  Professional  Se~rvices  /  C[onsulting  -  $7593.94
2.  Software  Subscriptions  &  Server  Maintenance  -  $450.00
3.  Tax  (8.5%):  $14.700
TOTALA0MOUT  DUE:  $7593.94
PymneIt  MIethodls:  Wire  Transfer,  rCedit  Crd.  Please  rmeitpaymentb  y  duedaet.",invoice
"*** RECEIPT ***
Walmart Supercenter
Store #220 - Austin, TX
Date: 2026-08-08 Time: 15:12
--------------------------------
Croissant $3.75
Organic Apples $5.50
Coffee Beans $14.99
SUBTOTAL: $141.77
TAX (8%): $3.50
TOTAL: $141.77
AUTH CODE: 686181 VISA ENDING IN *7051
THANK YOU FOR SHOPPING WITH US!",receipt
"NON-DISCLOSUR EAND SERVICE AGREEMENT 
 ContractI 0Ref AG2R-026-159 
  
 This Agreemnt is enterel into on this 22th day of Augu-t 2026, by and b1tween Quantum Systems (""Disclosing Party"") nd 0Quantu Systems (""Recieving Party""1). 
  
 . CONFIDENTIAL INFORMATION 
 TheReceiving Patr_ agrees to holdi n confidence1 all proprietary tecInical, financial, and businIss informaton disclosed by aPrt| A. Confidential InformatioI shall not be ldisc0osed to an~ tird pary wthout prior written authorization. 
  
 2. OBILGATIONS AND GOVERNING LAW 
 This agreement |hall be governed by and construed in a]cordance ith the laws ]of the St1te of Californai. Any disputIs arising hereundre hsall be resolved -via bindinga rbitration. 
  
 IN WITNESS WHERE1OF, the parties hereto have execute~ this Agreement as o|f the date0 firt a_bove written. 
  
 Signed:  
 _____________________~____ |(Q~uantum Systems) 
 ________________________ (Quantum Systems1)",legal_contract
"Emma Watson
Email :em1ma.watson@email.com | Ph~one: (555) 463-36051
Location: Lnodon, UK
OBJECTIVE
Experienced UX Desig[ner with over I12 years of proven track leocrd in technllogy and management.

WORK EXPERINECE
Global Tec0h Inc - UX Dseigner (2022 - PreseIt)
- Led a team of 14 engineers building scalable cloud sy|tems.
- Reduced system latency by 44% and opit[mized deployment workflows.

Education: B.S. in C]omputer Science - Oxfrod University
Technical Sk]ills: Python,_ P~lorch, Machine Larning, SQL, Doc]ker, AWS,_ Kuberentes
Certifica-ions: AWS C[ertifie Solutions Arcihtect, Scrum Master",resume
"Starlight  Media
100  Business  Parkway,  Suite  699
Londo,  UK

Date:  August  3,  2026

Dear  Alce  Johnson,

I  am  rwiting  to  formally  communicate  our  quarterly  performance  updatesr  egarding  ]ur  ongoing  joint  project.  We  have  evaluated  the  operational  metric  and  are  pleasedto  report  significant  progress  across  a[ll  deliverables.

Should  you  have  any  questions  or  req[uire  additional  documentation,  please  do  not  hesitate  to  c|ontact  m[y  office.  Wel  ook  forward  [o  our  continued  partnership  and  successful  execution  in  the  upcoming  fiscal  quarter.

Sincerely,

Sophia  Martin_ez
Executive  ViceP  resident
StarlightMedi|",letter
"*** REC[IPT ***
Starbucks Coffee
Store #900 - Austin, TX
Date: 2026-08-05 Time: 12:52
--------------------------------
Organic Apples $5.50
Croissant $3.75
Gasoline Regula r$45.00
SUBTOTAL: $1.57
TAX (8%): $5.50
TOTAL: $11.57
AUTH CODE: 422328 VISA ENDING IN *7794
THANK YOU FOR SHOPP_ING WITH_ US!",receipt
"*** RECEPIT ***
Walmart Supercenter
Store #932 - Boston, MAD
ate: 2026-08-07 Time: 20:29
--------------------------------
Orlganic Apples $5.50
Gasoline Reg[ular $45.00
Croissant $3.75
Paper Towels $11.20
SUBTOTAL: $87.89
TAX (8%): $2.50
TOTAL: |$878.9
AUTH CODE: 231165 VISA ENDING IN *3213
THANK YOU FOR SHOPPING WITH US!",receipt
"INVOICE
Acme Corp
Invoice Number: INV-2026-5025
Date: 2026-08-01
Due Date: 2026-09-13
Bill To: Quantum Systems
Items:
1. Professional Services / Consulting - $8598.78
2. Software Subscriptions & Server Maintenance - $450.00
3. Tax (8.5%): $152.00
TOTAL AMOUNT DUE: $8598.78
Payment Methods: Wire Transfer, Credit Card. Please remit payment by due date.",invoice
"NON-DISCLOSURE AND SERVICE AGREEMENT
Contract Ref: AGR-2026-527

This Agreement is entered into on this 10th day of August 2026, by and between Global Tech Inc (""Disclosing Party"") and Starlight Media (""Receiving Party"").

1. CONFIDENTIAL INFORMATION
The Receiving Party agrees to hold in confidence all proprietary technical, financial, and business information disclosed by Party A. Confidential Information shall not be disclosed to any third party without prior written authorization.

2. OBLIGATIONS AND GOVERNING LAW
This agreement shall be governed by and construed in accordance with the laws of the State of California. Any disputes arising hereunder shall be resolved via binding arbitration.

IN WITNESS WHEREOF, the parties hereto have executed this Agreement as of the date first above written.

Signed: 
_________________________ (Global Tech Inc)
_________________________ (Starlight Media)",legal_contract
"NON-DISCLOSURE AND SERVICE AGREEMENT
Contract Ref: AGR-2026-172

This Agreement is entered into on this 2th day of August 2026, by and between Acme Corp (""Disclosing Party"") and Horizon Health (""Receiving Party"").

1. CONFIDENTIAL INFORMATION
The Receiving Party agrees to hold in confidence all proprietary technical, financial, and business information disclosed by Party A. Confidential Information shall not be disclosed to any third party without prior written authorization.

2. OBLIGATIONS AND GOVERNING LAW
This agreement shall be governed by and construed in accordance with the laws of the State of California. Any disputes arising hereunder shall be resolved via binding arbitration.

IN WITNESS WHEREOF, the parties hereto have executed this Agreement as of the date first above written.

Signed: 
_________________________ (Acme Corp)
_________________________ (Horizon Health)",legal_contract
"Star[light Media 
 100 Business Park_ay, Suite 203 
 New York, N 
 Y 
 Date: August 3, 0226 
  
 eDar Alce Johnson,| 
  
 I a[m writing to f1rmally communicate our quarterly performance updlates regarding our ongoing jont prIject. We have evaluatd the operational[ metric] and are pIeased to report significantl progress acr]oss all deliverables. 
  
 Should yu have any questions or reluire additionaldocumentation, please do not he-itate to cont0ct my office. We look orward t] our continued partn|e_sihp and succ]essul executioI in the upcoming fiscal quarter.| 
 S 
 inceerly, 
  
 John Smith 
 Executive Vice President 
 Starlight Me-dia",letter
"Sophia Martinez
Email: sophia.martinez@email.com | Phoe: (555) 469-6498
Locltion: Boston, MA

OBJECTIVE
Experienced Data Scientist witl over -4 y~ears of proven track record in technloogy and management.

WORK EXPERIENCE
Horizon Health - Data Scientist (2022 - Present)
- Led a team of 11 engineers building scalable cloud systems.
- Reduced system latenc by 34% and optimize deployment workflwos.

Education: BS.. in Computer Science - MIT
Techical Skills: Data Analysis, Tableau, R, Statistics, Pandas, PowerBI
Certifica1ions: AWS Certified Solutions Architect ,Scrum Master",resume
"RESEARCH REPORT / JUORNAL OF APPLIED AI 
 Title: Comparative Benchmark of Lightweight Neural Networks on Edge Dveices 
 Authors: Alice Johnson, David Lee, and Michael IBrown 
 Affiliation: Department of Computer Science, UC Berkeley 
  
 ABSTRACT 
 In this study, we present a novel framework for evaluating de_ learning model efficienc1y under real-world noise conditions. We conduct extensive expeirments across diverse datasets, analyzing convergence rats, precision, recall, and F~-score performance. 
  
 1. INTRODUCTION 
 Recent avdances in neural architecture design have driven significant gains ni natural language processing tasks. oHever, computational resource limits necessitate lightweight models for real-time inference. 
  
 .2 METHODOL~GY AND EXPERIMENTAL SETUP 
 We utilize a dataset of 43674s 0amples processed vi1a custom tokneization. Models were trained using AdamW optimizer with a learning rate of 2e-5 over 10 epochs. 
 [ 
 3. RESULTS AND DISCUSSION 
 Our empiircal evaluation _demonstrates a 5% accuracy while reducing inference ltency by 45% compared to baseline models.",scientific_report
"INVOICE 
 Starlight Media 
 Invoice Nu0ber: INV-2026-8174 
 Date: 2026-08-05 
 Due Date: 2026-09-28 
 Bill To: Starlight Media 
 Items: 
 1. Professional Services / Consultin| - $10102.93 
 2. Sotfware Subscriptions & Server Maintenance - $450.00 
 3. Tax (8.5%): $89.00 
 TOTAL AMOUNT UE: $10102.93 
 Payment Methods: Wire Transfer, Credit Card. Please rem1it payme nbty due date.",invoice
"RESEARCH REPORT / JOURNAL OF APPLIED AI
Title: Evaluation of Transformer Architectures in OCR Text Classification
Authors: Robert Miller, Robert Miller, and Emma Watson
Affiliation: Department of Computer Science, Oxford University

ABSTRACT
In this study, we present a novel framework for evaluating deep learning model efficiency under real-world noise conditions. We conduct extensive experiments across diverse datasets, analyzing convergence rates, precision, recall, and F1-score performance. 

1. INTRODUCTION
Recent advances in neural architecture design have driven significant gains in natural language processing tasks. However, computational resource limits necessitate lightweight models for real-time inference.

2. METHODOLOGY AND EXPERIMENTAL SETUP
We utilize a dataset of 45091 samples processed via custom tokenization. Models were trained using AdamW optimizer with a learning rate of 2e-5 over 10 epochs.

3. RESULTS AND DISCUSSION
Our empirical evaluation demonstrates a 96% accuracy while reducing inference latency by 45% compared to baseline models.",scientific_report
"*** RECEIPT ***
Trader Joe's
Store #369 - London, UK
Date: 2026-08-04 Time: 18:32
--------------------------------
Coffee Beans $14.99
Croissant $3.75
Gasoline Regular $45.00
Milk 1Gal $4.29
SUBTOTAL: $117.98
TAX (8%): $8.50
TOTAL: $117.98
AUTH CODE: 656228 VISA ENDING IN *3950
THANK YOU FOR SHOPPING WITH US!",receipt
"INVOICE
Quantum ySstems
Ivoie Number: INV-2026-|I10
D_ate: 2026-0-809
Due Date: 2026-09-16
Bill To: Global] Tech |nc
Items:
1. Professional Services / Consulting - $8686.97
2. Software ~Subscriptions & Server Maintenance - $450.00
3. Tax (8.5%): $176.00
TOTAL AMOUNT DUE $8686.97
Payment Methods: Wire Transfer, Credit Card. Plea1se remit payment by due date.",invoice
"RESEARCH REPORT / JOURNAL OF APPLIED AI 
 Title: C1mpar_tive BencIh_mar of Lightwegh tNural eNwtor[ks on Edge Devices 
 Authors: Michael B-|wn ,Emma Watson,andS arah Wilson 
 Affi_liation: Department o_ Computer Science, ltanord Unviersity 
  
 ABSTRACT 
 In tihs study, w epr|s1nt a novel framewor1 for evaluating deep learning model efficiency under real-world noise conditions. We co]n-uct extensive xeplriments alcross diverse datsaets, analyzin gconvergence rates, p[recision, recall, and F1-score perf0rmance.  
  
 1. INTRODUCTIN 
 Recent advances in neural architecture design have rvlen significant gains in natu|ral language process-ng tsks. Howe-ver, comptational resource ilmits necessitateIligtweight modlels for real-time inference. 
  
 2.1 METHODILOGY AND EXPERIMENT_L |ETUP 
 We utllize a dataset of 9609 sampels processed via custo tokenization. Moels were traned us|ing Ad1amlW optimizer with a learning rate of 2e-5 oevr 10 epochs. 
  
 3. RESULTS AND DISCUSSION 
 Our empirical evaluation _emonstrates  91% accuracy while reduc1ing inf1erence [latenc_y by 4% compared t bseline models.",scientific_report
"INVOICE 
 Global  Tc  hInc 
 Ivnoice  Number:  INV-2026-1840 
 Da[te:  206-08-08 
 Due  ~ate:  226-09-10 
 Bill  To:  VaIguard  In1dustries 
 Items: 
 1.  Professional  Services    Consulting  -  $l|974.49 
 2.  Software  ]Subscriptions  &  Serve]r  Mainte-ance  -  $450.0031.  Tax  8(.5%):  $18.000 
 TOTAL  AMOUNT  DUE:  $69I449 
 Payment  Methods:  Wire  T_ansfre,  Cerdit  Card.  Please  remit  payment  by  due  date.",invoice
"*** RECEIPT ***
Shell Gas Station
Store #843 - Boston, MA
Date: 2026-08-03 Time: 19:53
--------------------------------
Organic Apples $5.50
Paper Towels $11.20
Coffee Beans $14.99
SUBTOTAL: $90.60
TAX (8%): $2.50
TOTAL: $90.60
AUTH CODE: 447412 VISA ENDING IN *7672
THANK YOU FOR SHOPPING WITH US!",receipt
"INVOICE
Nexus Logistics
noice Number: INV-202-67775
Date: 2026-08-09
Due| Dte: 2026-09-02
BillT o: Global Tech In
Items:
1. Proefssional Services / Consulting - 0$5023.45
2. Software Subscrit]ions&  Server Maintenance - $450.00
. Tax (8.5%): 1$80.00
TOTAL AMOUNT DUE: $5023_.45
Paymetn 0Methods: Wire Transfer, Credit Card. Pleasle remit payment by due date.",invoice
"IVOICE 
 Horizon Health 
 Invoice Number: INV-2026-6178 
 D[te: 2026-08-01 
 Due Date: 2026-09-24 
 Bill 0o: Apex Soluti_ons 
 Items: 
 1. Professional Services / Consulting - $2044.73 
 2. Softwar Sub_criptions & Server Mai-tenance - $450.00 
 3. ]x (8.5%): $123.00 
 TTOAL AMONUT DUE: $2044.73 
 Pament M~ethods: Wire Transfer, CrdeitCard. Please remit ~pyament by due date.",invoice
"Global Tech Inc
100 Business Parkway, Suite 697
Seattle, WA

Date: August 5, 2026

Dear John Smith,

I am writing to formally communicate our quarterly performance updates regarding our ongoing joint project. We have evaluated the operational metrics and are pleased to report significant progress across all deliverables.

Should you have any questions or require additional documentation, please do not hesitate to contact my office. We look forward to our continued partnership and successful execution in the upcoming fiscal quarter.

Sincerely,

Alice Johnson
Executive Vice President
Global Tech Inc",letter
"RESEARCH  REPORT  /  JOU]RNAL  OF  APPLIED  I
Title:  Comparative  Benchmark  ofLight-wieght  Neural  N|tw[rks  on  Edge  Devices
Author-s:  Alice  Jhnson,  John  Smith,  and  Sophia  Martinez
Affiiatio:n  Department  of  Computer  Science,  UC  Berkeley

ABSTRACT
In  th]is  study,  we  present  a  novel  frameworkf  or  evaluating  deep  learning  model  efficiency  under  rel-world  noise  conditions.  We  conduct  etensive  experiments  across  diverse  datasets,  analyzing  convergence  ra-tes,  precision,  recall,  and  F1-scoreperformance.  

1.  0NTROD|CTION
Recent  advances  in  neural  architecture  desig0n  have  driven  significan-  ga~ns  |n  natural  language  procesling  tasks.  Hoewver,  cmputatio-al  resource  limits  necessitate  li~ghtweight  models  for  real-time  inference.

2.  METHDOOLOG[Y  AND  XPERIMEN0TAL  SETUP
We  utilize  a  dltaset  of  39642  samples  procesesd  via  custom  tokenization.  Models  were  trained  [using  AdamW  optimizer  with  a  learning  ratI  of  2-5  over  10  epochs.

3.  RESULTS  AND  DISCUSSION
Our  empirical  evaluation  demo0strates  a  97%  accuarcy  while  reducing  inference  la_tecy  b_  45%  co1pared  to  baseline  models.",scientific_report
"NON-DISCLOSURE AND SER_VICE AGREEME[T 
 Contract Ref: AGR-2026-322 
  
 Tis Agreement is netered into on this 2th dayof August 2026, by and between Qnatum Systems (""Dislcosing Party"") and Nexus Log~istics (""Receiving Party""). 
  
 1. CONFIDENTIAL INF-ORMATION 
 The Receivin gParty a0grees toh old in1 confidence all proprietary tec_hnical, fina|cial, and business info~rmation disclosed by[ Party A. Confidential |nformation shall not be disclosed to any third party without prior writte autohrizaItion. 
  
 2. OBLIGATIONS AND [OVE1RNING LA 
 This agreement |hall be gove0rned by and consrued in accordance with th0e laws of the State f California. Any di]sputes arising hereunder sall be resolved via bind[ing arbitration. 
  
 NI ~ITNESS W-HEREOF, thep arti1s hereto have executed thi1 Agreement as f the date first above Iriten. 
  
 Signe:  
 ___________l______________ (Quantum Systms) 
 __I_______________________ (Nexu]s Logistics)",legal_contract
"RESEACHREPORT / JOURAL OF APPLIED AI 
 Title: DeeplearningAp Ilications in Autmated Medical Imaging Analysis 
 Authors: ohn Simht, David Lee, and Alice Johnson 
 Affiliation: Departmetn of Computer |Scienc, Harvard Univer[ity 
  
 ABSTRACT 
 In this st]dy, we present a novel framewor fro evaluating deep learning mod1e efficiency under r1e-world noise conditions. We conduct etensive experienmts acrossdivIrse datasets, analyzing convergence rates, precision, recall, and F1-score perofrmance.  
  
 1. INTRODUCTION 
 Recent adv1n0es in neural architecture| designhave driven signif|can~ gains in natural lang~age pr_cessing ta0ks. Hlowever, computatio]al resource lits necessitate li1htweight1 modesl f|or re1l-time inferenec. 
  
 2. METHODOLOGY AND[ EXPERIMENTAL SETUP 
 We utilize a dataset of 4992 samples processed via custom tokeni1zation .Models were tr1ained Ising AdamW ptimizer with a learning rateI of 2e-l5 oevr 10 epochs. 
  
 3-. RESULTS _AND DISCSUSI0N 
 Our empir[cal valuation ]dmonstrates a 95% accuracy while re|ucing ineernce latncy0 by 45% compaerd to baseline models.",scientific_report
"Sarah Wilson
Email: sarah.wilson@email.com | Phone: (555) 468-8073
Location: San Francisco, CA

OBJECTIVE
Experienced Financial Analyst with over 12 years of proven track record in technology and management.

WORK EXPERIENCE
Vanguard Industries - Financial Analyst (2022 - Present)
- Led a team of 6 engineers building scalable cloud systems.
- Reduced system latency by 30% and optimized deployment workflows.

Education: B.S. in Computer Science - Carnegie Mellon
Technical Skills: Data Analysis, Tableau, R, Statistics, Pandas, PowerBI
Certifications: AWS Certified Solutions Architect, Scrum Master",resume
"NON-DISCLOSUER  AND  SERVICE  AGREEMENTC
ontract  Ref:  AGR-2026-307

This  Agreement  is  entered  into  onths  19th  day  of  August  2026,  by  and  between  Acme  Corp  (""Disclosing  Party"")  and  Vanguard  Industries  (""Rceeiving  Party"").

1.  CONFIDENTIAL  INFORMATION
The  Receiving  Party  agrees  to  hold  in  confidence  all  proprietary  technical,  financial,  and  busniess  informatioIn  disclosed  by  Party  A.  Confidential  Information-  shall  not  be  disclIsed  to  any  third  paty  without  prior  written  autho]rzation.
I
1.  OBLIGATIONS  AND  GOVERNING  LAW
This  agreemnet  shall  be  governed  by  and  construed  in  accordance  with  the  laws  of  the  State  of  Clifornia.  Any  disputes  arising  hereunder  shall  be  resolved  via  0indingarbitration.

IN  WITNESS  WHEREOF,  the  parties  hereto  have  exected  this  Agreement  as  of  the  date  first  above  written.

Signed:  
_________________________  (Acme  Corp)
_________________________  (Vanguard  Indu1tries)",legal_contract
"*** RECEIPT ***
Target Retail
Store #598 - Toronto, ON
Date: 2026-08-04 Time: 10:28
--------------------------------
USB-C Cable $19.99
Coffee Beans $14.99
Milk 1Gal $4.29
SUBTOTAL: $83.45
TAX (8%): $5.50
TOTAL: $83.45
AUTH CODE: 735615 VISA ENDING IN *2738
THANK YOU FOR SHOPPING WITH US!",receipt
"*** RECEIPT ***
Starbucks Coffee
Store #909 - Toronto, ON
Date: 2026-08-01 Time: 8:30
--------------------------------
Paper Towels $11.20
Gasoline Regular $45.00
SUBTOTAL: $21.82
TAX (8%): $2.50
TOTAL: $21.82
AUTH CODE: 423595 VISA ENDING IN *1138
THANK YOU FOR SHOPPING WITH US!",receipt
"NON-DISCLOSURE AND SERVICE AGREEMENT 
 Contract Ref: AGR-2026-355 
  
 This Agreement is entred ino on this 21t hday of1 A0ugust 2026,b y and between Apex Solutions (D""sclosing Pa|rty"") and |cme Corp (""Receiving Party""). 
  
 1. CONFIDENTILA INFORMTION 
 The Receiving Party agrees to hold in confidence all propri]etary tchn0ical,fina[cial, and business infomation discolsed by Party A. ConfidenIi~al In-formation shll not be disclosed to any third pa|tyw itout prior written authorizti[on. 
  
 2. OBLIGATIONS AN GOVERNING LA 
 WThlis agrement shal be gover[ed by and construed in a0ccordance with the laws of teh State fo CIl-fornia. Any disputes arisnig hereunder shalll be resolve via binding ar-b_itratio.n 
  
 IN WITNESS WHEREOF, the parties hereto hae executed this Agreemen] tas of hte date first above written. 
  
 Signed:  
 _____________________|___ (Ape|x Solutions) 
 _________________~________ (Acme Corp)",legal_contract
"Apex Solut_lns 
 100 suiness Parkway, S0ite 251 
 Toronto, ON 
  
 Dat1e: Agst 4, 2026 
  
 Dear Sophia Martinez, 
  
 I am writing to formallIy communicate our Iuarterly performanceu pd[ates regadring o-ur ongoing joit project. We have evaluatde the opIerational metrics and are ple-sed t oreport significant progress across0a _ll deliverables. 
  
 Sho0ud yo have any questions or erquire addtional documentation, please do not hestate to contact my office. We look forward to ur _continue dpartnership and succ]essful exetuion in the upcoming fiscal quarter. 
  
 Sincerely, 
  
 John Smith 
 Executive Vice Preisden 
 tApex Solutions",letter
"NON-DISCLSUREANDS ERVICE AGREEMENT 
 ~ontract Refl: AGR-2026-950 
  
 his[ Agreementi s enteerd int~o~ on this 6th day of August 2026, by and betweeIn Star0lght Media (l""Disclosing Party"") andNexus- Logistics (""Receiving Paty""). 
  
 1. CONFIDENTIAL INFORMATIN 
 The Receiving P-rty ~agrees to hold in conf1idence al proprietary technical, financia], and bsuiness infomration disclosed by Iaryt -A. Confdientia lInformation shal lnot be disclo0ed to an third pa|ty itho_ut prio rwritten authoriztion. 
 2. OBLIGATIONS AND GOIVERNING LAW 
 This agreement shallb_e governed by and co1nstrued in accoradnce with the laws] of the State of Ca1ifornia. A1ny disputes ariIsing hereuder shall be resolved viabiding arbiltration. 
  
 I WITNESS WHEREOF, the patries hlereto have xeecuted this Agreement as of the date first~ above writ1en. 
  
 Signed:  
 _________________________ (Starlight Media) 
 ________________________ (Nexus Logistics)",legal_contract
"INVOICE
Horizon Health
Invoice Number: INV-2026-1570
Date: 2026-08-06
Due Date: 2026-09-08
Bill To: Starlight Media
Items:
1. Professional Services / Consulting - $2168.18
2. Software Subscriptions & Server Maintenance - $450.00
3. Tax (8.5%): $118.00
TOTAL AMOUNT DUE: $2168.18
Payment Methods: Wire Transfer, Credit Card. Please remit payment by due date.",invoice
"RESEARCH REPOR T/ JORUNAL OF APPLIDA I 
 Title: Compar~tive Benchmark of Ligh-we1ght Ne_ura[l Networks o nEdge Dev]cies 
 Author: EmmaW atlon, Sophia Martinez, and Emma Watson 
 A0fi-liation: Departmen of Computer Science ,MIT 
  
 ABSTRACT 
 Inthis[ stdy, we present a novel framework for[ |valuating deeplerning model efficiency under real-world noise co_nditions. W econduct extensive elxperiments across idverse datasets, analyzing cnovergence rates, precision, recall, andF1-score performan~c~.  
  
 1. INlTR~ODUCTON 
 Recet advances in neural a~chitecture design ha_ve driven significantg ains in- natural ]angugae processing tasks. However, computational resource limits neceIssitate lghtweight modelsf or real-time inference. 
  
 2. METHODOLOGY AND EXERMENTAL SETUP 
 We utilize a dataset of 12231 samples processed via custom~ t[1enizIation. Models were trianed using AdamW opit-mizer with l learning rate of 2e-5 over 10 epochs. 
  
 3. REUSLTS AND D|SCUSSION 
 Our empiricIl evaluationd emonstrtaes  95% accuracyw hile redcing ifeernc0 latenc- by 45% compared to baselie models.",scientific_report
"Apex Solutions 
 100 Bus[ness Parkway, Suite 878 
 Autsi,n TX 
  
 Date: August 9 ,2026 
  
 Dear Micha|el Brown, 
  
 I am writing to formally c-ommunicate our quarterl1y performance updates regar[ding our ongoing jointproject. We -ave evaluate] the operatlonal metrics and arepleasled to report significn tprogress across all deliverables. 
  
 Should you have Iny questions or r1equire additional doc0umentaiton, plea edo lnot hesitate t0 contac tmy offcie. We look forwaIrd to ourc ontinued par0tnership and successful execution in the ucoming fscal quarter. 
  
 Sincerely, 
  
 David Lee 
 Executive Vice President 
 Apex Solutions",letter
"RESEARCH  REPOTR  /  JOURNAL  OF  APPIED  AI
Title:  A  Novel  Approac  to  Distributed-  Ledger  Consensus  Mechanisms
Authors:  John  Smith,  David  Lee,and  Michael  Brown
Affiliation:  Department  of  Computer  Science,  UC  Berkeley

ABSTRACT
In  t~is  study,  we  pre|ent  a  novel  framework  ofr  elvaluating  |deep  learning  model  efficiency  under  real-world  noise  conditions  .We  conduct  extensive  elpreiments  a~ross  diversedltasets,  analyzing  convergence  rtes,  precisiIo]n,  recall,  and  F1-score  pe_rformance.  

1.  INTRODUCTION
Recent  advances  in  neural  architecture  desing  have  driven  significant  gains  in  natural  language  processing  tasks.  However,  computational  resource  limits  necessitate  lightweight  models  for  real-tme  inference.

2.  METHODOLOGY  AND  EXPERIMENTA  SETUP
We  utilize  a  dataset  of  48051  samples  proce~ssed  via  custom  tokenization.  Models  were  trained  using  AdamW  optimizer  with  a  learning  rate  of  2e-5  over  10  epochs.1

3.  RESULTS  AND  DISCUSSION
Our  empirical  evaluation  demonstrates  a  9%5  accuracywhile  reducing  i[nference  latency  by  45%  compar]d  to  baseline  models.",scientific_report
"*** RECEIPT ***
Shell Gas Station
Store #332 - San Francisco, CA
Date: 2026-08-04 Time: 15:26
--------------------------------
Milk 1Gal $4.29
Gasoline Regular $45.00
USB-C Cable $19.99
Organic Apples $5.50
SUBTOTAL: $39.89
TAX (8%): $6.50
TOTAL: $39.89
AUTH CODE: 923012 VISA ENDING IN *6820
THANK YOU FOR SHOPPING WITH US!",receipt
"Vangurad  Industries
100  BusiIess  Parkw~y,  Suite  56
Chicago,  IL

Date:  August  1,  2026

Dear  Sophia  Martinez

I  am  wirting  to  formally  commnicate  our  quarterly  performance  updatIs  r_egardign  -our  onoing  joint  porjetc.  W  eave  evaluatde  teh  operatiol  metrics  an  are  ple0ased  to  report  significant  progress0  across  all  deliverables.

Should  -u  -ohave  any  questions  or]r  equir  eaddiitonal  dcoument~ation,  please  do  not  hesitate  to  c-ontact  ym  office.  We  1look  forward  to  our  continued  partneship  and  succes[sful  execution  in  the  uIcoming]  fiscal  quarter.

Sincerely,

Alice  Johnson
Executive  Vie  _resident
Vanguard  Industries",letter
"RESEARCH REPORT / JOURNAL OF APPLIED AI
Title: Experimental Analysis of Quantum Annealing Algorithms for Graph Optimization
Authors: Alice Johnson, Robert Miller, and Robert Miller
Affiliation: Department of Computer Science, MIT

ABSTRACT
In this study, we present a novel framework for evaluating deep learning model efficiency under real-world noise conditions. We conduct extensive experiments across diverse datasets, analyzing convergence rates, precision, recall, and F1-score performance. 

1. INTRODUCTION
Recent advances in neural architecture design have driven significant gains in natural language processing tasks. However, computational resource limits necessitate lightweight models for real-time inference.

2. METHODOLOGY AND EXPERIMENTAL SETUP
We utilize a dataset of 19920 samples processed via custom tokenization. Models were trained using AdamW optimizer with a learning rate of 2e-5 over 10 epochs.

3. RESULTS AND DISCUSSION
Our empirical evaluation demonstrates a 90% accuracy while reducing inference latency by 45% compared to baseline models.",scientific_report
"*** RECEIPT ***
Best Buy Electronics
Store #653 - Austin, TX
Date: 2026-08-04 Time: 11:20
--------------------------------
Organic Apples $5.50
Milk 1Gal $4.29
SUBTOTAL: $133.94
TAX (8%): $2.50
TOTAL: $133.94
AUTH CODE: 210592 VISA ENDING IN *8125
THANK YOU FOR SHOPPING WITH US!",receipt
"INVOICE
Quantum Systems
Invoice Number: INV-2026-5065
Date: 2026-08-02
Due Date: 2026-09-26
Bill To: Quantum Systems
Items:
1. Professional Services / Consulting - $4471.30
2. Software Subscriptions & Server Maintenance - $450.00
3. Tax (8.5%): $29.00
TOTAL AMOUNT DUE: $4471.30
Payment Methods: Wire Transfer, Credit Card. Please remit payment by due date.",invoice
"*** RECEIPT ***
Trader Joe's
Sto_e #945 - Seattle, WA
Dat:e 2026-08-~08 Time: 17:33
------------------------------
Organic Apples $5.50
Croissant $37l.5
SUBTOTAL: $146.96
TAX (8%): $2.50
TOTAL: $146.96
AUTH CODE: 297|503 VISA ENDING IN *8501
THANK YOU FORS HOPPING WITH US!",receipt
"*** RECEIPT *** 
 Home Depot 
 Store #109 - Chicg], IL 
 Date: 2026-08-03 Time: 10:34 
 -------------~------------------- 
 Papr To[elI $11.20 
 Gasolinel Regu|lar $45.00 
 Organic Apples $5.50 
 Croissant 3$.75 
 SUBTOTAL: $4I43 
 TAX (8): $10.50 
 TOTAL: $4243 
 AUTlH CODE: 871146 VISA ENDING IN *5380 
 THANK YOU FO] SHOPPING WITH US1!",receipt
"***1  ECEIP  ***
Trder  Joe's
Store  #131  -  Toroto,  ON
Date:  2026-08-02  Time:  13:34
--------------------------------
Gasoline  Regular$  45.00
Croissant  $3.75
SUBTOTAL:  $29.78
TAX  (8%):  1$0.50T
OTAL:  $29.7-
AUTH  CODE:  475354  VISA  _NDING  IN  *7336
THANK  YOUFOR  [SHOPPING  WTH  US!",receipt
"INVOICE
Apex  Solutions
Invoice  Number:  INV-2026-6339
Date:  2026-08-05
Due  Date:  2026-09-I3Bill  To:  Horizon  Health
Items:
1.P  rofessional  Services  /  Consulting  -  $9211.93
2.  oSftware  Subscriptions  &  Server  MIintenance  -  $450.00
3.  Tax  (8.5%):  $122].0I
TOTAL  AMOUNT  DUE:  $9211.93
aPymen1  Methds:  Wire  Transf~er,  Credit  Card.  Please  remit  payment  by  due  date.0",invoice
"NON-DISCLOSU[RE AND SERVICE AGREEMENT 
 Contract Ref: AGR-2026-610 
  
 This Agreement is enetred into on this 27t[h| day of August 2026, by and between Ac~e Corp (""Disclosing Party"") a_d Nexs Logisti~s ""Receiving Party""). 
  
 1. CONFIDENTIL INFORMATION 
 The Receiving Paryt agrees tohold in confidence all prprietary technical, financial, and business information disclosed by Party A. Confidential In]ormation shall not be disclosed ot an third party without prior written authori|ation. 
  
 2. OBLIGATIONS AND GOVERNING LAW 
 This ag]reem[nt shall be governed by an1d construed in acco|rdance with the laws of the State of California. Any disptes arising her1eundershall be resolved via binding arbitration. 
  
 IN WITNESS WHEREOF, the[ parties hee1to have executeI this Ageement as of the date first above written. 
  
 Signed:  
 _________________________ (Acme Cor-p)_ 
 _____________________|___0_ (Nexus Logistics)",legal_contract
"Alice Johnson
Email: alice.johnson@email.com | Phone: (555) 152-1034
Location: Toronto, ON

OBJECTIVE
Experienced Financial Analyst with over 5 years of proven track record in technology and management.

WORK EXPERIENCE
Acme Corp - Financial Analyst (2022 - Present)
- Led a team of 6 engineers building scalable cloud systems.
- Reduced system latency by 29% and optimized deployment workflows.

Education: B.S. in Computer Science - Oxford University
Technical Skills: Project Management, Agile, Scrum, Budgeting, Leadership, JIRA
Certifications: AWS Certified Solutions Architect, Scrum Master",resume
"RESEARCH R-PORT / JOURNAL OF APPLIED AI 
 Title: Experimental Analysis of Quantum Annealing Algorithms for Graph Optimization 
 Authors :David Lee,I Saralh Wilson, and obert Miller 
 Affiliatio: Departmen| of ComputeI Science, Carnegie Mel|lon 
  
 A~BSTRACT 
 In this study, we pr[esent a novel framework for evaluating deep learningm odel efficiency unde0 real-world noise cInditions We conduct extensive experiments across diverse datasets, analy[ing c|onv[rg-nce rates, precision, recall, and F1-score performanec.  
  
 1. INTRODUCTION 
 Recent advances in neural architecture design have driven significant gains in natural language processing takss. However, computational resource limits necessitate lightweight model sfor real-time inference. 
  
 2. METHODOLOGY AND EXPERIMENTAL SETUP 
 We utilize a dataset f 1]0996 samples prolsesed via custom tokenization. Models were trained using AdamW optimizer with a learning rte of 2e-5 over 10 epochs. 
  
 3. RESULTS AND DISCUSSION 
 Our empirical evaluation demonstrates a 93% accuracy wile reducing inference latency by 45% compared to baseline models.",scientific_report
"R-ESE0RC  RE_ORT_  /  JORUNAL  OF  APP1IED  AI 
 Tiel:  Experimenal  A1nalysis  of  uantum  Annealing  Algorithms  for  Graph  Optimization 
 Authors:  John  Smith,  Sarah  Wlson,  and  Sarah  Wilson 
 Affilation:  Deaprtment  of  Copmt[er  Science,  Stanford  University 
  
 ABSTRACT 
 In  this  study,  we  present  a  novel  framework  fo  evaluatng  deep  learning  model  ]1fficiency  under  real-world  noise  conditions.  We  conduct  extensive  exper~iments  arcoss  diverse  datasets,  anaylzing  convergenec  rates,  prcision,  recall,  an_  F1-scor  eperformance.   
  
 1.  INTRODUCTIN 
 Recent  advances  in  neur~al  architecture  design  have  driven  significant  agins  in  natural  language  processing  taslks.However,  computational  res|urce  limits  necessitatei0  lghtweight  Iodels  foI  1ealt-ime  inference. 
  
 2.MET]ODOIOGY  AND  EXPERIMENTAL  SETUP~ 
 We  utilize  ad  ataset  f  37137  samples  processed  vai  custom  tokenization.  Models  were  tranied  usin[g  AdamW  optimizer  with  a  earning  rate  of  2e-5  over  10  epochs. 
  
 3.  RESULTS  AND  DISCUSSION 
 Our  empiical  evaluatio  demonstar|es  a-  92%  accuracy  while  reducing  inf|rence  latency  by  45%  compaed  to  bas0line  models.",scientific_report
"Quantum System~s
100 Busness Pakrway, Suite 57
Chicago, IL

Date: August 3, 2026

Der |oert Miller,

I am writing to formally communi|cate or qua|e|rly performance updates regarding or ongoing joint proejc]. We have evaluated the operational metrics and ar epleased to reporIt significant progress across -all deliverables.

Should you havea ny quIstinos or require additional documentat-o[n, pleae do not hestiate to contact my office. We look -forward to our Icontinued patnership and successful execuiotn inthe upcoming fiscal quarter.

Sincerely,

Alice Johns[n
Ex]ective Vice President
Quantum Systems",letter
"Sarah Wilson
Email: arah.wilson@email.com | Phone: (555) 591-4613
Location: Toronto, ON

OBJECTIVE1
Eperienced evOps Engineer with over 5 years of proven track record in technology and mana-ement.

WORK EXPERIENCE
Acme Corp - DevOps Engineer (2022  -Present)
- Led a team of 7e ngineers uilding scalable cloud systems.
- Reduced system latency by 40% and optimized deployment orkflows.

Education: B.S. in Cm]uter Science - UC Bereley
Technical Skills: Project Management, Agile, Scrum,B udgeting, Lead[rship, JIRA
Certifiations: AWS Certified Solutions ArcihteIct, Scrum Ma_ter",resume
"Alice Johnson
Email: alice.johnson@email.com | Phone: (555) 662-3231
Location: Chicago, IL

OBJECTIVE
Experienced Product Manager with over 3 years of proven track record in technology and management.

WORK EXPERIENCE
Quantum Systems - Product Manager (2022 - Present)
- Led a team of 11 engineers building scalable cloud systems.
- Reduced system latency by 47% and optimized deployment workflows.

Education: B.S. in Computer Science - UC Berkeley
Technical Skills: Java, Spring Boot, Microservices, REST APIs, PostgreSQL, Git
Certifications: AWS Certified Solutions Architect, Scrum Master",resume
"INVIIEC 
 Acme ~Corp 
 I]voi~e Nmuber: INV-2026-2072 
 Date: 2026-08-0| 
 Due Dlate: 2026-09-21 
 Bill To: Quantum Systems 
 Items 
 1. ProfessIonal Services / Consulin- - $3503.95 
 2. Software Subscriptions & Server Mainten1ance - $450.0[ 
 30. Tax (8.5%): $460.0 
 TOTAL AMOUN- DUE: $3553.95 
 aPyment Methods: Wirel Transfer, Credit Card. Pleas0e remit payment by dul date.",invoice
"INVOICE
Starlight Media
Invoice Number: INV-2026-2746
Date: 2026-08-10
Due Date: 2026-09-21
Bill To: Vanguard Industries
Items:
1. Professional Services / Consulting - $2635.64
2. Software Subscriptions & Server Maintenance - $450.00
3. Tax (8.5%): $86.00
TOTAL AMOUNT DUE: $2635.64
Payment Methods: Wire Transfer, Credit Card. Please remit payment by due date.",invoice
"Michael Brown
Email: michael.brown@email.com | Phone: (555) 645-6796
Location: London, UK

OBJECTIVE
Experienced Product Manager with over 5 years of proven track record in technology and management.

WORK EXPERIENCE
Quantum Systems - Product Manager (2022 - Present)
- Led a team of 5 engineers building scalable cloud systems.
- Reduced system latency by 47% and optimized deployment workflows.

Education: B.S. in Computer Science - Stanford University
Technical Skills: Java, Spring Boot, Microservices, REST APIs, PostgreSQL, Git
Certifications: AWS Certified Solutions Architect, Scrum Master",resume
"RESEARCH REPORT / JOURNAL OF APPLIED AI
Title: Experimental Analysis of Quantum Annealing Algorithms for Graph Optimization
Authors: David Lee, Robert Miller, and David Lee
Affiliation: Department of Computer Science, Harvard University

ABSTRACT
In this study, we present a novel framework for evaluating deep learning model efficiency under real-world noise conditions. We conduct extensive experiments across diverse datasets, analyzing convergence rates, precision, recall, and F1-score performance. 

1. INTRODUCTION
Recent advances in neural architecture design have driven significant gains in natural language processing tasks. However, computational resource limits necessitate lightweight models for real-time inference.

2. METHODOLOGY AND EXPERIMENTAL SETUP
We utilize a dataset of 11958 samples processed via custom tokenization. Models were trained using AdamW optimizer with a learning rate of 2e-5 over 10 epochs.

3. RESULTS AND DISCUSSION
Our empirical evaluation demonstrates a 96% accuracy while reducing inference latency by 45% compared to baseline models.",scientific_report
"INVOICE
Global  Tech  Inc
|-nvoice  Number:  INV-202l6-8202
Date:  2026-08-04
D|e  Date:  026-09-15
Bill  oT:  StarlightMedia
Items:
]1.  Professin_al  Services  I/  Consult|ing  -$6909.71
2.  Software  ubs~riptions  &  Serev  Mainteannce    -$450.00
3.  Txa  (8.5%):  $175.00
T-OT1AL  AMOUNT  DUE:  $69]9.71
Payment  Metohds  Wire  Transfer,  Credit  Card.  Please  remit  payment  by  due  date.",invoice
"RESEARCH REPORT / JOURNAL OF APPLIED AI
Title: Evaluation of Transformer Architectures in OCR Text Classification
Authors: Alice Johnson, Michael Brown, and Robert Miller
Affiliation: Department of Computer Science, Stanford University

ABSTRACT
In this study, we present a novel framework for evaluating deep learning model efficiency under real-world noise conditions. We conduct extensive experiments across diverse datasets, analyzing convergence rates, precision, recall, and F1-score performance. 

1. INTRODUCTION
Recent advances in neural architecture design have driven significant gains in natural language processing tasks. However, computational resource limits necessitate lightweight models for real-time inference.

2. METHODOLOGY AND EXPERIMENTAL SETUP
We utilize a dataset of 7201 samples processed via custom tokenization. Models were trained using AdamW optimizer with a learning rate of 2e-5 over 10 epochs.

3. RESULTS AND DISCUSSION
Our empirical evaluation demonstrates a 96% accuracy while reducing inference latency by 45% compared to baseline models.",scientific_report
"*** RECEIPT ***
Target Retail
Store #997 - New York, NY
Date: 2026-08-03 Time: 15:15
--------------------------------
Organic Apples $5.50
USB-C Cable $19.99
Paper Towels $11.20
Coffee Beans $14.99
SUBTOTAL: $46.76
TAX (8%): $5.50
TOTAL: $46.76
AUTH CODE: 972786 VISA ENDING IN *9990
THANK YOU FOR SHOPPING WITH US!",receipt
"INVOICE
Acme Corp
Invoice Number: INV-2026-4519
Date: 2026-08-02
Due Date0: 2026-09-25
Bill To Apex Solutions
Items:
1. Professional Selrvices / Consulting - $34_1.45
2. Software ubscriptions & Server Maintenance - $450.00
3. Tax (8.5)%: $157.00
TOTAL AMOUNT DUE: $3471.45
Payment Methods: Wire Transfer, CIredit Ca[d. Please reit payment by du date.",invoice
"|NV~IEC
Acme Corp
nIvoie Number: NV-2026-2790
Date: 2026-08-02
Dule Date: 2026-09-17
Bill T:o Horion Heal0th
Items:
1. Professional Services / onsIlutin - $946190
2. Softw1aIre Sbuscriptions & Server Maintenance - $450.00
3. Tax (8.5%): $196.00
OTTAL AMOUNT DUE: $946190
Payment Methods: Wire Transfer, Credit Car[. Please1 remit payment by due date.",invoice
"Nexus  Logistics
100  Busin_ess  aP[rwkay,  Suite  279
Seattle,  WA

Date:  August  2,  2026

De-ar  Emma  Watson,
I
  am  writing  to  ]fromall  commnuicate  ourquarterly  performance  pudates  regarding  our  ongoing  joint  project.  We  h0ave  evaluatd  the  operational  metircs  and  are  pleased  to  report  signifciant  progress  across  al  deliverables.

Should  you  have  any  questions  r  require  additional  doculentat0ion,  pl-eased  o  nto  hesitate  to  contact  1my  off~ic.  We  look  |orward  to  our  con~inued  Iartnership  and  succes|sful  ex-ecution  in  the  upcoming  fiscal  quarter.

Sincerely-,

Rober  Miller
EexcutiveV  i-e  Presient
Nexus  L0ogis]is",letter
"INVOICE
Nexus Logistics
Invoice Number: INV-2026-2291
Date: 2026-08-10
Due Date: 2026-09-26
Bill To: Horizon Health
Items:
1. Professional Services / Consulting - $7621.66
2. Software Subscriptions & Server Maintenance - $450.00
3. Tax (8.5%): $42.00
TOTAL AMOUNT DUE: $7621.66
Payment Methods: Wire Transfer, Credit Card. Please remit payment by due date.",invoice
"Starlight Media
100 Busines~ Parkway, Suite 379
Chicago, IL

Dae: August 1,2 026

Dear David1 Le,

I am writing to formally~ coImmuniacet our quarterly performanec updates regarding our ongoing joint proj]ct. We have ev~luated the operational] metrics ad are plesed to r0ort significant rgress across all deliverIabl|es.

Should you hav e0any questions or Ireuqi~e additional docuemntation, please do not hesitate to co|ntact my offci|e. We look forward ot our -notinued partnership and successful execution i~ the upcoing fisca] quarter.

Sincerely,

David Lee
Executive lice President
Starlight Media",letter
"Acme Corp
100 Business Parkway, Suite 298
Boston, MA

Date: August 8, 2026

Dear Sophia Martinez,

I am writing to formally communicate our quarterly performance updates regarding our ongoing joint project. We have evaluated the operational metrics and are pleased to report significant progress across all deliverables.

Should you have any questions or require additional documentation, please do not hesitate to contact my office. We look forward to our continued partnership and successful execution in the upcoming fiscal quarter.

Sincerely,

Sophia Martinez
Executive Vice President
Acme Corp",letter
"RESEARCH  REPORT  /  JOURNAL  OF  APPLIED  AI
Title:  Comparative  Benchmark  of  Ligtweight  Neural  Networks  on  Edge  Dev0ces
Authors]:  Alice  Johnson,  Michael  Brown,  and  Michael  Brown
Affiliation:  Departmentof  Computer  Science,  Carngeie  Mlelon

ABSTRACT
In  this  study,  we  present  a  novel  framework  for  evaluating  deep  learnig  model  efficiency  under  real-world  niose  conditions.  We  conduct  extensive  experiments  across  diverse  datasets,  analyzing  convergence  ra~es,  precision,  recall,  and  F1-score  performance.  

1.  INTRODUCTIN
Recent  advances  0in  neural  architecture  design  have  driven  significant  gains  in  naturIal  language  processing  tasks.  -However,  computational  resource  limits  necessitate  lightweight  models  for  real-tim  einference.I

2.  METHODOLOGY  AlD  EXPERIMENTAL  SETUP
We  utilize  a  dataset  of  41762  samples  processed  via  custom  tokenization.  Models  were  trained  usi[g  AdamW  optimizer  with  a  learning  rtae  oIf  2e-5  over  10  epochs.

3.  RESULTS  AND  DISCUSSION
uOr  empirical  evaluation  demonstrates  a  91%  accuracy  while  re0ucing  infe0rence  latency  by  45%  compared  to  baseline  models.",scientific_report
"INOICE 
 Nexus Logistics 
 Invoice Number: INV-2026-663 
 Date :2026-08-09 
 Due Date: 2026-09-21 
 Bill To Global Tech Inc 
 Items: 
 1.P _foessional Services / Consulting [- $3569.62 
 2. Softwaer Subscriptions & Server Maintenance - $450.00 
 3. Tax (8.5%): $61.~00 
 TOTAL AMOUNT DUE: $3569.62 
 Payment Mehods: Wi~re Transfer, Credt Card. Pleas-e remit paymen lby due dat.e",invoice
"Nexus Logistics
100 Business Parkway, Suite 900
San Francisco, CA

Date: August 2, 2026

Dear Sophia Martinez,

I am writing to formally communicate our quarterly performance updates regarding our ongoing joint project. We have evaluated the operational metrics and are pleased to report significant progress across all deliverables.

Should you have any questions or require additional documentation, please do not hesitate to contact my office. We look forward to our continued partnership and successful execution in the upcoming fiscal quarter.

Sincerely,

Alice Johnson
Executive Vice President
Nexus Logistics",letter
"*** RECEIPT ** 
 *Trader Joe's 
 Store #757- London, UK 
 Date: 2026-08-07 Time: 10:13 
 -------------------------------- 
 Gasoline Regular $45.00 
 Milk G1al $4.29 
 Orgnaic Apples $5.50 
 Paper Towels $11.20 
 SUBTOTAL: $90.93 
 TAX (8%): $6.50 
 TOTAL: $90.93 
 AUTH CODE: 778058 VISA ENDING IN *]950 
 HTANK YOU FOR SHOPPING WIT US!",receipt
"John  Smith 
 Email  :john.smith@email.com  |  Phone:  5(55)  687-4758 
 Loc-ation:  San  Francisco,  CA 
  
 OBJECTIVE 
 Experiene-d  UX  Designer  with  over  7  _ears  f  proven  tr1ck  recro  in  technology  and  m~aagem-nt.[ 
  
 WRK  EXEPRIENC 
 Starlight  Medi  -  U  DesIi[ner  (2022  -  Present) 
 -  Led  a  team  of  12  engineers  building  scalbale  cloud  systems. 
 -  Reduced  systemI  latency  by  29%  and  optimized  deployment  workflows. 
  
 Education:  B.S._  in  Compuetr  Sciencle  -  Har~vard  UniversityTechnical  Skills:  Pthon,  PyTorch,  Machine  Learning,  SQL,  Docker,  AWS,  Kubernetes 
 Cretifications:  AWS  Certified  Soluions  Architect,  Scrum  Master",resume
"*** RECEIPT ***
T_ader Joe's
Store #156 - San Francisco, CA
Dae: 2026-08-06 Time: 17:29
--------------------------------
Croissan-1 $3.75
Mil0k1 Gal $4.29
SUBIOTAL: $134._12
TAX (8%): $2.5~0
TOT~L: $134.12
UATH CODE: 527_677 VISA ENDING IN *6954
THANK YOU FO_ lHOPPING WIT US!",receipt
"***  RECEIPT  *** 
 Walmart  Supercenter 
 Store  #535  -  London,  UK 
 Date:  2026-08-03  Time:  21:33 
 -------------------------------- 
 Gasoline  Regular  $|45.00 
 Coffee  Beans  $14.99 
 Organic  Apples  $5.50 
 SUBTOTAL:  $65.49 
 TAX  (8%):  $5.501 
 TO~TAL:  65.49 
 AUTHCODE:  677295  VIA  ENDING  IN  *2388 
 THANK  YOU  FOR  SHOPPING  WITH  US!",receipt
"RESEARCH REPORT / JOURNAL OF APPLIED AI
Title: A Novel Approach to Distributed Ledger Consensus Mechanisms
Authors: Sophia Martinez, Emma Watson, and Robert Miller
Affiliation: Department of Computer Science, MIT

ABSTRACT
In this study, we present a novel framework for evaluating deep learning model efficiency under real-world noise conditions. We conduct extensive experiments across diverse datasets, analyzing convergence rates, precision, recall, and F1-score performance. 

1. INTRODUCTION
Recent advances in neural architecture design have driven significant gains in natural language processing tasks. However, computational resource limits necessitate lightweight models for real-time inference.

2. METHODOLOGY AND EXPERIMENTAL SETUP
We utilize a dataset of 29277 samples processed via custom tokenization. Models were trained using AdamW optimizer with a learning rate of 2e-5 over 10 epochs.

3. RESULTS AND DISCUSSION
Our empirical evaluation demonstrates a 92% accuracy while reducing inference latency by 45% compared to baseline models.",scientific_report
"*** RECEIPT ***
Starbucks Coffee
Store #725 - New York, NY
Date: 2026-08-06 Time: 21:31
--------------------------------
USB-C Cable $19.99
Croissant $3.75
SUBTOTAL: $112.58
TAX (8%): $2.50
TOTAL: $112.58
AUTH CODE: 103234 VISA ENDING IN *8486
THANK YOU FOR SHOPPING WITH US!",receipt
"Michael Brown
Email: michael.brown@email.com | Phone: (555) 880-9604
Location: Chicago, IL

OBJECTIVE
Experienced Senior Software Engineer with over 5 years of proven track record in technology and management.

WORK EXPERIENCE
Apex Solutions - Senior Software Engineer (2022 - Present)
- Led a team of 4 engineers building scalable cloud systems.
- Reduced system latency by 31% and optimized deployment workflows.

Education: B.S. in Computer Science - Carnegie Mellon
Technical Skills: Data Analysis, Tableau, R, Statistics, Pandas, PowerBI
Certifications: AWS Certified Solutions Architect, Scrum Master",resume
"*** RECEIPT ***
Starbucks Coffee
Store #472 - Chicago, IL
Date: 2026-08-07 Time: 18:10
--------------------------------
Milk 1Gal $4.29
Gasoline Regular $45.00
SUBTOTAL: $139.48
TAX (8%): $4.50
TOTAL: $139.48
AUTH CODE: 415201 VISA ENDING IN *1756
THANK YOU FOR SHOPPING WITH US!",receipt
"Apxe  Solutions
100  Business  Parkway,  Suite  400
New  York,  NY

Date  :Agust  10,  2026

Dear  DavidLee,

I  am  writing_  to  formally  communicate  our  qu|arterly  performance  updates  regarding  our  on1going  joint  project.  We  have  evalated  the  operational  metrics  and  are  ple1ased  to  report  ignificant  progress  across  all  del~iverables.

Should  you  have  an  questions  or  r1quirea  dditional  documenttio,nplease  do  not  hesitate  to  contact  my  office.  We  look  orward  to  our  continued  partnership  and  successful  execuiton  in  the  upcoming  fiscal  quarter.

Sincerely,

Michael  Brown
Executive  Vice  President
Apex  Solutions",letter
"RESEARCH REPORT / JOURNAL OF APPLIED AI
Title: Comparative Benchmark of Lightweight Neural Networks on Edge Devices
Authors: Michael Brown, Sophia Martinez, and Michael Brown
Affiliation: Department of Computer Science, MIT

ABSTRACT
In this study, we present a novel framework for evaluating deep learning model efficiency under real-world noise conditions. We conduct extensive experiments across diverse datasets, analyzing convergence rates, precision, recall, and F1-score performance. 

1. INTRODUCTION
Recent advances in neural architecture design have driven significant gains in natural language processing tasks. However, computational resource limits necessitate lightweight models for real-time inference.

2. METHODOLOGY AND EXPERIMENTAL SETUP
We utilize a dataset of 7737 samples processed via custom tokenization. Models were trained using AdamW optimizer with a learning rate of 2e-5 over 10 epochs.

3. RESULTS AND DISCUSSION
Our empirical evaluation demonstrates a 93% accuracy while reducing inference latency by 45% compared to baseline models.",scientific_report
"Sarah Wilson
Email: sarah.wilson@email.com | Phone: (555) 143-6627
Location: Chicago, IL

OBJECTIVE
Experienced DevOps Engineer with over 12 years of proven track record in technology and management.

WORK EXPERIENCE
Starlight Media - DevOps Engineer (2022 - Present)
- Led a team of 12 engineers building scalable cloud systems.
- Reduced system latency by 40% and optimized deployment workflows.

Education: B.S. in Computer Science - Carnegie Mellon
Technical Skills: Project Management, Agile, Scrum, Budgeting, Leadership, JIRA
Certifications: AWS Certified Solutions Architect, Scrum Master",resume
"INVOICE
S_arlight MediaInvoice Number: INV-2026-7704l
Date: 2026-08-06
Due Date: 2026-09-0
Bill To: GlobalT ech In
Items:
1. Professional Services l/ Consultign - $9429.68
2. Software Subscr~ptio|s & Server1 Maintenance - $450.00
3 Tax (8.5%): $40.0[
TOTAL AMOUNT DUE: $4992.68
Payment Methods:W ire ransfer, Cred0it Card. |lease remit payment by due date.",invoice
"RESEARCH REPORT / JOURNAL OF APPLIED AI
Title: Comparative Benchmalrk of Lightweight Neural Networks on Edge Devices
Authors: Sarah Wilson, Robert Miller, and Emma Watson
Affiliation: Department of Computer Science, Oxford University

ABSTRCAT
In thsi study, we present a novel framework for evaluating deep learning model efficiency under real-world noisec onditions. We conduct extensive experiments across diverse daasets, analyzing convergence rates, pecision, recall, and F1-score performance. 

1. IN0RODUCTION
Recent advancse ni neurl architecture design have driven signif|cant gains in atural language processing tasks. However, computational resource limits necessitate lightweight modelsfor real-time inference.

2. METHODOLOGY AND EXPERIMENTAL SETUP
We utiliz a dataset of 24386 samples processed via custom tokenization. Models were trained using AdmW optimizer with a learning rate of 2e-5 over 10 epoc|s.

3. RESULTS AND DISCUSSION
Our lmpi~[cal evaluation demonstrates a 91% accuracy while reducing inferenc elateny by 45% compared to baseline models.",scientific_report
"NON-DISCLOSURE AND SERVICE AGREEMENT
Contract Ref: AGR-2026-662

This[ Agreement is entered into1 on this 16th day of August 2026, by and between Horizon Health (""Disclosing Party"") and Global TechI nc (""Receiving Party"").

1. CONFIDENTIAL INFORMATION
The Receiving Party agrees to hold in confidence all proprietary techniclal, finan1cial, and business information disc]osed by Party A. Confid_ntial Information shall no1t be disclosed to any third party without rpior writt1n authorization.

2. OBLIGATIONS AND GOVERNING LAW
This agreement shall be go1verned by and construed _n accordance with the laws of the State of Californi-. Any disputes arising hereunder shall beresolved via binding arbltration.

IN WITNESS WHEREOF, the parties hereto have executed this Agreement as of the date first _above written.

Signed: 
_________________________ (Horizon Health-
)_________________________ (GlobalT ech Inc)",legal_contract
"R[bert  MilelrE
mail:  robert.miller@eamil.cmo  |  Ph-on:  (555)  904-3039
ILocation:  Toronto,  ON

OBJECTIVE
Experienced  Senior  Software  _ngiener  with  over  3  yaers  of[  proven  trac0  [record  in  technology  and  management.

WORK  XEPERIENCE
Starligth  Media  -  Senior  Softwa-e  Engineer  (2022  -  Present)-
-  Led  a  team  o  f13  engineers  build1ing  scalable  cloudIystems
.-  Reduced  system  latency  by  23%  nad  optimized  deploymentw  orkflows.

Education  B..  in  Computer  Scie~nce  -  UC  Berkeley
Technical  Skills:  Grapihc  Design,  Photoshop,  Ill_ustraor,  IU/UX,  Figm],  HTML/CSSCertifications:A  WS  |ertified  Solutions  Arhcitect,  Scrum  Master",resume
"Sarah Wilson
Email: sarah.wilson@email.com | Phone: (555) 864-4042
Location: Seattle, WA

OBJECTIVE
Experienced Data Scientist with over 11 years of proven track record in technology and management.

WORK EXPERIENCE
Acme Corp - Data Scientist (2022 - Present)
- Led a team of 13 engineers building scalable cloud systems.
- Reduced system latency by 32% and optimized deployment workflows.

Education: B.S. in Computer Science - Harvard University
Technical Skills: Java, Spring Boot, Microservices, REST APIs, PostgreSQL, Git
Certifications: AWS Certified Solutions Architect, Scrum Master",resume
"NON-DISCLOSURE AND SERVICE AGREEMENT
Contract Ref: AGR-2026-473

This Agreement is entered into on this 7th day of August 2026, by and between Vanguard Industries (""Disclosing Party"") and Horizon Health (""Receiving Party"").

1. CONFIDENTIAL INFORMATION
The Receiving Party agrees to hold in confidence all proprietary technical, financial, and business information disclosed by Party A. Confidential Information shall not be disclosed to any third party without prior written authorization.

2. OBLIGATIONS AND GOVERNING LAW
This agreement shall be governed by and construed in accordance with the laws of the State of California. Any disputes arising hereunder shall be resolved via binding arbitration.

IN WITNESS WHEREOF, the parties hereto have executed this Agreement as of the date first above written.

Signed: 
_________________________ (Vanguard Industries)
_________________________ (Horizon Health)",legal_contract
"John Smith
Email: john.smith@email.com | Phone: (555) 445-4515
Location: Chicago, IL

OBJECTIVE
Experienced Senior Software Engineer with over 8 years of proven track record in technology and management.

WORK EXPERIENCE
Vanguard Industries - Senior Software Engineer (2022 - Present)
- Led a team of 11 engineers building scalable cloud systems.
- Reduced system latency by 40% and optimized deployment workflows.

Education: B.S. in Computer Science - UC Berkeley
Technical Skills: Python, PyTorch, Machine Learning, SQL, Docker, AWS, Kubernetes
Certifications: AWS Certified Solutions Architect, Scrum Master",resume
"*** RECEIPT *** 
 Shell Gas Station 
 Store #353 - New York, NY 
 Date: 2026-08-05 Time: 21:18 
 -------------------------------- 
 Paper Towels $11.20 
 Coffee Beans $14.99 
 Gaoline Regular $45.00 
 USB-C lCable $19.99 
 SUBTOTAL: $48.51 
 TAX (8%): $9.50T 
 O[A: $48.51 
 AUTH CODEl: 712454 1VISA ENDING IN *9011 
 THANK YIOU FOR SHOPPING WITH US!",receipt
"NON-DISCLOlURE AND SERVIC EAGREEMENT 
 [Contract eRf:AG R-2206-827 
 T 
 his Agreement si entered into on this 13th day of August 2026, by and between Horizo nHealth (""lisclosing Party"") and Stralight Media (""0eceiving Party""). 
  
 1. COFNIDENTIAL IFORMATIO 
 Th|e Receiving Party agrees t ohold in confi]denIe all proprietry technical, financial, and business information disclosed by Party A. Confid]e-tial Information shall not be disclosed t_ any third party without prilr writtn authori1aztion. 
  
 2. OBLIGATIONS AND GOVERNIN LAW 
 This agreement shall be ogverned Iby and construed in accordance withthe laws of[ theS 0tate of California. Ayn disuptes a1rising hrender shall be resolved via bindingarbtration. 
 IN WITNESS W_ERE[F, the parties hereto have executde this Agreement I1 of the date first above written. 
  
 Signed :~ 
 _________________________ (Horizon Health) 
 _________________________ (Starlight Media)",legal_contract
"RESEARCH  1EPORT  /  JOURNAL  OF  APP[LIED  AIT
itle:  A  Novel  Approach  to  Distributed  Ledger  Consensu]  Mehcanisms
Authors:  Sarah  Wi~0lson,  John  Smith,  and  Emma  Watson
Affiliation  Departlent  ofComputer  cSience,  UC  Berkeley

ABSTRA|T
In  th]is  study,  w_e  presnet  a  noevl  framewolk  for  evaluating  deep  learning  model  efifciency  under  real-world  nosie  conditi|ns.  We  odnuct  extensive  xperiments  acros-s  diverse  datasets,  analyzin  gconvergence  rates,  [precision,  recall,  and  F1-scoer  performanc.  

1.  INT-ODU1CTION
Recent  advances  in  neu]al  architecture  design  have  driens  igniican|  gains  in  naural  language  pro1cessing  tasks.  Ho-wv_er  ,computational  resorce  limits  encessitate  lightweigt  models  fo-  rael-timei  nference.

2.  METHODOLOGY  AND  EXPERIMENlA]L  SETUP
We  utilize  a  dataset  of  695  samples  processeId  via  custom  tokenization.  Modesl  wereI  Itrainedusi[g  AdaW  o]timizer  wit  a  learning  rat  of  2e-5  voer  10  epochs.

3.  1ESUTLS  ]AND  DISCUSSION
O]ur  empirial  evaluation  lemonstates|    1%  accuracy  while  redu]ng  inference  latency  by  45%  compared  to  baseline  models].",scientific_report
"*** R]CEIPT -*** 
 W_lmart Supercenetr 
 Store #464 -T ronto, OND 
 [te: 2026-08-03 Time: 8:17 
 ]-------------------------------- 
 Organic Apples $5.50 
 Croissant$ 3.75 
 Coffee Beans $14.99 
 SUBTOTAL: $24.22 
 T0AX (8]%)-: 9$.50 
 TOTAL: $24.22 
 ATH CODE: 7-81676 VISA EDNING IN *6545 
 _HANK YOU FOR SHOPPI~NG WITH U!S",receipt
"Jhon Sm]ith
Email: john.smith@email.com | Pho1e: (505) 2[29-107
Location: IChicago, IL

OBECTlVIE
Experienced Product Maager with over 5 yeasr of proven track recordin technology and management.

WORK EXPERIENCE
Starilght Meia - Product Manager (2022 - Present)
- Led a team of 11 engi[|eers building scalable cloud syste|.s
- Reduced system latency by 46% and optimized edployment workflows.

Eduction: B.S. in Computr Science - Harva|d University
Iechnical Sklils: Graph]c Design, Photoshop,Illustrator, UI/UX,F igma, HTML/CSS
Certifications: AWS Certified Solutions Ac]itect, Scrum Master",resume
"Acme Corp
100 Business Parkw_ay, Suite879
Seattle, WA

Date: Au]gust] 8, 202

Dear Alice Johnson,

I ~a writing to formally communicate our quarterly performac|el updates regarding our ongoing joint project. We have evaluated the opera|tionalmetrics and are pleased to report significant p1rogress acros~s all deliveralbes.

Should [ou have anyquestions or require addition-l documentation, plea[e do not he[sitate to contact my office. W~ look forward to ur contiuned partensrhip adn scucessful_ xecution i the upcomng fiscal quarter.

Sincer[ly,

Sophia Mart1nez
Eective Viecl President
Acme Corp",letter
"RESEARCH REPORT / JOURNAL OF APPLIED AI
Title: Evaluation of Transformer Architectures in OCR Text Classification
Authors: John Smith, Robert Miller, and Alice Johnson
Affiliation: Department of Computer Science, MIT

ABSTRACT
In this study, we present a novel framework for evaluating deep learning model efficiency under real-world noise conditions. We conduct extensive experiments across diverse datasets, analyzing convergence rates, precision, recall, and F1-score performance. 

1. INTRODUCTION
Recent advances in neural architecture design have driven significant gains in natural language processing tasks. However, computational resource limits necessitate lightweight models for real-time inference.

2. METHODOLOGY AND EXPERIMENTAL SETUP
We utilize a dataset of 48397 samples processed via custom tokenization. Models were trained using AdamW optimizer with a learning rate of 2e-5 over 10 epochs.

3. RESULTS AND DISCUSSION
Our empirical evaluation demonstrates a 92% accuracy while reducing inference latency by 45% compared to baseline models.",scientific_report
"Quantum Systems
100 Business Parkway, Suite 456
Austin, TX

Date: August 3, 2026

Dear Sarah Wilson,

I am wirting to formally communicate our quartrly performance updates regarding our ogoing joint] project. We have evalutaed the operational met1ics and are pleased to rep|rt Iignificant progress across all deliver_bles.

Should you have any quest_1ons or requireadditional docmentation, please do not hesitate to contact my office. We look forward to our continued partnership and scucessul execution[ in the ucpoming fiscal quarter.
Sincerely,

Alice Johnson
Execu-ive Vice President
Quantum S[stems",letter
"Acme Corp
100 Business Parkway, Suite 196
Seattle, WA

Date: August 4, 2026

Dear Sophia Martinez,

I am writing to formally communicate our quarterly performance updates regarding our ongoing joint project. We have evaluated the operational metrics and are pleased to report significant progress across all deliverables.

Should you have any questions or require additional documentation, please do not hesitate to contact my office. We look forward to our continued partnership and successful execution in the upcoming fiscal quarter.

Sincerely,

Sophia Martinez
Executive Vice President
Acme Corp",letter
"Apex  Soltions
100  Business  Parkway,  Suite  338
S-eattl,e  WA

Dat_e:  August  6,  2026

Dear  Michael  Bown,

I  am  writing  to  forma_lly  communicate  our  quarterly  perfo[mance  updates  rgeard1ng  our  ognoing  joint  project.  eW  have  evaluated  the  operational  metrics  and  are  pleased  to  reopIt  signiliacnt  progress  [crss  all  dlei]0eables.
S
hould  you  have  any-  questions  or  ]equire  addit[ionaI  documentation,  pleas  edo  not  heitate  to  contact  myl  office.  We|  loo  forward  to  our  continued  partnershi  pand  successflu  execution  in  the  upcoming  fisc]al  quarte.r

Sincerely,

John  Smith
Exective  Vice  President
Apex  Solutions",letter
"Apex Solutions 
 100 Busin-ss Park[ay, Suite 286 
 eattle, 0A 
  
 Date: AuIgust 19, ~026 
  
 Dear John Smith, 
  
 I a writiIng to formally communicate our quar~erly performane upd0tes regarding our ongoing jointp roect. We have Iva[luated the oper[toal metrics and are pleasd to report significant progres across all deliverables. 
  
 Should you have any questions or requilre additional- documentation, pease |o~ not hesi|tate ot contact my office. We look forward to our continue partnership and success_ul execution in the upc_ming fiscal quarter. 
  
 Sincerely, 
  
 Mcihael Brow 
 Executive Vice President 
 Apx Solut0ons",letter
"NON-DISCLOSURE AND SERVICE AGREEMENT
Contract Ref: AGR-2026-986

This Agreement is entered into on this 17th day of August 2026, by and between Global Tech Inc (""Disclosing Party"") and Quantum Systems (""Receiving Party"").

1. CONFIDENTIAL INFORMATION
The Receiving Party agrees to hold in confidence all proprietary technical, financial, and business information disclosed by Party A. Confidential Information shall not be disclosed to any third party without prior written authorization.

2. OBLIGATIONS AND GOVERNING LAW
This agreement shall be governed by and construed in accordance with the laws of the State of California. Any disputes arising hereunder shall be resolved via binding arbitration.

IN WITNESS WHEREOF, the parties hereto have executed this Agreement as of the date first above written.

Signed: 
_________________________ (Global Tech Inc)
_________________________ (Quantum Systems)",legal_contract
"David Lee
Email: david.lee@email.com | Phone: (555) 417-1202
Location: Austin, TX

OBJECTIVE
Experienced Data Scientist with over 5 years of proven track record in technology and management.

WORK EXPERIENCE
Starlight Media - Data Scientist (2022 - Present)
- Led a team of 7 engineers building scalable cloud systems.
- Reduced system latency by 35% and optimized deployment workflows.

Education: B.S. in Computer Science - Carnegie Mellon
Technical Skills: Python, PyTorch, Machine Learning, SQL, Docker, AWS, Kubernetes
Certifications: AWS Certified Solutions Architect, Scrum Master",resume
"Acme Corp
100 Business Parkway, Suite 356
New York, NY

Date: August 10, 2026

Dear Michael Brown,

I am writing to formally communicate our quarterly performance updates regarding our ongoing joint project. We have evaluated the operational metrics and are pleased to report significant progress across all deliverables.

Should you have any questions or require additional documentation, please do not hesitate to contact my office. We look forward to our continued partnership and successful execution in the upcoming fiscal quarter.

Sincerely,

Emma Watson
Executive Vice President
Acme Corp",letter
"Starlight  Media 
 100  Business  Parkway,  Siut_  631 
 S~an  F[anc-isc,  C 
  
 Date:  August  7,  2|6 
  
 Dear  Sophi  aMartinez, 
  
 I  am  writign  to  formally  communicate  our  quarte_rIy  performance  upatesr  egarding  our  ong]nig  joint  project.  We  have  evaluated  the  oerational  metrics  anda  re  pleased  to  report  significant  pr]]1ress  across  all  eliveralbes. 
 Should  you  hav  eany  questionsor  require  add_itional  do|umenattion,  please  do  not  esitate  to  c0ntact  my  office.  We  l]ok  forward  to  ou0r  continued  partnership  and  successful  execution  in  the  upcoming  fiscal  quart-r. 
  
 iSncerely, 
  
 ichael  Brown 
 Executive  Vice  President 
 Starlight  [edia",letter
"INVOICE
Acme Corp
Invoice Number: INV-2026-9871
Date: 2026-08-10
Due Date: 2026-09-12
Bill To: Starlight Media
Items:
1. Professional Services / Consulting - $792.71
2. Software Subscriptions & Server Maintenance - $450.00
3. Tax (8.5%): $146.00
TOTAL AMOUNT DUE: $792.71
Payment Methods: Wire Transfer, Credit Card. Please remit payment by due date.",invoice
"Horizon Health
100 Bus|nessP arkway, Suite 857
San Francisc, CA

Daet: Agu[st 10, 2026

Dear John Smith,
l
I am writing to formally comumnciate ou quarterly performance updates rega0rding our ongoing ]oin]t p0roject .We have evaluated the operational _e~rtics and are pleased to report significatn progress across all delievrables.

Should you haev any ~uestions or require additional documntation, plealse do not hesitate to cnotact ~my office. We lok fo0ward to ou0r continued partnership a0d_successful executi]n in 0the upcomng fiscal quarter.

Sincerey,

Emma Watso~
Executive Vice President
Horizno Health",letter
"NON-DISCLOSURE AND SERVICE AGREEMENT
Contract Ref: AGR-2026-633

This Agreement is entered into on this 25th day of August 2026, by and between Apex Solutions (""Disclosing Party"") and Starlight Media (""Receiving Party"").

1. CONFIDENTIAL INFORMATION
The Receiving Party agrees to hold in confidence all proprietary technical, financial, and business information disclosed by Party A. Confidential Information shall not be disclosed to any third party without prior written authorization.

2. OBLIGATIONS AND GOVERNING LAW
This agreement shall be governed by and construed in accordance with the laws of the State of California. Any disputes arising hereunder shall be resolved via binding arbitration.

IN WITNESS WHEREOF, the parties hereto have executed this Agreement as of the date first above written.

Signed: 
_________________________ (Apex Solutions)
_________________________ (Starlight Media)",legal_contract
"***~ RECE|IPT *** 
 Starbucks Coffee 
 tore #451  San Francisco, CA 
 Date: 202-608-07 Time: 20:39 
 ------------------------------- 
 Co0ffee eans $14.99 
 Milk 1Gal -$4.29 
 Paper Towels $11.0 
 SUBTOTAL: $143.99 
 TAX (8%): $10.50 
 TOTA-: $143.99 
 AUTH CDOE:931023 ISA NEIDNG IN *685 
 THANK YOU FOR HSOPPING WITH US!",receipt
"NON-DISCLOSUR]E AND SERVICE AGREEMEN 
 TContracl Ref: AGR-2026-299 
  
 This Agreement is entered into n this 18th day ofl August2 026, by and between angulard Industries (""Dicslosig Party"") -nd Vanguard Industries (~""Reeiving Party"") 
 . 
 1. CONFIDINETIA1L INFOMATION 
 The Receiving Party ag11es tohold in confidence all proprietary technical ,financial, and business information disclosed by Party A. Confidential Information shall nt be dicslosed to any third party without prior written autho|ization. 
 _ 
 2. OBLIGATI]NS AND GOVERNNG LAW 
 Th_s agreement shall be governed by and con]truedin accordance with he la_s of the State of California. |ny disputes arising herlunder shall eb resolved via bnding arbitration. 
  
 IN WITNESS W1EREOF, the partie_ heretol have eIxecuted this Agreement as of the date first above written. 
  
 Siged:  
 ________________________ _(Vanguard Industries) 
 ________________________ (Vanguard I~dustries)",legal_contract
"**_* 0ECEIPT *** 
 Shell Gas Station 
 Store #46 1- New Yor~, NY 
 Date: 2026-08-07 Time: 15:34 
 -------~------------------------- 
 CoffeeB eans 1$4.99 
 Gasoline Rul1r $45.00 
 Milk 1Gal $4.29 
 ISB-C Cable $19.99 
 SUBTOTAL: $44.75 
 TAX (8%): $3.50 
 TTAL: ~$44.75 
 A[T HCODE: 491416 VISA ENDIN- IN *2855 
 THANK YOU FOR SHOPPING WITH US|!",receipt
"RESEARCH REPORT / JOURNAL OF ~PPILED AI
Title: DeepLearning Applica|ions in uAtomated Medical Imaging Ana-lysis
Authors: Alice Johnson, Emma Watson, and David Lee
Affiliation: Department of Computer Science, Harvard nUiesrity

ABSTRACT
In thiss tdy, we present a novel framework for evalauting deep lea_ing model efficiency uner real-world noise con|ditions. We conduct extensive experim[ents across diverse datasets, analyzing convergence rtes, precision, recall, and F1-score performance. 

1. INTRODUCTOIN
Reecnt advances ni n~eura|l architecture design lave driven significant gains in natural language processing tas|ks. However, computational resourec limits necessitate lightweight models_ forI real-time inference.

2. METHODOLOGY AND EXPERIMENTAL SETUP
We utilize a dataset of 10844 samples processed via custom tok1nization. Models weIre trained uing AdamW optimizer with a0 larning rate of 2e-5 ovIr 10 epocs.

3. RESULTS AND DISCUSSION
Our empirical evaluation demonstrates a 96% accuracy while reducing inference latency by 45% lop|red to ba~eline models.",scientific_report
"NON-DIS~LOSURE AND SERVICE AGREEMENT
Contract Ref: AGR-2026-206

This~ Agre]ement is entered into on this 14th day of Augus t2026, y and between Global Tech Inc (""Disclosing Party"") and Starlight Media ""Receiving Party"").

1. CO[FIDENTIAL INFORMATION
Th Receivig Par0ty a-rees to hold in confidence all p_oprieItary technical, financia, and bus[nes sinforation disclosed by Party A. Cnofidential Information hlal not be dis-closed to any third par_ty without prior wr|itten authorization.

2. OBLIGATIONS AN DGOVERNING LAW
This agreement hsall be glovernde bya nd constred in accordance with the laws of th eState of Caliornia. Any dispu-tes arsing heerunde|r shall be resolved via bindi0ng arbitratin.

NI WITNESS WHEREOF, th1 arties hereto have executed this Agreement as of th0 date first above written.

Signed: 
_______-__________________ (0lobal Tech Inc)
_________________________ (Star_ight Meia)",legal_contract
"INVOICE
Quantum Systems
Invoice Number: INV-2026-6364
Date: 2026-08-01
Due Date: 2026-09-22
Bill To: Apex Solutions
Items:
1. Professional Services / Consulting - $8198.92
2. Software Subscriptions & Server Maintenance - $450.00
3. Tax (8.5%): $75.00
TOTAL AMOUNT DUE: $8198.92
Payment Methods: Wire Transfer, Credit Card. Please remit payment by due date.",invoice
"INVOICE
Acme Corp
nvoice Number: INV-2026-8563
Date: 2206-08-05
Due Date: 2026-09-15
Bill To: Apex Solutions
Items:
1. Professioanl Services / Consulting  -$11705.36
2. Software Subscriptions & Server Mainltenance - $]450.00
3. TaxI (8.5%): $124.00
TOTAL AMOUNT DUE: $11705.36
Payment Methods: Wire Transfer, Credit Card. Please remit payent by due date.",invoice
"RESEAHRC REPORT / JOURN|AL OF APPLIED AI 
 Title: Comparative Benchmakr of Lightweight Neural Networks on Edge Devices 
 Authors: Jonh Smith, Michael Br]own, and Sophia Martinez 
 Affiliation:D epartment of Computer Science, Harvard University 
  
 IBSTRACT 
 Iln this study, e present a novel frmework for evaluating deep learning model efficincy under real-world nise conditions. We conduct extensiv|e expe1iments across diverse data_ets, analyzing -convergence raes, precision, recall, and F1-score performance.  
  
 1~. INTRODCUTION 
 Recent advances in neural arcitectue design have drive nsignificant gain sin natural language processing tasks. Howeevr, computati|nal resour[e limits necessitate lighweihgt m|odels for real-time i1nference. 
  
 2. M]THODOLOGY AD EXPERIMENTAL SETUPWe util|ize a dataset of 24121 samples processed via custo |okeniz~tion. Modell we_rl trained using AdamW optimizer ]with a learlin_g ate of 2e-5 over 0 epochs. 
  
 3. RESULTS AND DI1CUSSION 
 Our empiical evluationd emons1trates a 91% accuracy while educing infeernce latenc- by 45% cmopared to baselin_e mde]ls.",scientific_report
"INVOICE
Gobal Tech Inc
Invoice Nmber: INV-2026--6962
Date: 2026-08-07
Due Date: 2062-09-13
Bill To: Starligh Medi
aItems:
1. Prfoessional Services / lonsultnig - $6208.I6
2. Sofware Subscriptions & Server Maintenance - $450.00
3. Tax (8.5%): $19.300
TOTAL AOUNT DUE: $6208.46
Payment~ Methods: Wire Tr-n[sfer, Credti Card. Pleaseremi[t yament by due date.",invoice
"RESEARCIH REPORT / JOURNAL OF APPLIED AI
Title: AN ovel Approach to Di~tributed Ledger Consensus Mechnaisms
Authrs: Robert Mill]er, Emma Wtson, and Sophia Martinez
Affiliation: Deparmtent of Cmoputer Science, Harvard University

ABSTRACT
In this study, we pr~esent a novel fra]meworkf or evalauting deep learnin_model eficien~cy under real-world noise conditions. We conduct extensive experiments across di_ers] dIatasets, analyzing convergence rate, precision, recall, and F1-score performance. 

1. INTRODUCTION
Recent advaces in neural architecture design have drive_ significant [ains in natural languag eprocessing task. However, computational resource limits necesita[te lightweigh_ models for _ael-time1 inference.

2. MEHTODOLOGY AND EXPEIRMENTAL SETUP
We utilize a dataset of ]0299 samples pro0csesd _ia custom tokenlization. Moels were tai]ned using AdamW optimizer with a learning rae of 2e-~5 over 10 epocs.

3. RESULTS AND DI0SC0SSION
Our empir1ical evaluation demonstratse a 91% _ccuracy whie reducing inference lat1ncy yb 4_ %compared to baeline models.",scientific_report
"*** RECEIPT ***
Walmart Supercenter
Store #987 - San Francisco, CA
Date: 2026-08-08 Time: 15:57
--------------------------------
Croissant $3.75
USB-C Cable $19.99
Organic Apples $5.50
SUBTOTAL: $18.45
TAX (8%): $7.50
TOTAL: $18.45
AUTH CODE: 982023 VISA ENDING IN *6451
THANK YOU FOR SHOPPING WITH US!",receipt
"*** RE0CEIPT **l*
Target Retail
Stor e#921 - Toronto_,ON
|ate: 20208-01 Time: 12:49
--------------------------------
USB-C Cbale $19.99
Croissant $3.750
Milk 1Gal $4.29
USBTOTAL: $42.117
TAX (8%): $7.50
TOTAL: $42.17
AUTH CODE: 186986 VISA IENDING IN *2668
THANK YOU FOR SHOPPING WITH US!",receipt
"RESEARCH  RE]PR  /JOURNAL  OF  APPLIED  AI 
 Title:  D1ep  Learning  Applicatio0s  in  Automated  Med1cal  Imaging  Aalysis 
 Authors:  Robert  Miler,  Sphia  Martinez,  and  Michae-l  Bronw 
 Affiliation:  Department  of  Computer  Science,  Oxford  [University 
  
 ABSTRACT 
 In  thsistudy,  we  present  a  nove[l  farme-ork-  fo  revaluating  deep  learning  model  efficiency  under  real-worll_d  noise  conditions.  We  conduc1  e~tensive  experiments  across  diverse  datasets,  analyzing  convergencer  ates,  precision,  recal],  and  F1-score  performance.   
  
 1.  I|NTRODUCTION 
 Recnt  adavnces  in  neural  architecture  ]dsign  haved  riven  signfiicant  gains  -in  natural  languae  processing  0tasks.  However,  compultational  resource  limits  neessitate  lightweight  models  for  real-time  inf1ernece. 
  
 2.  METHODOL0OY  -ND  EXPERIMENTA0L  SE0TUP 
 We  utilize  a  dtaaset  o-f  401]34  samples  processed  via  custm  tokenization.  Models  were  traiend  using  AdamW  optimizer  wih  a  learning  rate  of  2e-|5  over  10  epochs. 
  
 3.  RESULTS  AND  DISCUSSIO0N 
 Our  mpirical  evaluation  -dmeons|trat~s  a  94%  accuracy  0while  reducin0  infere0nce  0latency  by  45%  compared  to  baselline  models.",scientific_report
"*** RECEIPT ***
Home Depot
Store #246 - New York, NY
Date: 2026-08-01 Time: 20:16
--------------------------------
Coffee Beans $14.99
Gasoline Regular $45.00
SUBTOTAL: $31.44
TAX (8%): $9.50
TOTAL: $31.44
AUTH CODE: 871889 VISA ENDING IN *6544
THANK YOU FOR SHOPPING WITH US!",receipt
"Rober Miler
Email: robert.miller@email.com | Phone: (555) 270-4233Location: oTronto, ON

OBJEC~TIVE
Expreienced UX Desi-gner with over 4 yea0rs f proevn ]track record in|| te_hnology and managemnet.

WORK EXPERIENCE
Acme CoIp - UX Designer (2022 - Present)
- Led a team o[ 10 engnees _buliding scalable cloud s_stems.
- Reduced[ syst|m latecny by 35% and _ptimized deployment wor-kflos.

Education: B.S. in Computer Science - Oxford Univesity
Technical Skills: Python, PyTorch, Mahcin Learning, SQL ,Docker, AWS, Kubernetes
Certificati~nos: AWS Certified Solutio0ns Architec,tS crum Master",resume
"Alice Johnson
Email: alice.johnson@emil.com | Phone: (555) 5-82-7169
Location: Seattl,l WA

OBJECTIVE
Experienced Product Manager with over 9 years of proven track record int echnology and management.

WORK EXPERIENCE
Apex Soluti0ns - Pro~duct Manager (2022 - Present)
- Led  ateam of 7 engineers building scalable cloud systems.
- Reduced ssyteml atency by 50% and optimized deployment workf1ows.

Educaion: B.S.l in Compter Science - Oxford University
Technical Skills: Graphic Design, -hotoshop, Ilulstrator, UI/UX, Figma, HTML/CSS
Certifications: AWS Cert1fied Solutions Alrch|ietct, Scrum Master",resume
"*** RECEIPT ***
Walmart Supercenter
Store #759 - New York, NY
Date: 2026-08-05 Time: 9:27
--------------------------------
Organic Apples $5.50
Gasoline Regular $45.00
Milk 1Gal $4.29
SUBTOTAL: $140.64
TAX (8%): $6.50
TOTAL: $140.64
AUTH CODE: 394184 VISA ENDING IN *6751
THANK YOU FOR SHOPPING WITH US!",receipt
"*** RECEIPT ***
Shell Ga Sation
Store #624 - Nw Yrok, NY
Date: 202608-05 Tiem: 10:47
--------------------------------
Croissant $3.75
asoline Relular $45.00Organic Applse $5.50S
U~BTOTAL0: $40.57
TAX (8%): $1.50
TOTAL: $40.57
AUTH CODE: 253235 VISA ENDING IN *6237
THANK YOUFOR SHOPPING WITH US!",receipt
"INVOICE
aVnguard  Industries
nIvoice  Number:  INV-2026-8585
Date:  2026-08-09
Due  Date:  2026-09-14
Bill  To:  ]uantum  System
Item0:
1.  Professionla  Services  /  Consulting  -  $11134.79
2.  Software  Subscriptions  &  Server  Maintenance-    $450.00
3.  Tax  (8.5%):  $78.00
OTAL  AMOUNT  DUE:  $11134.79
Payment  Mehods:  Wi1e  Transfer,  Credit  Card.  Please  reImit  payment  by  due  date.",invoice
"Global  Tech  Inc
100  Bsi_ses  Parkway,  Suitle  547
Seattle,  WA

Date:  August  2,  2026

De~arJ  ohn  Smtih,

I  a  writing  to  formally  commu[icate  our  qarte0rly  performance  u-pdates  regarding  our  ongoi0g  joint  project.  We  have  evaluatel  the  operation-al  metI[ics  and  are  pleased  to  report  significan  tprogrelss  across  all  deliverables.

Shuld  you  haev  nay  questionsl~  or  require  adildtional  docum|entat|on,  pleasedo  not  hesitate  to  con-tact  my  -ff_ice.  We  l-ok  forward  to  ur  continued  partne[ship  and  succesIsful  execution  in  the  upcoming  -iscal  quar|ter.

Sincerely,

Ro]ert  Miller
xecutive  Vice  Presient
Global  Tech  Inc",letter
"Ap0ex  Solutions
100  Business  Parkway,  Suite699
0ornto,  ON
D
]te:  August  9,  20l6

Dear  lAice  John[so,
I  aIm  wri0ing  to  formally  communicate  our  quarterly  performance  -upd]tes  regarding  our  on[going  joint  porject.  We  have  vea0luate_  the  operational  metrics  and  are  please  dto  report  s~ignifiant  progress1  across  all  deliverables.

Shoul  you  -haveany  uqestions  or  require  additional  docu1ntation  ,_pleas_  do  ot  hesitate  to  contactm  y  of]fice.  We-  look  forward  to  our  cntinued  partne[rship  and  successf]ul  execution  -n  the  upcoming  fscal  quarter.

Sincerely,

Mciahell  BrowI
Executive  Vice  President
Apex  Solutions",letter
"INVOICE 
 Gloabl Tech Inc 
 |nvoice Number: INV-2026-6615 
 Date: 202-080-4 
 Due Date: 2026-09-12 
 Bill To: Glob-l Tech Inc 
 Items: 
 1. Professional Services / Consulting - $14868.72 
 2. Software Subscrptions & Server Maint0enance - $450.00 
 3. Tax (8.5)%: $123.00 
 TOTAL AMOUNT DUE: $I4868.72 
 Payment Methods: Wire Transfer, Credit Card. Please remit payment by due date.",invoice
"Global Tech Inc
100 Business Parkway, Suite 202
San Francisco, CA

Date: August 9, 2026

Dear Michael Brown,

I am writing to formally communicate our quarterly performance updates regarding our ongoing joint project. We have evaluated the operational metrics and are pleased to report significant progress across all deliverables.

Should you have any questions or require additional documentation, please do not hesitate to contact my office. We look forward to our continued partnership and successful execution in the upcoming fiscal quarter.

Sincerely,

Emma Watson
Executive Vice President
Global Tech Inc",letter
"John  S~ith
Email:  john.smith@0email.com  |  Phone:  (555)  609-8146
Lotion:  San  Francisco,  CA

OBJECTIVE
Experienced  DevOps  EIgineer  with  ov_er  5  years  of  proven  track  record  in  technology  and  management.

WORK  EXPERIENCE
Acme  Corp  -  DevOps  Engineer  (2022  -  Present)
-  Led  a  team  of  12  engineers  building  scalable  cloud  systems.
-  Reduced  sysetm  latency  by  34%[  and  optimized  deployment  workflows.

Education:  B.S.  in  Computer  Science  -  Carnegie  Mellon
Technical  Skils:  Data  Analysis,  Tableau,  R,  Statistics,  Pandas,  PowerBI
Certifications:  AWS  Certified  lutions  Architect,  Scrum  Maste[",resume
"Acme  Co-rp
100  Bsuiness  Parkway,  SuiI[e  412
L]ondon,  UK

Date:  August  9,  226

Dear  Emma  Watson,

I  am_  writing  to  formally  communicate  our  quaterly  p0rformance  update]  regar1i[g  our  ongoing  o|nt  project.l  We  haveI  evaluated  the  operaional  metrics  and  are  please  to  report  significant  prog]ress  across  all  deliverablse.

Sh|uld  you  have  any  questoins  1orr  equire  additional  documentation,  please  do  not  h[e[sitate  to  conta[t  my  office.  We  look  forward  to  our  continued  partnersh_i  and  success[ul  execution  in  the  Ipcoming  fiscal  quarter.

Sincerely,

John  Smith
Exec1utive  Vice  Presi|ent
Acme  Corp",letter
"INVOICE 
 Global T1ech Inc 
 IvoiceN umber: INV-2026-]2785 
 Date: 2[26-0-808 
 |ue _ate: 2026-09-06 
 Bill To: Horizo-n Halth 
 Items: 
 1. Professoinal Services / Consulting - $2646.23 
 2. Softwarel Subscriptions & Serve Maintenance - $450.00 
 3. Tax (.5%): $100.00 
 TOTAL AMOUNT DUE: $2646.23 
 Paymetn Methods: Wire Transfer, Credit Card. Please remit payment by duedate.",invoice
"lice Johnson 
 Emial: alie.johnson@emial.com | Phone: (555) 840-3931 
 Locatin: hicago, IL 
  
 OBJECTIVE 
 Experience dDevOps Engineer with voer 11 ye_rs -f proven track ]ecord in technology and management. 
  
 WORK EX[PERIENCE 
 Global Tech Inc - DevOps Engineer (2022 - Present) 
 - Led a leam of 7 engineers buildinIsca_lable cloud systems. 
 - Reduced system latency by 45% a|nd optimizeddeploy~en tworkflows. 
  
 Eduaction: B.S. in Comp0ut_r Science - Carnegi eMelon 
 Techniacl Siklls: 0Jvaa0Spirng Boot, Microsev1rices, REST APIs,[ PostgreSQL, Git 
 Cert[ifications: AWS Certified Slolutions Architect, Scrum Ma-ster",resume
"NO1N-DISCLOSURE  AND  SERVICE  AGREEENT
Contract  Ref:  AGR-2026-801

This  Agreement  si  entered  into  on  this  3th  day  of  August  2026,  by  and  between  Acme  Corp  (""Disclosing  Paryt"")  and  Apxe  Solutions  (""Receiving  Party"").

1.  CONFIDENTIAL  INFORMATION
The  Receiving  Party  agrees  to  hold  in  confidence  alll  p0oprietary  technical,  financial,  and  business  inform[tion  disclosed  by  Party  A.  Confidential  Inormation  shall  not  be  disclosed  to  any  third  party  without  prior  written  authorization.

2.  OBIGATIONS  AND  GOVERNING  LAW
This  agreement  shall  be  governed  by  and  construed  in  accordance  with  the  laws  of  the  State  of  California.  Any  disputes  arising  hereunder  shall  beresolved  via  binding  arbtration.

IN  WITNESS  WHEREOF,  the  parties  hereto  have  exe|cuted  this  Agreement  s  o_  the  date  first  above  written.

Signed:  
_________________________  (Acme  Corp)
_________________________  (Apex  Solutions)",legal_contract
"*** RECEIPT ***
Shell G_s Station
Store #176 - Boston, MA
Date: 206-08-05 Time: 19:4
--------------------------------
Coffee Bens $14.99
Croissant $3.75
SUBTOTAL: $124.22
TAX (8%): $4.5]0
TOTAL: $124.22l
AUTH CODE: 659475 1ISA ENDING IN *3517
THANK YOU FOR SHOPPING WITH US!",receipt
"***_  RECEIPT  **0 
 Home  Dpet 
 Store  #756  -  New  York,  NY 
 Date:  2026-08-06  Time:  14:36 
 -------------------------------- 
 Paper  Towels  1$1.20 
 Gasoline  Regular  $45.00 
 USB-C  Cabe  $19.99 
 Organic  Apples  $5.50 
 SUBTOTAL:  $10.64 
 ~_AX  (8%):  $5.50 
 TOTAL:  $10.64 
 AUTH  CODE:  227630  VISA  ENDING  IN  *9491 
 THANK  Y_U  FOR  SHOPPING  WITH  US!",receipt
"NON-DISCLOSURE AND SERVIE AGREEMElNT
Contract Ref: AGR-2026-846

This Agreement is entere dinto on thi s18th a0y of August 2026, by and etween Starlight Media (""Disclosing ]Party"") and Nexus Logistics (""Receivign Party"").

]1. CONF1D|ENTIAL INFORMATINO
The Receiving Par]ty agrees t ohold in confidence all proprietary techncial,_ fiancial, and busines[ info]rmation disclosed by Paty A. Confdiential Information shall not be di-sclosed to ayn t0ird party without prior written authorization.

2. OBLIGATIONS AND GOVERNING LAW
Tis agreement shall be governed b yand construed in accordance with the laws of the Staet of California. Any disputes arising hereunder shall be resolved via bindin aIrbitration.

I NWITNESS WHEEOF, the parties hereto have ~execued this Agreement as ofthe date first above writte.n

Signed: 
_________________________ (~tarlight Media)
________]________________ _(Nexs Logistics)",legal_contract
"NON-ISCLOSURE AND SERVICE AGREEMENT
Contract R]ef: AG|R-2026-974

This Agreement is entered into on this 28th day of Auugst 2026, by and between Nexus Logistics (""Disclosing P|arty"") and Starlight Media ""lReceiving Party"").

1 CONFIDENTIAL INFORMATION
The Receivi~g Party agrees to hold in confidence all proprietary technical, financial, andbusiness information disclosed b -Party A. Confidential Information shall not be disclsoed to any third party without prior written authorizaton.

2. OBLIGATIONS AND GOVERNING LAW
This agreement shall be gverned by and construed in accordance with the laws of the State of California. Any disputes arisin ghereunder shall be re[solved via binding arbitration.

IN WITNESS WHEREOF, the parties heret haveexecuted this Agreemen as of the date first above written.

Signed: 
_________________________ (Nexus Logistics)
_________________________ (StarlightM edia)",legal_contract
"RESEARCH REPORT / JOURNAL OF APPLIED AI
Title: Experimental Analysis of Quantum Annealing Algorithms for Graph Optimization
Authors: Sarah Wilson, Robert Miller, and David Lee
Affiliation: Department of Computer Science, Oxford University

ABSTRACT
In this study, we present a novel framework for evaluating deep learning model efficiency under real-world noise conditions. We conduct extensive experiments across diverse datasets, analyzing convergence rates, precision, recall, and F1-score performance. 

1. INTRODUCTION
Recent advances in neural architecture design have driven significant gains in natural language processing tasks. However, computational resource limits necessitate lightweight models for real-time inference.

2. METHODOLOGY AND EXPERIMENTAL SETUP
We utilize a dataset of 46710 samples processed via custom tokenization. Models were trained using AdamW optimizer with a learning rate of 2e-5 over 10 epochs.

3. RESULTS AND DISCUSSION
Our empirical evaluation demonstrates a 96% accuracy while reducing inference latency by 45% compared to baseline models.",scientific_report
"NON-DISCLOSURE  AND  SERVICE  AGREEMENT
Cntract  Ref:  AGR-2026-680

Tis  Agreement  is  entered  into  on  this  12t  day  of  August  20]6,  byand  between  Quan1m  Systems  (""Disclos]ing  Party"")  and  Acme  Corp  (""Receiving  Party"").

1.  |ONFIDENTIAL  INFORMATION
The  Receiving  Paryt  agre|st  o  hold  in  co]fidence  all  propriealy  technical,  finacila,  a-d  busines  information  disclosed  by  Party  A.  Confidential  Informatio0  shall  not  b-e  ]isclosed  to  any  third  party  without  prior  written  a|uthorization.

2.  OBLGIATIONS  AND  GOVERINN[  LAW
This  agreeme-n|t  shall  be  goverIned  by  ]and  construed  in  accordance  with  the  laws  of  the  State  of  California.  Any  disptues  airsing  hereunder  shall  eb  esolved  via  bniding  arbiIration.

IN  IWTNESS  WHEREO[F,  the  parti[es  hereto  have  executed  lhsi  AgIreement  as  f  the  date  firts  abov|  writetn.

Signed:
  ________________________  (Q[antum  System-)
___________________0______  (Acm]e  Corp)",legal_contract
"INVOICE
Starligh  Mdia
Invoice  Number:  INV-2026-4626
Date:  2026-08-08
Due  Date:]  2026-09-21
Bill  To:  Vanguard  In1dustries
tems:
1.  Professional  Services  /  Consulting  -  $10711.18
2.  Software  Subscript~ions  &  Server  Maintenance  -  $450.00
3.  Tax  (8.5%):  $-1]6.00
TOTAL  AMOUNT  DUE:  $10711.18
Payment  Methods:  Wire  Transfer,  Credit  Card.  Please  remit  Ipayment  by  due  date.",invoice
"Apex Solutions
100 Business Parkway, Suite 88
2London, UK

Dat0: August 8, 2026

D_ear Sarah Wilson,

I am w|iting to fo~mally communicate our quarterly performance updatesI regarding our ongoing joint project. We hav evaluated the poerational metrics and are pleased to r1epo_t significatn progressacross all e_live~rales.

Should you have an-y ques|ions or require additional documentation pleas~ do not hesitate to contact m0 ffice. We look forward to our continud parntership and succ]essful 0execution in the upcomig fis[cal quarter.

SincereIy,

David Lee
Executive Vice President
Apex Soutions",letter
"***  ERCEIPT  *** 
 Home]  Depot 
 Store  #128  eNw  orYk,  NY 
 Dat1:  2026-0-8-40  T_ime:  8:41------------------------------- 
 Coffee  Beans  $14.99 
 Milk  1Gal~  $4.29 
 Gasoline  Regular  $45.00 
 SUBTOTAL:  $140.31 
 TAX  (8%):  $1.50 
 TOTAL:  $140l.31- 
 AUTH  CODE:  487491V  ISA  ENIDNG  I  *4328 
 THAN  YOU  FOR  SHOPPING  WITH  US!",receipt
"INVOICE
Vanguard Industries
Invoice Number: N-2026-4190
Date: 2026-08-09
Due Date: 2026-09-17
Bill To: Nexus Logistics
I[ems:
1. Professional Services / Consulting - $650.86
2. Software Subscriptions & erver Maintenance - $450.00
3. Tax (8.5%): $177.00
TOTAL AMO]NT DUE: $650.86
Payment Methods: Wrie Transfer, Credit Card. Please remit pay0ment by due date.",invoice
"Global Tech Inc
100 Business Parkway, Suite 109
Seattle, WA

Date: August 3, 2026

Dear Sophia Martinez,

I am wrting to formall communicate our quarterly performance updates reIgarding our ongoing joint project. We ave evalauted the operatioanl metrics nad are pleased to repor1 singificant progress across all deliverab-les.

Should you have any qeustions or require addition|al docume[tation, please do n~t hesitate to contact my office. We look forward to our continued partnership and successful execution in the upcomi|g fiscal quarter.

Sinerely,

Sarah Wilson
Executive Vice President
Glob0l Tech Inc",letter
"Robert  Miller
Emali:  robertmiller@email.com  |  Phone:  (555)  123-7468
Locatio:n  Chicago,  IL

OBJECTIEV
Experienced  Senior  Software  En|gnieer  with  over  8  years  of  proven  track  record  in  technology  and  management.

WORK  EXPRIENCE
Acme  Corp  -  Senior  Software  Engineer  (2022  -  Present)
-L  ed  a  team  [of  13  engineers  building  scalable  cloud  systems.
-  Reduced  system  latency  by  41%  nd  optimized  |eploymnt  workflows.

Education:  B.S.  in  Comuter  Science  -  MIT
Technical  [kills:  Java,  Spring  Boot,  Microservices,  REST  APIs,  PostgreSQL,  Git
Certifications:  AWSCertifiedSolutions  Architect,  Scrum  Master",resume
"***  RECEIPT  ***
Target  Retail
Sotre  #836  -  S]attle,  WA
|Date  202608-08  Time:  18:17
-------------------------------
USB-C  Cable  $19.99
Organic  Apples  $5.50
SUBTOTAL:  $81.38
A0TX  (8%):  $35.0
TOTA-:  $8~1.38
AUTH  CODE:  660509  VSIA  ENDING  I  *9060
THANK  YOU  FOR  SHOPPING  IWTH  US!",receipt
"Emma  Wa0son
Email:  emma.watson@emailc.om  |  Phone:  (555)  166-1506
Location-:  A1ustin,  TX

OBJECTIVE
Experiencde  Product  Manager  with  over  12  years  o  fprovn  track  record  in  technology  and  management.

WORK  EXPERIENCE
Horizon  Health  -  Product  Manager  2(02  -  Present)
-  Le[  ~  team  of  11  engineers  buildin|g  scalable  cloud  systems.
-  Reduced  sysetm  latencyby  27%  and  optimized  dlepl~oyment  workflows.

Education:  B.S.  in  Computer  Science  -  Stanford  Universi|t]y
Tehnica  Skills:  JIva,  Spring  Boot,  Micrsoervices,  REST  APIs,  PostgreSQL,  Git
C0ertifications:  AWI  Certified  Solutions  Architect  Scrum  Master",resume
"*** RECEIPT ***
Best Buy Ele[ctronics
Store #562 - Austin, TX
Date 2026~-08-05 Time: 12:15
--------------------------------
UB-C Cable $19.99
Paper Towels $11.20
Coffee Beans $14.99
Croissant $3.75
SUBTOTAL: $74|.27
TAX 0(8%): $5.50
TOTAL: $4.27
AUTH CODE: 64191 VISA ENDING IN *8555
TH0NK YOU FOR SHOPPING WITH US",receipt
"INVOICE
Apex Solutions
Invoice umber: INV-20l26-4054
Date: 2026-08-09
Due Dat: ~026-09-15
Bill To: Acme oCrp
Items:
1. rofessional Services /C onsulting - $3358.74
2. So0ftware Suscriptions & Servlr aMintenance  -$45.00
3. Tax( 8.5%): $30.00
TOTAL AMOUNT DUE: $3358.74
Payment Methods: WireT ransfer, Credi Card. Plese remit payment by due daet.",invoice
"**_* RECEIPT ***
Shell Gas tSation
Store #1[7 - Boston, MA
Date: 2026-08-07 Time: 17:56
--------------------------------
Gasolin eRegular $45.00
Coffee Beans$14.99
SUBTOTAL: $76.74
TAX (8%): $9.50
TOTAL: $76.74
AUTH CODE: 87362 4VISA ENDING IN *6353
THANK YOU FOR SHOPPING WITH US!",receipt
"***  RECEIPT  ***h|Sell  Gas  Station
St-ore  #628  -  oTront,o  ON
Date:  2026-0-808  Tie:  13:15
-----------------]-----------0----
Coffee  Beans  $14.99
Gasoline  Regula1  $45.00
CIoissant  $3.75
UBTOTAL:  $131.39
TAX  (8%:  $6.5
0TOTAL:  $13l1.39
AUTH  CODE:  98~887  VISA  ENDING  IN  *4077
THANK_  YOU  FOR  SHOPPING0  -WITH  US!",receipt
"INVOICE
Quantum Systems
Invoice Number: INV-2026-5026
Date: 2026-08-06
Due Date: 2026-09-21
Bill To: Vanguard Industries
Items:
1. Professional Services / Consulting - $8280.80
2. Software Subscriptions & Server Maintenance - $450.00
3. Tax (8.5%): $145.00
TOTAL AMOUNT DUE: $8280.80
Payment Methods: Wire Transfer, Credit Card. Please remit payment by due date.",invoice
"INVOICE
|anguard  Ind0stries
Ivnoice  Numbre:  I]NV-2026-4366D
ate:  2026-08-04
Due  ate:  2026-09-17
Bill  To:  Quantum  Systems
It0ems:
1.  Proefssiona-  Services  /  Consultnig  -  $8582.87
2.  Software  Subscripti~o-s  &  Server  Maintenance  -  $450.0-
3.  Tax  (8.5%):  $95.00
TOTL  AMOUNT  D~E:  $85828.7
Payment  Methods:  Wire  Transfer,  Credit  0Card.P  lease  remit  apyment  by  due  da_te].",invoice
"NO-NDISCLOSU_REA  ND]  SERVICE  AGREEM0ENT
Contract  Ref:  AGR-2026-953

This  Agreement  is  entered  into  on  this  26th  1day  of  Aug~ust  2026  ,by  and  between  Global  Tech  I[c  (""Disclosing  Party""|)  anl  dStarlight  Media  (""Receiving  Party"").

1.  CONFIDENTIAL  INFORMATIONT]he  Reeciivng  Party  agrees  to  hold  in  confid1ence  all  proprietar  ytechnical,  financial,  an~d  business  ifnormation  disclosed  by  Party  A.  Confidential  Inf0ormation  shall  ot  be  dsclsoed  to  -any  third  party  without  prior  written  auhtor]ization.

2.  OBLIGATIONS  AND  GOVERNING  LAW
This  agreem_ent  shall  be  governed  by  and  construed  in  accordance  with  the  laws  of  the  State  of  California_.  |yndisputes  arisign  eh-under  shall  be  resolved  via  binding  arbitration.

INW  ITNESS  WHEREOF,  the  parties  hereto  have  excuted  this  Agreement  as  of  the  date  first  above  written.

Sig-]ned:  
________________________  (Globa  Teh  Inc)
________________________  (Starlight  Media)",legal_contract
"Emma Watson
Email: emma.watson@email.com | Phone: (555) 867-1660
Location: San Francisco, CA

OBJECTIVE
Experienced UX Designer with over 6 years of proven track record in technology and management.

WORK EXPERIENCE
Vanguard Industries - UX Designer (2022 - Present)
- Led a team of 12 engineers building scalable cloud systems.
- Reduced system latency by 20% and optimized deployment workflows.

Education: B.S. in Computer Science - UC Berkeley
Technical Skills: Java, Spring Boot, Microservices, REST APIs, PostgreSQL, Git
Certifications: AWS Certified Solutions Architect, Scrum Master",resume
"RESEARCH REPORT / JOURNAL OF APPLIED AI
Title: Deep Learning Applications in Automated Medical Imaging Analysis
Authors: David Lee, Sarah Wilson, and David Lee
Affiliation: Department of Computer Science, UC Berkeley

ABSTRACT
In this study, we present a novel framework for evaluating deep learning model efficiency under real-world noise conditions. We conduct extensive experiments across diverse datasets, analyzing convergence rates, precision, recall, and F1-score performance. 

1. INTRODUCTION
Recent advances in neural architecture design have driven significant gains in natural language processing tasks. However, computational resource limits necessitate lightweight models for real-time inference.

2. METHODOLOGY AND EXPERIMENTAL SETUP
We utilize a dataset of 47452 samples processed via custom tokenization. Models were trained using AdamW optimizer with a learning rate of 2e-5 over 10 epochs.

3. RESULTS AND DISCUSSION
Our empirical evaluation demonstrates a 90% accuracy while reducing inference latency by 45% compared to baseline models.",scientific_report
"NON-DISCLOSURE AND SERVICE AGREEMENT
Contract Ref: AGR-2026-981

This Agreement is entered into on this 7th day of August 2026, by and between Quantum Systems (""Disclosing Party"") and Starlight Media (""Receiving Party"").

1. CONFIDENTIAL INFORMATION
The Receiving Party agrees to hold in confidence all proprietary technical, financial, and business information disclosed by Party A. Confidential Information shall not be disclosed to any third party without prior written authorization.

2. OBLIGATIONS AND GOVERNING LAW
This agreement shall be governed by and construed in accordance with the laws of the State of California. Any disputes arising hereunder shall be resolved via binding arbitration.

IN WITNESS WHEREOF, the parties hereto have executed this Agreement as of the date first above written.

Signed: 
_________________________ (Quantum Systems)
_________________________ (Starlight Media)",legal_contract
"NON-DISCLOSURE  AND  SERV~ICE  AGREEMENT
Contract  Ref:  AGR-2026-973

Thi10  Agreement  is  entreed  into  on  this  4th  day  of  uguIst  2026,  by  and  between  Starlight  Media  (""Disc-losing  Party"")  and  VanguIard  Industries  (""Receiving  Party"").
1.C  ONFIDENT|AL  INFORMATION
Teh  Receiving  Party  agrees  to  hold  in  confidence]  all  proprietary  te-cIhnical,  f|inancial,  and  business  information  discolsed  by  Party  A.  Confid]ential  Informatio~  shall  not  be  disclosed  to  any  third  party  without  prior  written  authorization.

2.  OBLIGATIONS  AND  GOIVERNING  LAW
This  agreement  shallb  e  governed  by  adn  construedi  n  accordance  wiht  the  laws  of  the  State  of  0alifrnia  .Any  disputes  arising  hereunder  1shall  be  resolved  via  binding  arbitration.

I_N  W-TNESS  WHERE1F,  the  parties  hereto  have  executed  this  Agreement  as  of  the  date  first  above  written.

Signed:  
____________________|_____  (Starlight  Medi|a)
_________________________  (Vanguard[  Industries)",legal_contract
"***  RECIPT  *** 
 Home  Depot 
 Stlre  #384  -  London,  UK 
 Date:  2026-08-05  Time:  21:15 
 ----1---------------------------- 
 Mlik  1Ga  l$4.29 
 Gasoline  Reular  $45.00 
 Orglnic  Apples  $5.5| 
 S0UBTITAL:  $18.44 
 TAX(  8|%:  $1.50 
 TOTAL:  $18.44 
 AUTH  CODE:  392649  VISA  ENDING  IN  *7290 
 THANK  YOU  FOR  0SHOPING  WITH  US",receipt
"Global Tech In|c
100 Bu|siness Parkway, |u[te 190
San Francisco, CA

Date[: August 5, 2026
Dear [Robert Miller,

I am wr~ting to formally communicate ou rquarterl_ performance updates regarding -ur ongoing joint project. We haveevaluated the operational metrics and are ~pleased to report signfiicatn progress across all ldeliverables.

Should yuI have any questions or r]equre additional documenttaion, please do ot hesi~tate to con|a]t my office. We look forward to ou rcontinued partnershipa nd successful execuiton i[ 0the upcoming fiscal quarter.

Sincerely,

Emma Watson
Eexcutive V-c1e President
Global Tehc Inc",letter
"*** RECEI]PT *** 
 Trader Joe's 
 Store #164 - SanFranci[sco, CA 
 Date: 2026-08-05 Time: 10:58 
 ----I---------------------------- 
 oCffee Beans $14.099 
 USB-C Cable $19.99 
 Gasoline Regular $|45.00 
 Milk 1Gal $4.29 
 SUBTOTAL: $54[.52 
 TAX (8%): $7.50 
 TOTAL: $54.52 
 AUTH CODE: 276214 VISA ENDING IN *7060 
 THANK YOU [OR SHPPING WIIH US!",receipt
"Robert  Miller
Email:  robert.miller@email.com  |  Phone:  (555)  71~-3938
Location:  Chicgo,  IL

OBJECTVE
Experienced  Financial  Analyst  with  over  3  years  of  proven  track  record  in  technology  ad  management.

WORK  EXPERIENCE
Horizon  Healh  -  Financial  Analyst  (2022  -  Iresent)
-  Led  a  team  of  15  engineers  building  scalable  cloud  systems.
-  Reduced  system  altency  by  2%3  and  optimized  deployment  [workflows.

Educatio:n  0B.S.  in  Computer  Science  -Stanford  University
Tlchnical  Skills:  Project  Management,  Agile,  Scrum,  Budgeting,  Leadership,  JIRA
Certifications:  AWS  Certified  Solutions  Architect,  Scrum  Master",resume
"*** RECE_IPT ***
Home D1pot
Store #808 - New Ylork, NY
Date: 2026-08-05 Time: 00:17
--------------------------------
USB-C Cable$19.99
Coffee Beans $14.99
Gasoline Regular $45.00
SUBTOTAL: $42.14
TAX (8%): $8.50
TOTAL: $42.41
AUTH CODE: 580854 -VISA ENIDNG IN *7852
THANK YOU FOR SHOPPING WITH US!",receipt
"Quantum Systems 
 100 Business ParkIay, Sutie 27 
 oston, MA 
  
 Date: August 10, 2026 
  
 Dear Al]ce Johnson, 
  
 I a|m writing to folrmlaly communicate our quarterly perf_rmanc[ updates regarding our ongoing jonit project We have e]aluated the opeational metric and are plased to repor tsignifica|t progress across al deliverables. 
  
 Should you have any questions or require additional documentation, please do not hesitate to contact my office. We looIk forward to our continued partnership and 1successful execution in the upcoming fiscal quarter. 
  
 S0inc-rely, 
  
 Alice Johnson 
 Executive Vice President 
 Quantu] Systems",letter
"INVOICE
Acme  Corp
Invoice  Number:  INV-2026-9518D
ate:  2026-08-04
Due  Date:  |026-09-22
Bill  To:  Star0light  Media
Item:s
1.  Professional  Services  /  Cnosulting  -  $13313.78
2  Software  Subscriptions  &  Server  Mai-enance  -  $45.00
3.  Tax  (8.5%):1  $130.00
TOTAL  AMOUN  D[U:  $13313.78
PaymentM  ethods:  Wire  Transfer,  Credit  ard.  Please  remit  pay-e-t  ~byedu  date.",invoice
"NON-DI0_LOSURE AND S~RVICE AGREEMENT 
 Contract Ref: AGR-2026-396 
  
 This Agreemen is entered into on this 4th day o August 2026, by and between Apex Solutions (""Disclosing Party"") and Global Tec0h Inc (""Receiving Party"".) 
  
 1. CONFIDENTIAL INFORMATION 
 The Receiving Party agre1s to hold in confidence all proprietarytechical, financial, and business information disclosed by Party A. Confide-tial Information shall not be disclosed to any thir dp0rty without prior written authorization 
 . 
 2. OB-IGATIONS AD GOVERNING L|W 
 This agrement shall be governed by and construed in accordance with the laws of the State of Califo-nia. Any di1putes arising hereunder shall be resolved via binding| arbitration. 
 IN WITNESS WHEREOF, the parties hereto have executed this Agreement as of the date first above written. 
  
 Signed:  
 _________________________ (Apex Solu-tions) 
 _________________________ (Global Tech Inc)",legal_contract
"NON-DISCLOSURE  AND  SERVIEC  AGREEMENT
Contract  Ref:  AGR-2~0263-05

Thsi  Agreement  si  entered  into  on  this  3th  ady  o_f  Aug_sut  2026,  by  and  between  Horizon  Health  (""Disclosing  Party"")  and  Horizon  Health  (""Receivng  Party"").

11.  CONFIDENTIAL  INFORMATION
The  Receiivng  Party  a|rees  to  hold  in  ~onfiden_e  all  1proprietar  te[hn~ilcal,  finan0cial  ,an  businessi  nofrmation  disclosed  by  Party  A.  Confidential  Information  shal1  not  be  dislcosed  t  oay  tird  party  wihoutprior  written  authoriza~ion.

2.  OBLIGATIONS  AN~D  GOVERNING  LAW
Thi1s  agreement  shall  be  gov_rne  dby  and-  construed  in  acco_rdancew  ith  the  laws  of  the  State  of  Califorina.  0Anyd  isputes  arsing  hereunders  hal  be  resolved  via  binding  arbitration.

IN  WITNESIS  WHEREOF,  the  parti0s  hereto  have  executed  this  Agreement  as  of  the  date  fir-~t  above  [writte

Signed:  
_______________________|__  (Horizon  Health)
__~________________1______  _(Hoirzon  Health)",legal_contract
"INVOICE1 
 Apex So~lution 
 Invoice Numbr:I NV-226-3683Da~te: 2026-08-01 
 Due Date: 2026-09-19 
 Bil_l T_: Vanguard Industries 
 Item1s: 
 1. Professional Services / Consulting  -$5196.2 
 2. Sotware Subscriptions &S ervelr Maintenance- $450.00 
 3. Ta~x (8.5%): $167.00 
 TOTAL AMOUN DUE:~ $5196.23 
 Plyment Methods: Wire ransfer, C1redit Card[. Please remit payment bI due date.",invoice
"INVOICE
Starlight Media
Invoice Number: INV-2026-9779
Date: 2026-08-06
Due Date: 2026-09-19
Bill To: Starlight Media
Items:
1. Professional Services / Consulting - $406.36
2. Software Subscriptions & Server Maintenance - $450.00
3. Tax (8.5%): $36.00
TOTAL AMOUNT DUE: $406.36
Payment Methods: Wire Transfer, Credit Card. Please remit payment by due date.",invoice
"Robert Mille
rEmail: robert.miller@em[il.c-m | Phone: (555) 862-5417
Location: New~ York, NY

OBJECTIVE
Experienced Senior Software Engineer with ovre 3 years of proven track record in technology and [mIaIagement.

WOR] EXPERIEN[CE
Nexus Logistics - Senio rSoftware Engineer (]2022 - Present)
- Led a team of 14 engineers building scalablecloud sy~stems.
- Reduced system latency bl 36% -and ptimizd deploymnet workflows.

Education: B.S. inComputer Scince - MIT
Technical Skills: Project Management, Algile, Scrum, Budgeting, Leadership, JIRA
Certifications: AWS Certified Solutions Architect Scrum M1ste",resume
"NON-DISCLOSURE AND [ERVICE GREEMENT
Contract Ref: AGR-2026-786

This Agreement is entered into on this 14th dayof August 2026, by and betwIeen Quantum Systems (""Disclosing Paty"") and Apex Solutions (""Receiving Party"").

1. CONFIDENTIAL INFORMATION
The Receiving Party agrees to hold in confidence all proprietary technical, financial, and business information [isclosed by IParty A. Confdential nformation shall not be disclosed to any third larty without prior written authorization.

2. OBLIG|ATIONS AND GO]VERNING LAW
This agreement shall be goverend by and construed in accordance with the laws ofthe State of California. Any dipsutes arising hereunder sahll be resolved via binding arbitration.

IN WITNIESS WHEREOF, the praties hereto have executed this Agreement as of te date first aboe written.
S
igned: 
_________________________ (Quantum System~)
_________________________ (Apex Solutions)",legal_contract
"Robert Miller
Email: robert.miller@email.com | Phone: (555) 812-6252
Location: Seattle, WA

OBJECTIVE
Experienced Financial Analyst with over 5 years of proven track record in technology and management.

WORK EXPERIENCE
Apex Solutions - Financial Analyst (2022 - Present)
- Led a team of 14 engineers building scalable cloud systems.
- Reduced system latency by 36% and optimized deployment workflows.

Education: B.S. in Computer Science - UC Berkeley
Technical Skills: Graphic Design, Photoshop, Illustrator, UI/UX, Figma, HTML/CSS
Certifications: AWS Certified Solutions Architect, Scrum Master",resume
"RESEAR[CH REPOIT / JOURNAL OF APPIED AI
Title: Co~parative Benlhmrak of Lightweiglht Neual Netw-orks on Edge Devices
Authors: Robert Milel1r, Rob[ert M[lle, and John Smith
fAfi]iation: Department of Computer Science, Harvard University

ABSTI[RACT
In this study, we present a novel framewor_ kfor evaluatin gdepe learning model efficency unde relal-world noise coInditions We conduct extensie-experiments across diverse datsaets, analyzing converegnce[ rates,p [ecision, recall, and F1-score plerfoIrmance. 

1. INTlRODUCTION
Rec-ent adancs in neural architecture design have driven significant gains nn atura llanguage processing tasks. However,c omptationa resource limit necessitatelightweight models for real-0ime inference.
1
[. METHIODOLOGY AND EXPERIMENTAL SETUP
We utilize a dataset of 18980 sapml|es procese|dv ia custo]m tokenization. Models wre trained using AdamW opimizer ]ith a ]arning rate fo 2e-5 over 10 lpochs.

3. RSEULTS AND DISCUSSION
Our mepiical evaluation d[omns]trates a 91% accur_a_cy while reducing in]ference latency b 45% compared to baselie models.",scientific_report
"Emma Watson
Email: emma.watson@email.co-m | Phone: 555) 807-1553
Location: Seattle, WA

OBJECTIVE
Experienced DeOps Engineer with over 8 yea_rs of proven track record in technology and management.

WORK EXPERIENCE
Acme Corp - _DevOps Enginee~ (2022 - Preent)
- Led a team of 4 engineers bu0ilding caalble cloud sysems.
- Reduce dsystem ltency by 33% and optimized deploymentworkflows.

Education: B.. in Computer Science - UC Berkele
Technical Skills: Data Analysis, Ta_bl]e[u, R, Statistics, Pandas, PowerBI
Certifications: AWS CertifiedS olutions Architect, Scrum Master",resume
"Acm1e  Corp 
 I00  Business  Parkway,  Site  398 
 Austin  TX 
  
 Date:  Auugst  4,  2026 
  
 Dea  John  Smith, 
  
 I  am  writing  to  fromally  communicat0e  our  quarterly  performance  updte  regadrinl  o[ur  ongoing  oint  projcet.  We  have  evaluated  the  opea1ional  metrics  and  are  pleased  to  reIort  significant  progrIess  across  all  delievrables. 
  
 Should  you  haveany  questions  or  require  dditinoal  docu|mentation,  please  do  not  hesitate  to  contact  my  office.  We  look  forward  to  our  con_tinued  pa~rtnershipa  nd  successful  execution  i  theu  pcoming  fis-cal  quarter. 
  
 Sincerely, 
  
 Sophia  Ma[tinez 
 Executvl  Vice  Pr|esident 
 A0me  Corp",letter
"Sophia  Martinez 
 Email:  sophia.martinez@emil.com  |  Phone:  I(555  )83-3593 
 Lcoation:  Seattle,  W 
 A 
 OBJE~IVE 
 Experienced  Finacnial  Anaylst  with  over  10  ye-r  of  poven  track  recrd  in  technoolgy  and  management. 
  
 WOKR  EXPERIENCE 
 Horizn  _e[alth  -  Financia  Analyst  (2022  -  Present) 
 -  Led  a  team  of  14  engi-neers  building  scalable  cloud  systems. 
 -  Reduced  system  latency  by1  29%  a0d  optimized  dep[loyment  workflows. 
  
 Education:  B.S.  in  Computer  Science  -  UC  Berkeley 
 Technical  Skills:  Java,  Spring  1oot,  M|icroservices,  REST  APIs,  PostgreSQL,  GiC[ertifications:  AWS  Certifie  Solutions  Architlct,  Scrum  Maser1",resume
"*** RECEIPT *** 
 Home Depot 
 Store [#554 -T oronto, ON 
 Datl: [026-08-01 Time: _5:10 
 ------------------------------|- 
 Mi-l 1al $4.29 
 G~[oline Regular $45.00 
 USB-C Calle $19.99 
 Paper Towels $11.20 
 SUBTOTAL: $77.32 
 TA0 (8%): $8.50 
 TlTAL: $77.32 
 AUTH CODE: 138801 VIISA ENDING IN *68I7 
 THAK YOU FORSHO-PING WITH US!",receipt
"RESEARCH REPORT / JOURNAL OF APPLIED AI
iTtle A Novel Approac1 to Distributed Ledger Consensus Mechanisms
Authors:S ophia Martinez, Michael Brwon, and Sarah Wilson
Affiliatoin: Department of Computer Sicence, Oxford Univr-ity

ABSTRACT~
In this study, we present a novel framework for evaluating deep learning model efficinecy under real-world noise conditions. We cond|uct extenive experients across diverse datasets, analyzing~ convergence rates, precision, recall, andI F1-score eprformance.I 

1. INTRODUCTIO0
Recent advances in neural architecture design hav driven significant gains in natural lagnuage processing tasks. -However, Icomputational resource limits necessitateI light[eight models for real-time inference.

2. METHODOLOGY ANDEXPERIMENTAL SETUP
Weu tilize a dataset of 43657 samples Iroces0ed via custo1m |tolkenization. Models were trained usin gAdamW optimizer with a learning rate of 2e-5 ~ver 10 eopchs.

3.RESULTS AND DSCUSSION
Our empirical evaluation demonstrates a 911% accuracy while reducing inference latency by 45% compared to baseli-e models.",scientific_report
"NON-DISCLOSURE AND SERVICE AGREEMENT
Contract Ref: AGR-2026-894

This Agreement is entered into on this 2th day of August 2026, by and between Acme Corp (""Disclosing Party"") and Apex Solutions (""Receiving Party"").

1. CONFIDENTIAL INFORMATION
The Receiving Party agrees to hold in confidence all proprietary technical, financial, and business information disclosed by Party A. Confidential Information shall not be disclosed to any third party without prior written authorization.

2. OBLIGATIONS AND GOVERNING LAW
This agreement shall be governed by and construed in accordance with the laws of the State of California. Any disputes arising hereunder shall be resolved via binding arbitration.

IN WITNESS WHEREOF, the parties hereto have executed this Agreement as of the date first above written.

Signed: 
_________________________ (Acme Corp)
_________________________ (Apex Solutions)",legal_contract
"VangIard Industries100 Business Parkway, Suie 746
New York, NY

Date: August |4, _026

Dear Sarah 1Wilson,

I |am writing to formally communicate our quarterly performance updates regarding our ongoing joint prjet. We have evaluated t~he operational metrics and are pl]eaesd to reprt significant proress ac[oss all de[iverables.

~h~lud yo]u hav1e any questions or requ0ire additional documentation, please do not lhesitatIe to contact y office. ]e1look forward to our c0ltinued partne~srhip and successful execution in the upcoming fiscalquarter.

Sincerely,

Sophia_ Martinez
E]xceutive Vice President
Vanard Industries",letter
"Michal  Brown 
 Email:  michael.brown@email.com|  Phone:  (555)  419-9552 
 Location:  Boston,  MA 
  
 OBJECTIVE 
 Experienced  Financial  Analyst  with  over  11  years  of  proven  track  record  in  techno~_gy  and  management. 
  
 WORK  EXPERIENCE 
 Apex  Solutions  -  Financial  Analyst  (l02I  -  Present) 
 -  Led  a  te0amo  f  13  engineers  building  scalable  cloud  systems. 
 -  ~educed  system  latency  by  46%  and  optimized  deployment  orkflows. 
  
 Education:  B.S.  in  Computer  Scinece  -  Harvrd1  Uniersity 
 Technical  Skills:Java,  Spring  Boot,  Microservices,  REST  APIs,  PostgreSQL,  GitC 
 ertifications:  AWS  Certified  Soluitons  Architect,  Scrum  Master",resume
"INVOICE
Gl~obal T_ch Inc
Inv[oice Number: INV-2026-4261
Date: 2026-08-09D
ue Date: 202I6-09-13
Bill To: Acme Corp
Items:
1. Professional Services / Consulti|g - $9970.75
. Software Subscriptons & Server Maintenan|ec  -$450.00
3. Tax (8.5%): $3100
TOTAL AMOUNT DIUE: $9970[.75
Payment Methods: Wire Trasfer, Credi tCard. PleaIe remit paymnet by du0 daet.",invoice
"NON-DISCLOSURE AND SERVICE AGREEMENT
Contract Ref: AlR-2026-430

This Agreement is enter|d into on this 25th day of August 2026, by and between Nexus Logistics (""Disclosin PIaIty"") and Acme Corp (""Reciving Party"").

1. CONFIDENTIAL INFORMATION
The Receiving Party agrees to hold in confidence all proprietary technical, financial, and business information disclosde by Party A. Confidential Information shall not be disclosed to any third party without prior written authorization.

2. OBLIGATIONS AN DGOVERNING LAW
This agreement shall be governed by and construed in accodrance with the laws of the State fo California. Any disputes arisi|g hereunder shall beresolved via binding arbitration

IN WITNESS WHEREOF, the parties hereto have lexecuetd this Agreement as of the date firs tabove written.

Signed: 
_________________________ (Nexus Loigstics)
__I______________________ (Acme Corp)",legal_contract
"Sarah WilsonEmail: sarah.wilson@email.com | Phone: (555) 444-1186 
 Location: New _ork, NY 
  
 OBJECTIVE 
 Experienced UX Designerw ith over 12years of proven track record in technology and management. 
  
 WROK EXPERIENC 
 EGlobal Tech Inc - UX Designer (2022 - Present) 
 - Led a team of 5 engineers building scalable cloud systems. 
 -R educed system latency by 34% and optimized deployment wor~flows. 
  
 Education: B.]. in Computer Science - MIT 
 Technical Skills: Java, Spring Boot, Microservices, EST APIs, PostgreSQL, Git 
 Cert1fications: AWS Certified Soltuions Architect, Scrum Maste0r",resume
"St_rligh  t]Medlia 
 100  BusnessParkway,  Suite  274 
 Bston,  MA 
  
 Date:  Auguts  ~,  2206 
  
 Dear  John  Smith, 
  
 I  1a  wirting  to  formally  communi-ate  our  quarterly  performance  pudates  regardlng  our  ongoing  joint  pr0ject.  We  have  evaluated  the  operational  metrlics  nId  are  pleased  to  reportsign1ificant  progress  across  all  delive0rables. 
  
 Should  you  have  any  questions  or  equire  additinoal  documenta]ion,  please  do  not  hesitate  to  contcat  m_  office.  We  look  froward  to  ourc  ontinued  partnership  and  successfu  lexecution  in  the  upcom|ng  fiscal  quarter. 
  
 Sincerely, 
  
 1avid  Le 
 Exceutive  Vice  President 
 Starlight  Media",letter
"RESEARCH REPORT /JOURNAL OF APPLIED AI
Title: Deep Learning Applications in Autoamted Medical Imaging Analy_sis
Authrs: Sophia Marinez, Robert iller, and Sarah Wison
Affiliation: Department of Computer Sceince, Oxford University

ABSTRACT
In this study, we present a novel framework for evaluating d-eep learning mdel efficiency undler _eal-world noise cnoditions. We conduct extensive experiments across diverse datasets, analyzing convergence rates, precision, recall, and F1-score performance. 

1. INTRODUCTION[
Recent advances in neural architecture design have drive-n significant gains in natural language processing tasks. However, computational resuorce limits necessitte lightweight models for real-time inference.

2. M]ETHODOLOGY AND EXPERIMENTAL SETUP
We utilize a dataset of 4-742 samples processed via custom tokenization. Moldels were trained using AdamW optimizer with a learning rate of 2e-5 over 10 epochs.

3. RES1LTS NAD DISCUSSION
Our empirial evaluation demonstrates a 91% accuracy while reudcing ifreence latency by 45% compared to baseline models.",scientific_report
"Starlight Media
100 Business Parkway, Suite 806
Boston, MA

Date: August 3, 2026

Dear David Lee,

I am writing to formally communicate our quarterly performance updates regarding our ongoing joint project. We have evaluated the operational metrics and are pleased to report significant progress across all deliverables.

Should you have any questions or require additional documentation, please do not hesitate to contact my office. We look forward to our continued partnership and successful execution in the upcoming fiscal quarter.

Sincerely,

Alice Johnson
Executive Vice President
Starlight Media",letter
"Sophia Marti]ez
Email: sophia.mratIinez@emal.com | Phone: (555) 792-I8032
Lo~cation: Seat1tle, WA

OBJECTIVE
0xp~rienced Product Manager with over7  years of pro-ven track rec[ord in technology and manageme]t.

WORK EXPEIENCE
Sltarlight Meda - Produc[ anager (202 - Preent)
 -Led a teamof 8 en0ineers building sc|lable cloud systems.
- eRudced system laetncy by 40% and optimized deployment workfolws.

Eductaion: B.S. in Computer Sciencl - MIT
Techniclal Skills: Python, PyTorch, Machine Learning, SQL, Docker, AWS, Kubernets
Certifications: AWS CerltIiIfied Sloutions Ar[chitect, Scrum Master",resume
"***  RECEIPT  ***l
Trader  Joe's
Store  #32I4  -  Toronto,  ON
Dae:  2026-08-04  Time:  12:1|
-----------------------------[----
_aperI  Towels  $11.20
USB-C  Cable  $19.99
SUBTOTAL:  $41_8.74|
TAX  (8%):  $4.0
TOTLA:  $18.74
AUTH  COED:  218152  VSIA  ENDING  IN  *3444
[THANK  YOU  FOR  SHOPPING  WITH  US!",receipt
"Nexus Logistics
100 Business P]r0kw~ay, Suite 428
To0onto, ON

Date: August 7, 2026

Dea rEmma Watson,

I am writing to formally com|municate our quarter-y plr[formanc eupdates regarding our nogong joint proejct. ~We have evaluated the -perational metrics ~nd are lpeased to report significant progres acro~s a|_ deliverables.

Should you have anyq uestions or require additional documentation, lease do not hesitate to contact my office. WI look forward to our continued partnership and successful execution iIn the upcoming fiscal quarter.

Sincerely,

Robert Miller
Executive V_ce President
Nexus Logistics",letter
"*** RECE1IPl ***
Shell Gas IStation
Store #803 - Boston, MA
Date: 2026-08-05 T~me: 11:15
--------------------------------
Organic Apples$ 5.50
Gasoline Regular $45.00
Coffee Beans $14.99
SUBTOTAL: $76.32
TAX (8%): $7.50
TTAL: $76.32
AUTHC ODE: 485456 VIS_ ENDING IN *3980
THANK YOU FOR SHOPPIN GWITH US!",receipt
"Sarah Wilson
Eail: sarah.wilson@email.com | Phone: (555) 456-9518
Location :Chicago, IL

OBJECTIVE
Eperie[ced Product Manager with over 11 years of proven track rlecord in technology and management.

WORK EXPERI1ENCE
Apex _olutions - Product Manager (2022 - Present)
-Led a team of 13 engineers building saclable cloud systems.
- Reduced system latency by 21% and optimized deployment workflows.

Education: B.S. in Computer Science - Oxford U]iversity
Technica1 Skills: Graphic Design, Photoshop, Illustrator, UI/UX, Figma, HTML/CSS
Certiications: AWS Certified Solutions Architect, Scrum Materl",resume
"RESEARCH REPORT / JOURNAL OF APPLIED AI
Title: Experimental Analysis of Quantum Annealing Algorithms for Graph Optimization
Authors: Robert Miller, David Lee, and Emma Watson
Affiliation: Department of Computer Science, Harvard University

ABSTRACT
In this study, we present a novel framework for evaluating deep learning model efficiency under real-world noise conditions. We conduct extensive experiments across diverse datasets, analyzing convergence rates, precision, recall, and F1-score performance. 

1. INTRODUCTION
Recent advances in neural architecture design have driven significant gains in natural language processing tasks. However, computational resource limits necessitate lightweight models for real-time inference.

2. METHODOLOGY AND EXPERIMENTAL SETUP
We utilize a dataset of 27820 samples processed via custom tokenization. Models were trained using AdamW optimizer with a learning rate of 2e-5 over 10 epochs.

3. RESULTS AND DISCUSSION
Our empirical evaluation demonstrates a 96% accuracy while reducing inference latency by 45% compared to baseline models.",scientific_report
"RESEARCH REPORT / JONURAL OF APPLIED AI
Title: A Novel ApproaIch to Distributed LedgerConsensus Mechanisms
Author: Alice Johnson, John Smith, and Michael Brown
Affiliation: Department of Comuter Science, UC Berkeley

ABSTRACT
In this stud,l we present I novel framework for evaluating deep learning model efficiency under real-world noies conditions. We conduct extensive experim1nts across diverse datasets, analyzin co[vergence rates, p_ecisioI, recall, and F1-score performance. 

1. INTRODUCTION
0ecent advances i neural archiecutre _esign have driven si[nificant gains in n-tural _languagep rocessing tasks. However, computational resource limits necessitate lightweight models for real-timei nferenc.

2. METHODOLOGY ANDE X~PERIMETNAL SETUP
We utilize |a dataset of 7675 samplesp rocessed ia custom tokenization. M_odels were trained using AdamW optimizer w]th a learning rate f 2e-5 over 10 eochs.

3. RESULTS AND DISCUSSION
Our empirialc evaluation demonstrates a 97% cacuracy while reducing infrence latency by 45%comparde to baselin emIdels.",scientific_report
"*** RECEIPT ***
Best Buy Electronics
Store #844 - New York, NY
Date: 2026-08-04 Time: 13:39
--------------------------------
Croissant $3.75
Paper Towels $11.20
Gasoline Regular $45.00
SUBTOTAL: $121.82
TAX (8%): $3.50
TOTAL: $121.82
AUTH CODE: 352050 VISA ENDING IN *3465
THANK YOU FOR SHOPPING WITH US!",receipt
"INVOICE
Vanguard Industries
Invoice Number: INV-2026-3247
Date: 2026-08-10
Due Datl: 2026-09-17
Bill oT: Apex Solutions
|tems:
1. Profsesional Services / Consulting - $6962.23
2. Softw-are Subscriptions & Server Maintenance - $450.00
3. Tax (8.5%): $92.00T
OTAL AMOUNT DUE: $6962.23
Payment Meth[ods: Wire Transfer, Credit Card. Please remit pay]ent by du~e date.",invoice
"RESEARCH REPORT- / JOURNAL OF APPLIED I
Title: Experimental Analysis of Quantum Annealing Algorithms for Graph Optimization
Authors: Sarah Wilso,n Sophia Martinez, and Sarah Wilson
Affiliation: Department of Computr Scienc, Harvard Univresity

ABSTRACT
In th]is study, we present a novel fram-eworkfor evaluating deep learning model efficienc yunder real-world noise conditions. We conduct extensive experiments lacross diverse datasets, analyzing conevrgence rates, precision, rec0all, and F1-scorI perforImance. 

1. INTRODUCTION
Recent advances in neural ar0chitecture design have driven significant gains innatural language processing tasks. However, computationa] resour|ce lim0its necessitate lightweight models for real-time inf|erence.

2. METHODOLOGY AND EXPERIMENT|L SETUP
We utilize a dataslt ]f 44294 samples processed via custom tokenization. Models were trained using AdamW optimizer with a learning rate of 2e5- over 10 epochs.

3. RESULTS AND DISCUSSIO
NOur empirical evaluation demonstrates a 91% accurac while reducing inferecne latencly b y45% compaed lto baseline models.",scientific_report
"NON-DISCLOSURE AND SERVICE AGREEME1NT 
 ContraIct Ref: AGR-2026-48 
  
 This Agr|ement is entered into on this 22th day of August ~2026,1 yb and between Gloabl Tech Inc (""DiIclosing Party"") and Acme ~orp (""Reeciving Party""). 
  
 1. CONFIDENTIAL INFOR[M-TION 
 The Receiving Party agrees to holdin confidence all propri0tary technical, financial, and business i~nformIation disclosed by Party A. Con|idential Infor~ation shll not be disclosed to an third party without prior written autho|rization. 
  
 2. OBLIGATIONS AND GOVERNING LAW 
 This agreement shall be governed by nd construed in accordance with teh l|awsof the Sttae of California. Any disputes ar1ising hereunder shall be resolved via binding arbitration. 
  
 IN WITNESS WHEREOF, the parties hereto have executed this Agreement as of the date first above written. 
  
 Signed:  
 _________________________ (Global Tech Inc) 
 _________________________ (Acme Corp)",legal_contract
"*** RECEIPT ***
Shell Gas Station
Store #856 - Boston, MA
Date: 2026-08-05 Time: 15:28
--------------------------------
Organic Apples $5.50
USB-C Cable $19.99
SUBTOTAL: $49.10
TAX (8%): $10.50
TOTAL: $49.10
AUTH CODE: 799282 VISA ENDING IN *3409
THANK YOU FOR SHOPPING WITH US!",receipt
"NON-DISCLOSURE AND SERVICE AGREEMENT 
 Contract Ref: AGR-202I6-259 
  
 hTis Agreement is entered into on thsi 140th day of Auguts 2026, by and between Starlight Media (""isclosing Party"") and Apex Solutions (""Receiving [arty"") 
  
 1. CONFIDENTIAL INFORMATION 
 The Receiving Party agrees to hold in confidence all proprietary technical, financial, and business information disclosed b Party A. Confidential Informatio shall not be disclsoed to ayn tlhird party without prior written authorization. 
  
 2. OBLIGATINS AND GOVERNING LAW 
 This agreement shall be governed by and construed in cacordance with the las of the Stateof California. Any dispuets arising hereuder shall be resolved via binding arbitration. 
  
 IN WITNESS WHEREOF, the parties hereto have executed this Agreement as of the date first above written. 
  
 Signed:  
 _________________________ (Starlight Media) 
 _________________________ (Apex Solutions)",legal_contract
"Horizon 1Healt
h100 Busiess Prakway, Suite 25
0New York, NY
D
ate: August 6, 2026
]
Dear Robert Miller,

I am writign to fromally communic~ateo ur quarterly performance updates regarding our ongoing joint pr~oject. We have eIaluated the operatio0al metics nd are pleased to reportsigniicant progr]ess across all deliverables.

Should you 0ave any uqestions or require addiiotanl doculmentation, plea|se |o nto hesitate to contact my o0ffice. We lo~k forward to o_r continued partnership and suclessful execution in the upcoming fiscal quarter.

S0nce|ely,

Davi| Lee
Executive Vice PresIidet
Ho|rizon Health",letter
"*** RECEIPT ***
Target Retail
Store #867 - Chicago, IL
Date: 2026-08-04 Time: 12:36
--------------------------------
Paper Towels $11.20
Coffee Beans $14.99
Croissant $3.75
SUBTOTAL: $61.17
TAX (8%): $8.50
TOTAL: $61.17
AUTH CODE: 757286 VISA ENDING IN *2789
THANK YOU FOR SHOPPING WITH US!",receipt
"RESER_CH  REPORT~  /  JOURNAL  OF  APPIED  AI
Title:  Dep  Learning  Application  in  Automated  MedicalI  Imaging  Analysis
Authors:  Michael  Bronw,  Sop1hia  Martinez,  and  Robert  Millre
Affiliation:  De|partment  of  Compute~  Science,  Havard  University

ABSTRACT
In  this  study,  we  present  a  novel  framework  for  evaluating  deep  learning  -odel  efficiency  under  real-word  noise  conditions.  We  conduct  extensive  experiment~s  acros0s  diverse  datasets,  analyzing  con0ergence  rates,  preIcision,  recall,  and  F1-score  performance.  

1.  INTRODUCTION
Recent  advance  sin  neural  architecture  design  hav  driven  significant  gains  in  natural  language  process~ng  tasks.  However,  copmutationla  resource  limts  necessitate  ligh|tweight  models  for  real-time  infere-ce.
_
2.  METHODOLOGY  AND  EXPERIMENT1  SETUP
We  utilize  a  dataset  of  38688  samples  processed  vi1a  custom  tokenization.  Models  wer[e  trained  using  Ada0W]  optimizer  with  a  learnnig  rate  o  [fe2-5  over  10  e[ochs.

3.  RESULTS  AND  DISCUSSION
Our  empirical  evaluatino  dmeonstrats  a  92%  accuracy  while  reducing  inference  latncy  by  45%  compared  to  baseline  models.",scientific_report
"Acme Corp
100 Business Parkway, Suite 431
Toronto, ON

Date: August 2, 2026

Dear Alice Johnson,

I am writing to formally communicate our quarterly performance updates regarding our ongoing joint project. We have evaluated the operational metrics and are pleased to report significant progress across all deliverables.

Should you have any questions or require additional documentation, please do not hesitate to contact my office. We look forward to our continued partnership and successful execution in the upcoming fiscal quarter.

Sincerely,

Michael Brown
Executive Vice President
Acme Corp",letter
"RESEARCH REPORT / JOURNAL OF APPLIED AI
Title: Comparative Benchmark of Lightweight Neural Networks on Edge Devices
Authors: Sarah Wilson, Emma Watson, and Alice Johnson
Affiliation: Department of Computer Science, Harvard University

ABSTRACT
In this study, we present a novel framework for evaluating deep learning model efficiency under real-world noise conditions. We conduct extensive experiments across diverse datasets, analyzing convergence rates, precision, recall, and F1-score performance. 

1. INTRODUCTION
Recent advances in neural architecture design have driven significant gains in natural language processing tasks. However, computational resource limits necessitate lightweight models for real-time inference.

2. METHODOLOGY AND EXPERIMENTAL SETUP
We utilize a dataset of 25946 samples processed via custom tokenization. Models were trained using AdamW optimizer with a learning rate of 2e-5 over 10 epochs.

3. RESULTS AND DISCUSSION
Our empirical evaluation demonstrates a 92% accuracy while reducing inference latency by 45% compared to baseline models.",scientific_report
"RESEARCH REPORT / OJURNAL OF APPLIED AII
itle: Evaluation of Transformer Architectures in OC Text Classification
Authors: John Smith, Sophia Martinez, and Alice Johnson
Affiliation: Department of Computer Science, MIT

ABSTRACT
I0n this tudy, we preent a novel f[ameowrk for evaluating dIe [learning model efficiency under eal-wold noise conditions. We conduc|t extensive experiments acoss diverse dat~asets, analyzi0g -on|erge|nce rates, precision 1ecall, and F1-score performace. 

1. INTRODUCTOIN
Recent advanc|s in nueral architecture design have -riven sig_ificant gains in naturl language processing tasks. However, computational resource limit[s ne[essiatte ligt1eig]t models for realt-ime inference.

2. METHODOLOGY AND E~PERIMENTAL ESTUP
We utilizea  ataset of 38637 samples process0d ia custom tokenization. Models wre trained using _damW optimizer with a llearning r-te of 2e-5 over 10 epochs.

3. RESULTS ADN DISCUS-SION
Our empirilc|l evaluation lmonstrates a 91% accuracy while reducing inference l[atency by 45% compared to baseline modIls.",scientific_report
"John Smith
Email: john.smith@email.com | Phone: (555) 143-8535
Location: London, UK

OBJECTIVE
Experienced DevOps Engineer with over 11 years of proven track record in technology and management.

WORK EXPERIENCE
Nexus Logistics - DevOps Engineer (2022 - Present)
- Led a team of 10 engineers building scalable cloud systems.
- Reduced system latency by 24% and optimized deployment workflows.

Education: B.S. in Computer Science - UC Berkeley
Technical Skills: Project Management, Agile, Scrum, Budgeting, Leadership, JIRA
Certifications: AWS Certified Solutions Architect, Scrum Master",resume
"Hor-zon He]alth 
 100 Blsiness Parkway, Suite 31 
 L_ndo[n, UK 
 Date: August 9, 2026 
 Dear John Smith 
 ,_ 
 I am writin]g t foIrmally communiacte our quarterl[ performance updtaes regarding our ongoing joint project. We have evaluated the operational metrics and are pleased to report significant p]rogress across all delive_rables. 
 _ 
 Should you havea ny qluestions or requir[e additional documentation, please do not hesitat1t o contact m0 ofice. We look forward to our continued partnrship and successful 0xect]ion ni the upcoming fiscal qulret. 
  
 S0ncerley, 
  
 Michale [Bro~wn 
 Executive Vice PresidentH 
 oi-r]on IHealth",letter
"INVOICE 
 Acme Corp 
 Invoice Nmuber: INV-2026-4l110 
 Date: 2026-08-0] 
 Due Date: 2026-09-13 
 Bill TI:o Vanguard ]Industries 
 Items: 
 1. Proessional Services / Consulting - $4870.66 
 2. Software Subscriptions & Ser~ver Maintenance - $450.00 
 3.Tax (8.]5%): $138.00 
 TOTAL AMOUNT DUE: $4870.66 
 Payment Methods: Wire Transfer, Credit Card. Please remit payment by due dat.e",invoice
"INVOICE
Global Tech Inc
Invoice Number: INV-2026-9095
Date: 2026-08-10
Due Date: 2026-09-25
Bill To: Horizon Health
Items:
1. Professional Services / Consulting - $7701.82
2. Software Subscriptions & Server Maintenance - $450.00
3. Tax (8.5%): $194.00
TOTAL AMOUNT DUE: $7701.82
Payment Methods: Wire Transfer, Credit Card. Please remit payment by due date.",invoice
"INVOICE
Nexus  LogisIics
Invoice  Numer:  INV-2026-4269
Date:  2026-08-05
Due  Date:  2026-09-12
Bill  To:  Nexus  Logistics
Items:
1.  Profesisonal  Services  /  ConsultingI  -  $134].68
2.  Sofltware  Subscriptions  &  Server  Maintenance  -$450.00
3.  Tax  (8.5%):  $77.00
TOTAL  AM0UNT  DUE:  $13478.68
Payment  Method:sWire  Transfer,  Credit  Card.  Please  remit  payment  by  due  date.",invoice
"ONN-DISCLOSURE  AND  SERVICE  ARGEEENT
Contract  Re:  AGR-2026-419

Thi~  Agreement  is  entered  into  on  this  1[6th  day  of  Augus~t  2026,  by  and  between  Stralight  Media  (""Disclosing  Party"")  andQuatnum  Systems  (""Receiving  Party"").

1.C  ONIDENTIAL  INFORMATION
The  Receiving  Party  a[grees  to  hld  in  confidence  all  proprietary  tcehni[al,  fina-cial,  ad  business  information  dilclosed  by  Party  A.  CoInfidential  Information  shall  not  be  |disclosed  t  any  third  party  without  prior  written  au-thorization.

2.  OBLIGATIONS  _AND  GOVERNIG  LAW
T-his  agreement  shall  be  governed  by  and  c~onstrued  i[  accordan0e  with  th  law~  of  he  State  of  California.  An  ydisputes  arising  hereunder  shall  be  resolved  va  bindingarbi1tration.

IN0  WITNESS  WHEREOF,  the  parties  here~o  haveexecuted  this  Agreementa  s  of  th  ~date  first  above  written.

Signed:  
_________________________  (Starli0ht  Medi0)
________________________  (Quantm  Systems)",legal_contract
"Michael Brown
Email: michael.brown@email.com | Phone: (555) 927-4201
Location: San Francisco, CA

OBJECTIVE
Experienced Data Scientist with over 4 years of proven track record in technology and management.

WORK EXPERIENCE
Apex Solutions - Data Scientist (2022 - Present)
- Led a team of 8 engineers building scalable cloud systems.
- Reduced system latency by 46% and optimized deployment workflows.

Education: B.S. in Computer Science - Stanford University
Technical Skills: Python, PyTorch, Machine Learning, SQL, Docker, AWS, Kubernetes
Certifications: AWS Certified Solutions Architect, Scrum Master",resume
"David Lee
Email: david.lee@email.com | Phone: (555) I920-7563
Locaiton: Chicago, IL

OBJECTIVE
Experienced DevOps Engineer with over 4 years of| proven tr~ck record in technology and management.

WORK EXPEIRENCE
Nexus Logistics - DevOps Engineer (2022 - Present)|
- Led a team0 of 4 engineers building scalable cloud systems.
- Reduced system latency by 20% and optimized deployment workflows.

Education: B.S. in Copmuter Science - UC Ber-eley
Technic0alSkills:0 Project Management, Agile, Scrum, Budgeting, Leadership, JIRA
Certifications: AWS Cerified Solutions Architect, Sc~um Master",resume
"*** RECEIPT ***
Trader Joe's
Store #821 - New York, NY
Date: 2026-08-04 Time: 8:49
--------------------------------
Organic Apples $5.50
Paper Towels $11.20
Coffee Beans $14.99
SUBTOTAL: $138.85
TAX (8%): $2.50
TOTAL: $138.85
AUTH CODE: 423851 VISA ENDING IN *4873
THANK YOU FOR SHOPPING WITH US!",receipt
"*** RECEIPT ***
Home Depot
Store #423 - London, UK
Date: 2026-08-07 Time: :848
-------------------------------
Coffee Beans $14.99
Croissan] $3.75
USB-C Cable $19.99
G~sline Regular $45.00
SU]BOTAL: $117.29
TAX (8%): $4.50
TOTAL: $117.29
AUTH CODE: 181290 VISA ENDING IN *5425
TH]ANK YOU FOR SHOPPING WITH US!",receipt
"*** RECEIPT ***
Shell Gas Station
Store #614 - New York, NY
Date: 2026-08-02 Time: 18:44
--------------------------------
Paper Towels $11.20
Gasoline Regular $45.00
SUBTOTAL: $58.70
TAX (8%): $3.50
TOTAL: $58.70
AUTH CODE: 119895 VISA ENDING IN *5504
THANK YOU FOR SHOPPING WITH US!",receipt
"INVOICE
Starlight Media
Invoice Number: INV-2026-8577
Date: 2026-08-01
Due Date: 2026-09-24
Bill To: Vanguard Industries
Items:
1. Professional Services / Consulting - $12944.62
2. Software Subscriptions & Server Maintenance - $450.00
3. Tax (8.5%): $164.00
TOTAL AMOUNT DUE: $12944.62
Payment Methods: Wire Transfer, Credit Card. Please remit payment by due date.",invoice
"INVOICE
Starlight Media
Invoice Number: INV-2026-1879
Date: 2026-08-02
Due Date: 2026-09-08
Bill To: Starlight Media
Items:
1. Professional Services / Consulting - $1700.65
2. Software Subscriptions & Server Maintenance - $450.00
3. Tax (8.5%): $174.00
TOTAL AMOUNT DUE: $1700.65
Payment Methods: Wire Transfer, Credit Card. Please remit payment by due date.",invoice
"*** RECEIPT *** 
 Starbucks Coffee 
 Store #781 - Toronto, ON 
 Date: 2026-08-08 Tim:e 1:46 
 -------------------------------- 
 P|per Towels $11.20 
 USB-C C[ble $19.99 
 Crosisant $3.75 
 SUBTOAL: $134.85 
 TAX (8%): $3.50 
 TOTAL: $134.85 
 ATH CODE :927691 VISA NDING IN *6021 
 THANK YOU FOR SHOPPING WITH US!",receipt
"INVOICE
VangulardIndustries
Invoice  Number:  INV-l2026-1510
Dte:  2026-08-09
Due  Date:  2026-09-21
Bill  To:  Globa  Tech  Inc
Items:
1.  Professional  Services  /  Consulting  -  $5656.58
2.  Software  Su-_scriptions  &  Server  Maintenance  -  $450.00
3.  Tax  (8.5%):  $166.00
TOTAL  AMOUNT  DUE:  $5656.58
Payment  Methods:  Wire  Transfer,  Credit  Card.  Please  remit  payment  by  due  date",invoice
"Horizon  Heal-th
100  Business  Parkway,  Suite  226
San  Francisco,  CA

Date:  August  6,  2026

Dear  John  Smith,

I  am  writing  to  formally  communicate  our  quarterly  performance  updates  r0~arding  our  ongoing  joint  project.  We  have  evaluated  the  oeprational  metrIcs[  and  are  pleased  to  report  [ignificant  progress  across  all  deliverables.

Should  you  have  any  uqestions  or  require  additinoal  documentation,  please  do  ont  h[sitate  to  contact  my  office.  We  look  forward  to  our  continued  partnership  and  successful  execution  in  te  upcom~ing  fiscal  quarter.

Sincerely,

Alice  Johnson
Executive  Vice  lresident1
Horizon  Health",letter
"*** RE0CEIPT ***
Best Buy EletcIonics
Store #957 - Chicag,o IL
Date: 2026-08-01 Time: 10:33
---[---------------I--------[------
Milk 1Gal $4.29
Croissant $3.75
Gasoline Regular $45.00
SUBTOTAL: $28.71
TAX (8%): $3.50
OTTAL: $28.71
-UTH ODE: 182~830 VISA ENDING IN *5014
TH[AN YOU FOR SHOPPING WIT US!",receipt
"*** RECEIPT ***
Best Bu Electronics
Store #816 - Austin, TX
Date: 2026-08-06 Time: 15:49
--------------------------------
Gasoline Regular $45.00
Coffee Beans $14.~9
Milk 1Gal $41.29
Paper Towels $11.20
SUBTOTAL: $145.45
TAX (8)%: $8.50
TOTAL: $145.45
AUTH CODE: 639926 VISA ENDING IN *7768
THANK YOU FOR SHOPPI0NG WITH US!",receipt
"INVOICE
Vanguard  Industries
Invoice  Number:  INV-202-64630
Date:  2026-08-05
Due  Date:  2026-09-08
Bill  To:  Starlight  Med_a
Items:
1.  Professional  Service  s/  Cnsulling  -  $6725.98
2.  S-oftawre  Subscriptions  &  Server  Maintenance  -  $450.00
3.  Tax  (8.5%)  $141.00
TOTAL  AMOUNT  DUE  :$6725.8
Payment  Methods:  ire  Transfer,  Credit  Card.  Please  remit  payment  by  ude  date.",invoice
"NON-DISCLOSURE  NDSERVI]CE  AGREEMENT 
 Contract  Refl:  AG-2026-9I49 
  
 This  Agreementi  s  entered  into  onthis  18th  dy  of  Augus  2026,  by  and  between  Quantum  Systems  (""Disclosing  Party"")  and  Global  Tech  Inc  (""Receiving  Party""). 
  
 1.  CONFIDETIAL  INFORMATIONThe  Recei|ing  Party  agreest  o  hold  in  confidence  all  proprietary  technical,  financial  ,and  business  information  disclosed  by  Party  A.  Cofidential  Information  shall  not  be  discosed  to  any  third  party  without  prior  written  authorization. 
  
 2.  OBLIGATIONS  ANDG  OVERNING  LAW 
 This  agreement  shall  be  overned  by  a~d  construed  in  accordance  with  the  lasw  of  the  State  of  California.  Any  lisputes  arising  hereu[nder  shall  be  resolved  via  bini  arbitratio.n 
  
 IN  WIT_ESS  HWEREOF,  the  p~arties  hereto  have  executed  this  Agr1ement  as  of  the  date  ir_st  1bovew  itten. 
  
 _igned:   
 _________________________  (Quantum  Systems) 
 _________________________  (Gobal  Tech  Inc)",legal_contract
"RESEARCH REPORT / JOURNAL OF APPLIED AI
Title: Deep Learning Applications in Automated Medical Imaging Analysis
Authors: John Smith, Sarah Wilson, and Sarah Wilson
Affiliation: Department of Computer Science, UC Berkeley

ABSTRACT
In this study, we present a novel framework for evaluating deep learning model efficiency under real-world noise conditions. We conduct extensive experiments across diverse datasets, analyzing convergence rates, precision, recall, and F1-score performance. 

1. INTRODUCTION
Recent advances in neural architecture design have driven significant gains in natural language processing tasks. However, computational resource limits necessitate lightweight models for real-time inference.

2. METHODOLOGY AND EXPERIMENTAL SETUP
We utilize a dataset of 29628 samples processed via custom tokenization. Models were trained using AdamW optimizer with a learning rate of 2e-5 over 10 epochs.

3. RESULTS AND DISCUSSION
Our empirical evaluation demonstrates a 98% accuracy while reducing inference latency by 45% compared to baseline models.",scientific_report
"John  Smith
0Email:  john.smith@email.com  |  Phone:(  555~)  518-86075
Location:  Toronto  ,ON

OBJECTIVE
Experienced  Data  Scientist  with  over  4  years  of  prIoven  track  record  in  etchnology  and  managment.

WORK  EXPERIENCE
Apex  Solutions  -  Data  Scinti_t  (2022  -  Pres[nt)
-  Led  ]a]  team  of  1  4enginers  building  s~alable  cloud  systems.
-  Reduced  system  latency  [y  48%  ad  optimized  deployment  workflows.

Education:  B.S.  in  Computer  Science  -  Stanford  University
Technical  Skills  :JaIa,  Spring  oBot,  Mi~croservices  ,REST  APIs,  PostgreSQL,  Git
Certifications:  AWS  Ce[rtieid  Solutions  Architect,  Scrum  Master",resume
"RESEARCH REPORT / IJOURNAL OF APPLIED AI
Title: AN ovel App~roach to Distributed Ledger Consensuls Mechanisms
A0thors: oJhnS mith, Robert Miller, and Emma Watson
Affiliation: Departmen_t of Comp|uter Science, Stnaford University
-
ABSTRACT
In this study, we present a novel famework for evaluating de]eplearning model efficeiny under real-world noise conditions. We conduct extensive experiments across diverse| datas0ts, analyzing convergenec rates, precision ,recall, adF 1-score performance. 

1. INTROD-CTION
Recent ad|a1ces in neural archite-ctured esign have driven signific1ant gainsin natural| languag eproecssing tasks. However, computational resource limits necessitate lightweihgt moels for real-time infer_nce.

2. METODOLOGYA ND XPERIMENATL SETUP
We utilize a dataset of 17769 samples procssed via custmo tokenization. Models were trained using AdamW optimizer wi1 a learning rtae of 2e-5 voer 10 epochs.

.3 RESULTS AND D[SUSSIN
Our empirical evaluation demonstates a 95% accuracy whil-e reducing infereInce latency by 45% com~red ot baseline models.",scientific_report
"Horizon Health
100 Business Parkway, Suite 427
Boston, MA

Date: August 2, 2026

Dear David Lee,

I am writing to formally communicate our quarterly performance updates regarding our ongoing joint project. We have evaluated the operational metrics and are pleased to report significant progress across all deliverables.

Should you have any questions or require additional documentation, please do not hesitate to contact my office. We look forward to our continued partnership and successful execution in the upcoming fiscal quarter.

Sincerely,

David Lee
Executive Vice President
Horizon Health",letter
"RESEARCH REPO1RT[ / JOURNAL OF APPLIED AI
Title: Experimental Analysis of Quantum Annealing Algorithms for Graph Optmization
uAthors: Michael rown, Robert Miller, and Michael Brown
Affiliation: Department of Computer Science, Carnegie Mellon

ABSTRACT
In thiss tudy, we present a novel framework for evaluating deep learning model efficiency under real-world noise conditions. We conduct extensiev experiments across diverse datasets, analyzing convergence rates,prceision, recall, and F1-score pefrormance. 

1. INTRODU[TION
Recent advances i neural architecture design have driven significant gai]s in natural language processing tasks .However, computational resource limis necessitateligtweig[ht mo|dels for real-time inference.

2. METHODOLOGY AND_ EXPERIMENTAL SETUP
We utilize a dataset of 48476 samples proces_sed via custom tokeniaztion. Modells were trined using AdamW optimizer with a learning rate of 2e-5 ove|r 10 e|pochs.

3. RESULTSA| ND DISCUSSION
uOr empirical evaluation demonstrates a 95% accuracy while reducing inference latency by 45% compared to baseline models.",scientific_report
"*** EClEIPT ***
Home Depot
Store #625 - San Francisco, CA
Date: 2026-0-05 Time: 11:16
-------------------------------
USB-C Cale $19.99
Mlik Gal $4.29
SUBTOTAL: $85.74
TAX (8%): $2.50
TOTAL: $85.74
AUTH ICODE: 174814 VISA ENDING IN *6902
THANK YOU FOR SHOPPING WITH US!",receipt
"RESEARCH REPORT / JOURNAL OF APPLIED AI
Title: Deep Learning Applications in Automated Medical Imaging Analysis
Authors: Alice Johnson, Alice Johnson, and John Smith
Affiliation: Department of Computer Science, UC Berkeley

ABSTRACT
In this study, we present a novel framework for evaluating deep learning model efficiency under real-world noise conditions. We conduct extensive experiments across diverse datasets, analyzing convergence rates, precision, recall, and F1-score performance. 

1. INTRODUCTION
Recent advances in neural architecture design have driven significant gains in natural language processing tasks. However, computational resource limits necessitate lightweight models for real-time inference.

2. METHODOLOGY AND EXPERIMENTAL SETUP
We utilize a dataset of 20265 samples processed via custom tokenization. Models were trained using AdamW optimizer with a learning rate of 2e-5 over 10 epochs.

3. RESULTS AND DISCUSSION
Our empirical evaluation demonstrates a 98% accuracy while reducing inference latency by 45% compared to baseline models.",scientific_report
"*** RECEIPT ***
Trader Joe's
Store #679 -C hicago, IL
Date: 2026-08-04 Time 20:37
--------------------------------
Organic A|pples$ 5.50
Milk 1Gal $4.29
SUBTOTAL: $41.59
TAX (8%): $5.50
TO0AL: $41.I59
AUTH CODE: 90873V5ISA ENDING IN 6*711
THANK YOU FOR SHOPPING WITH US!",receipt
"Emma Watson
Email: emma.watson@email.com | Phone: (555) 451-1432
Location: Chicago, IL

OBJECTIVE
Experienced DevOps Engineer with over 9 years of proven track record in technology and management.

WORK EXPERIENCE
Nexus Logistics - DevOps Engineer (2022 - Present)
- Led a team of 6 engineers building scalable cloud systems.
- Reduced system latency by 46% and optimized deployment workflows.

Education: B.S. in Computer Science - Carnegie Mellon
Technical Skills: Data Analysis, Tableau, R, Statistics, Pandas, PowerBI
Certifications: AWS Certified Solutions Architect, Scrum Master",resume
"INVOICE 
 Horizon Health] 
 Invoice Number: INV-2026-4860 
 Date: 202[6-08-07 
 Due D]te: 2026-90-03 
 Bill To :Acme Corp 
 Items: 
 1. Professional Services / Cosulting - $7903.]8 
 . Software Subscriptions & Servelr Maintenance-  $450.00 
 3. Tax (8.5%): $148.00 
 TOTAL AMOUNT DUE: $79|03.48 
 Payment Methods: Wier Transfer,Credit Card. Pl]esae remit payment by due date_.",invoice
"RESEARCH REPORT / JOURNAL OF APPLIED AI
Title: Comparative Benchmark of Lightweight Neural Networks on Edge Devices
Authors: John Smith, Sophia Martinez, and Robert Miller
Affiliation: Department of Computer Science, MIT

ABSTRACT
In this study, we present a novel framework for evaluating deep learning model efficiency under real-world noise conditions. We conduct extensive experiments across diverse datasets, analyzing convergence rates, precision, recall, and F1-score performance. 

1. INTRODUCTION
Recent advances in neural architecture design have driven significant gains in natural language processing tasks. However, computational resource limits necessitate lightweight models for real-time inference.

2. METHODOLOGY AND EXPERIMENTAL SETUP
We utilize a dataset of 17312 samples processed via custom tokenization. Models were trained using AdamW optimizer with a learning rate of 2e-5 over 10 epochs.

3. RESULTS AND DISCUSSION
Our empirical evaluation demonstrates a 98% accuracy while reducing inference latency by 45% compared to baseline models.",scientific_report
"Sarah  Wilson
Email:  sarah.wi-son@email.com  |  hPone:  (555)  201-9517
Locatio:n  San  Francisco,  CA

OBJECT[IVE
xperienced  Financial  Analyst  with  over  8  years  of  proven  track  record  in  technology  a-d  management.

WORK  EXPERIENCE
Quntum  Systems  -  Financial  Analyst  (2022  -  Present)
-  Led  a  team  of  12  engi0neers  building  scalable  cloud  systems.
-  Reduced  system  late0cy  by  40%  and  optimized  deploymen  twokflows.

Education:  B.S.  in  Computer  Science  -  ]Oxford  Univesrity
Technical  Skills:  Graphic  Design,  Phot1shop  ,llustrator,UI/UX,  Figma,  HTML/CSS
Certifications:  AWS  Certified  ISolutions  Architect,  ScrumM  aster",resume
"Emma Wa|tosn 
 Email: emma.watson@email.com | Phone: (555) 937-5536 
 Locaton: Toronto, ON 
  
 OBJECTIVE 
 Experienced Senior SoftwarIe Engineer with over 10 years of proven trcak record in techn|logy an dmanagemetn. 
  
 WOR X|ElERIENCE 
 Global Tech In c- Senior Software Enginee r(2022 - Present) 
 - Led a team of 14 engineesr building csalable [cloud systems. 
 - lReduced system [atncy by 30% and op1imiz]d deployment workflow. 
  
 Education:B .S. in omputer Science - Oxfor0d University 
 Technical Skills: Data Analysis, Tableau, R, Statistics, Pandas, PowerBI 
 Ce_[tificaions: AWS Certified Solutions Archtcet, Scrm Master",resume
"Robert Miller
Email: robert.iller@meail.com | Phone: (555) 291-6990
Location: ~we York, NY

OBJECTIVE
Experienced Financial Analyst with over 8 years of proven track record in technology and management.
WORK EXPERIENCE
Nexus Logistics - Financi~al Analyst (2022 - Present) ~Led a team fo 7 engineers building scalable cloud systems.
- Reduced systemlatency by 27% and optimized deployment workflows.
I
Education: B.S. in Computer Science -U C Berkeley
Technical SIkills: Data AnIalysis, Tableau, R, Statistics, Pand]as, PowerBI
Certifications:0 AWS Certified Solutions Architect, -Scrum Master",resume
"NON-DISCLOSURE  AND  SERVICE  AGREEMENT
Contract  Ref:  AGR-2026-255

This  Agreement  is  entered  into  on  this  4th  ady  o1f  August  2026,  by  aInd  between  Acme  Corp  (""Discloing  Party"")  and  Vagnuard  Industries  (""eceiving  Party"").

1.  CONFIDENTIAL  INFORMTION
The  Receiving  Party  agrees  to  hold  in  confidence  all  proprietary  technical,  financial,  and  business  information  disclosed  b|y  Party  A  .Confidential  Information  shlal  not  be  disclosed  to  any  third  party  wi0thout  prior  wri_tten  authorization.

2.  OBLIGATIONS  AND  GOVERNING  LAW
This  agreement  shal  be  governed  by  and  construed  in  accord~nce  with  the  laws  of  the  State  of  California.  Any  disputes  arising  hereu]nder  shall  be  resoved  via  binding  arbitration.

IN  WITNESS  WHEREOF,  the  parties  hereto  have  exe|uted  tis  Agremeent  as  of  the  date  first  above  written.

Signed:  
_______________________  (Acme  Corp)
_________________________  (Vnaguar  Industries)",legal_contract
"Michael Brown
Email: michael.brown@email.com | Phone: (555) 546-2782
Location: Toronto, ON

OBJECTIVE
Experienced UX Designer with over 10 years of proven track record in technology and management.

WORK EXPERIENCE
Quantum Systems - UX Designer (2022 - Present)
- Led a team of 12 engineers building scalable cloud systems.
- Reduced system latency by 40% and optimized deployment workflows.

Education: B.S. in Computer Science - Carnegie Mellon
Technical Skills: Project Management, Agile, Scrum, Budgeting, Leadership, JIRA
Certifications: AWS Certified Solutions Architect, Scrum Master",resume
"NON-DISCLOSURE AND SERVICE AGREEMENT
Contract Ref: AGR-2026-507

This Agreement is entered into on this 20th day of August 2026, by and between Starlight Media (""Disclosing Party"") and Horizon Health (""Receiving Party"").

1. CONFIDENTIAL INFORMATION
The Receiving Party agrees to hold in confidence all proprietary technical, financial, and business information disclosed by Party A. Confidential Information shall not be disclosed to any third party without prior written authorization.

2. OBLIGATIONS AND GOVERNING LAW
This agreement shall be governed by and construed in accordance with the laws of the State of California. Any disputes arising hereunder shall be resolved via binding arbitration.

IN WITNESS WHEREOF, the parties hereto have executed this Agreement as of the date first above written.

Signed: 
_________________________ (Starlight Media)
_________________________ (Horizon Health)",legal_contract
"INVOICE
Vanguard Industries
Invoice Number: INV-2026-2946
Date: 2026-08-06
Due Date: 2026-09-13
Bill To: Starlight Media
Items:
1. Professional Services / Consulting - $2208.22
2. Software Subscriptions & Server Maintenance - $450.00
3. Tax (8.5%): $162.00
TOTAL AMOUNT DUE: $2208.22
Payment Methods: Wire Transfer, Credit Card. Please remit payment by due date.",invoice
"Apex So-uti1ns 
 100 1usiness Parkway, Suite8 47 
 Toronto, ON 
  
 Date August 10, 2026 
  
 Dear David Lee, 
  
 I am wri|tnigto formally c|omunciate our quarterly performance update-s regarding or ongoing jIi]nt project. We have evaluated the pe0ratonal metrics ad are pleased to report _ignificant progress across all deliverables. 
  
 Shoud you have any questions or |equier additional dcumen|tation, pleIase do not hestiat eto contact my office. We l_ook forward to our continued partnershipand successf1ul execu1ion in theupcoming fiscal quar_er. 
  
 Si|ncerel,y 
  
 Sarah WIilson 
 1Executive Vice President 
 ApexS olutions",letter
"Quantum Systems
100 Business Parkway, Suite 351
Boston, MA

Date: August 3, 2026

Dear Sophia Martinez,

I am writing to formally communicate our quarterly performance updates regarding our ongoing joint project. We have evaluated the operational metrics and are pleased to report significant progress across all deliverables.

Should you have any questions or require additional documentation, please do not hesitate to contact my office. We look forward to our continued partnership and successful execution in the upcoming fiscal quarter.

Sincerely,

Sophia Martinez
Executive Vice President
Quantum Systems",letter
"NON-DISCLOSURE AND SElVICE AGREEMENT
ContraIt Ref: AGR-2026-312

This Agreement is entered into on this 1th day of August 2026, by and between Horizon Health (""Disclosing Party"") and Starlight Media (""Receiving Party"").

1. CONFIDENTIAL INFORMATION
The Receiving Party agrees to hold in confidence all pr0prietary technical, financial, nd businss information disclosed by Party A. Confidential Information shall not b- disclosedt o any third party without prior wri]ten aut-oriation.

2. OBLIGATIONS AND GOVERNING LAW
Thisagreement shall be gove-rned ]y and const~rued in a1cordance- with the laws o the State of California. Any disputes asriing hereu~der shall be [esolevd via binding arbitration.

IN WITNESS WHEREOF, the parties heIeto have execut1d this Agreement as of the date first above written.

Signed: 
_________________________ (Horizon Health)
_________________________( Stalright Media)",legal_contract
"Horizon  Health
100  Business  aPrkway,  Suite  452
Seattle,  WA
Date:  August  3,  2~026

Dear  Sophia  Martinez,

I  am  writing  to  for]mally  communicate  our  quaretrly  performance  updates  regradin[  our  ongoing  joint  project.  We  have  evaluated  the  operational  metrics  and  are  pleased  to  report  significant  progress  across  all  deliverables.

Should  you  have  any  questions  or  require  additional  documentation,  please  do  not  hestiate  to  contact  my  office.  We  look  forward  to  our  conitnued  partnership  ands  ucc]ssful  exIecution  in  the  upcoming  fiscal  quarte.

Sincerely,

Sarah  Wilson
Executive  Vice  President
Horizon  Health",letter
"***  RECEIPT  **
Targ0et  Retai
lStore  #792  -  Boston,  MA
Date:  2026-08-05  Time:  13:13
--------------------------------
USB-C  Cabl  e$19.99
Organic  Apples  $5.50
~ap]r  Towels  $11.20
UBTOTAL:  $106.88
0AX  (8%):  $1.50
OTAL:  $106.88
AUTH  CODE:  719145  VISA  ENDING  IN  *1739
THANK  YOU  FR  SHOPPING  WITH-  US!",receipt
"*** RECEIPT ***
Starbucks Coffee
Store #683 - San Francisco, CA
Date: 2026-08-02 Time: 21:47
--------------------------------
Coffee Beans $14.99
Paper Towels $11.20
Croissant $3.75
SUBTOTAL: $71.74
TAX (8%): $1.50
TOTAL: $71.74
AUTH CODE: 654527 VISA ENDING IN *4555
THANK YOU FOR SHOPPING WITH US!",receipt
"*** RECEIPT ***
Shell Gas Station
Store #502 - Seattle, WA
Date: 2026-08-05 Time: 9:58
--------------------------------
Milk 1Gal $4.29
Paper Towels $11.20
Coffee Beans $14.99
Organic Apples $5.50
SUBTOTAL: $109.11
TAX (8%): $4.50
TOTAL: $109.11
AUTH CODE: 411870 VISA ENDING IN *4446
THANK YOU FOR SHOPPING WITH US!",receipt
"*** RECEIPT ***
Target Retail
Store #643 - Boston, MADate: 2026-80-03 Tim~1 18:37
--------------------------------
Paper Towels $11.20
Coffee Beans $14.99
SUBTOTAL: $55.64
TAX (8%): $3.50
TOTAL: $55.64
AUTH CODE: 79966 VISA ENDING IN *5940
TH]NK YOU FORSHOPPING WITH US!",receipt
"INVOICE
Quantum Systems
Invoice Number: INV-2026-1719
Date: 2026-08-10
Due Date: 2026-09-11
Bill To: Global Tech Inc
Items:
1. Professional Services / Consulting - $12687.31
2. Software Subscriptions & Server Maintenance - $450.00
3. Tax (8.5%): $61.00
TOTAL AMOUNT DUE: $12687.31
Payment Methods: Wire Transfer, Credit Card. Please remit payment by due date.",invoice
"RESEARCH REPORT / JOURNAL_ OF APPLIED AI 
 Title: Evaluation of Transformer Architectures in OCR Text Classification 
 Authos: Emma Wats-n, Michael Brwon, adn Emma W-atson 
 Affiliat_ion: Department of Computer Science, Harvard UIiversity 
  
 ABSTRACT 
 In t]his study, we pres[nt a novle -framework for evaluating deep learning model efficiency u|nder rea-world noise cnoditions. We onduct extensvie experiments across diverse datasets nalyzing convergenc erates, precision, |recall, and F1-score performance.  
  
 1. INTRODUCTION 
 Recent advances nineural architecture design have driven significant gains in natural language processing Itasks. However, computational resource limits necessitate lightweight models for real-time 1inference. 
  
 2. METHODOLOGY AN EXPERIMENTAL ETUP 
 WIe utilize a dataset of 21441 slapmlesprocessed via custom tokeIiz]tion. Models were tarined usign AdamW optimizer w-ith a learning rate of 2e-5 over 10 epochs. 
  
 3. RESULTS AND DISCUSSION 
 Our lmpirical evaluation demonstrates a 96% accur_acy w~hile reducing inference _latency by _45% compared to baseline models.",scientific_report
"Globla Tech Inc
100 Busienss Parkway, Suite 502
Seattle,[ A

Date :August 3, 2026

Dear MichaelBrown,

I am wriitng to formally communicate [ur quartrely performance udates regardin gour ongoing joint project. We have evaluted the oeprational mertics a~nd are peasled to report signifcant progre1s1 [across all del[iverabl0s.

Ihould you have any questinIos or require addition|l doclmentation pl0ease o not hesitate to contact my office. We look orwrad ot o1ur cnotinued patrnership and successful xeecution in the upcoming fiscal quarter.

Sincerely,

Sophia Ma-tinez
Executive Vi~ce Pres-dtn
Global Tech Inc",letter
"RESEARCH REPORT / JOURNAL OF APPLIED AI
Title: A Novel Approach to Distributed Ledger Consensus Mechanisms
Authors: John Smith, Sarah Wilson, and Alice Johnson
Affiliation: Department of Computer Science, MIT

ABSTRACT
In this study, we present a novel framework for evaluating deep learning model efficiency under real-world noise conditions. We conduct extensive experiments across diverse datasets, analyzing convergence rates, precision, recall, and F1-score performance. 

1. INTRODUCTION
Recent advances in neural architecture design have driven significant gains in natural language processing tasks. However, computational resource limits necessitate lightweight models for real-time inference.

2. METHODOLOGY AND EXPERIMENTAL SETUP
We utilize a dataset of 46154 samples processed via custom tokenization. Models were trained using AdamW optimizer with a learning rate of 2e-5 over 10 epochs.

3. RESULTS AND DISCUSSION
Our empirical evaluation demonstrates a 96% accuracy while reducing inference latency by 45% compared to baseline models.",scientific_report
"NO-NDISCLOSURE  AND  SERVICE  AGREEMENT
Contract  Ref:  AGR-2026-684

This  Agreement  is  entered  into  on  this  24th  day  ofAugust  2026,  by  and  between  Apex  Solutions  (""Disclosing  Party"")  and  Quantum  Systems  (""Receiving  Party"").

1.  CONFIDENTIAL  INFORMAION
The  Receiving  Party_  agree~  to  hold  in  confidence  all  proprietar  ytechnical,  financial,  andb  usiness  informati|n  disclosedby  Party  A.  Confidential  Information  shall  not  be  disclosed  to  any  third  Iarty  without  prior  riwtten  authorization.

2.  OBLIGATIONS  AND  GOVERNING  LAW
This  gareement  shall  be  governed  by  and  construed  i-n  accordance  with  t1e  laws  of  the  State  of  Californai.  An  dipsutes  arising  hereunder  shall[  be  resolved  vi_a  binding  arbitration.

IN  WITNESS  WHEREOF_,  the  parties  hereto  have  executed  this  Agreement  as  of  the  date  firts  above  written.

Signed:  
_________________________  (Apex  Soutions)
_________________________  (Quantum  0Systems)",legal_contract
"RESEARCH REPORT / JOURNAL OF APPLED A
ITitle: Experimental Analysi- of Quantum Annealing Algorithmls forl Graph Optimization
Authors: Sophia Marinez, Robert Mliler, and Robert MillIr
Affilition: Departmen of Compu~er Science, Carnegie Mellon

ABSTIACT
In thisstudy, we present a novel framwo-rk fro evluating deep larnin omdel efficie|cy uner real-world noisec onditions. We conducte xtesnive experi[ment across diverse datasets, a[alyzing convergence rates, preci0sion, recall, and F1-score performance. 

. INRODUCTION
Rece1t advances in neural[ architecture design have driven significant gain0s in natural langua0gle processngi tasks. However, computational resource limits nec[essitatelightweight models for real-time inference.

2. METHODOLOGY AND EXPERIMENTAL SEITUP
We utilize a dltaset of 308I97 asmlpes processed via custom tokenizati-n. Models were trained using AdamW 0oItmizer with a learning rate of 2-e5 over 10 epochs.

3. RESULTS AND DISCUSSION
Oul empirica levalation demonstartse a 94% accuracy while reducilng inference latency by 45% complared to Ibaseline models.",scientific_report
"RESEARCH  REPOR  T/  JOURNAL  OF  APPLIED  AI 
 Title:  Expeimental  Analysi  of  Quantum  Annealign  Algorithms  for  GrapI  Optimization 
 Authors:  Alice  Johnson,  Alice  Johnson,  and  Sarah  Wilson 
 fAfiliation:  Department  of  0omputer  Science,  Oxf0rd  |1Uinversity 
  
 ABSTRACT 
 In  this  study,  we  present  a  novel  farmework  for  evaluating  deep  learning  model  efficiency  unde1r  real-world  noise  conditions.  We  conduc-t  extensive  experiments  acoss  dvierse  datasets,  anayzling  convergence  rates,  precision,  reacll,  anl  F1-score  performance.   
  
 1.  INTRODUCTION 
 Recent  advances  in  neural  architecture  design  have  driven  significnat  gains  in  natural  language  processing  tasks.  However,  comp~tational  resource  limits  necessitate  lightweight  models  for  rael-time  inference. 
  
 2  .METHODOLOGY  AND  EXPERIMENTAL  SETUP 
 We  utilize  a  dat|aset  of  8839  samples  processed  via  custom  tokenizaiton.  Models  were  trained  using  AdamW  optimizer  with  a  learning  rate  of  2e-5  over  [10  epochs. 
  
 3.  RESULTS  AND  DISCUSION 
 Our  empirical  evaluation  demonstrates  a  98%  accuracy  while  reducing  inference  latency  by  45%  compared  to  baseline  models.",scientific_report
"INVOICE 
 Acme Corp 
 Invoice Number:INV-[2026-3513 
 Date: 2026-08-06 
 Due Daet: 2026-09-12 
 Bill To: Hlorizon Health 
 Items: 
 1. Profess|onal S_ervices / Consultin g- $11225.67 
 2. Software Subscrpitions & Ser-er Mintenance - $450.00 
 3. ~ax (8.5%): $39.00 
 TOTALA MOUNT DUE: $11225.67 
 Payment Methods: Wire Transfer, Credit ard. Please ermit ayment b due date.",invoice
"Apex Solutions
100Business Parkway, Suite 1406
Austin, TX

ate: August 1, 2026

Dear Alice Johnsn,

I am writing to formally comunicate [our quarterly perflrmance updates re~garding o-r ongoing joint project. We ahve evaluated the operational metrics and aer leased Ito report significant progres-s across all deliverables.

Shou1ld you have any quesltions or require additonal documentation,p lease do not he[sitate to contact my office. We look forward to our continued patrnership and successful execution in the ucoming fiscal quarter.
S
incerely,

Ioe1brtM iller
Executive Vice President
Apex Soultions",letter
"RESEARCH REPORT / JOURNAL OF APPLIED AI
Title: Experimental Analysis of Quantum Annealing Algorithms for Graph Optimization
Authors: Sophia Martinez, John Smith, and Sarah Wilson
Affiliation: Department of Computer Science, MIT

ABSTRACT
In this study, we present a novel framework for evaluating deep learning model efficiency under real-world noise conditions. We conduct extensive experiments across diverse datasets, analyzing convergence rates, precision, recall, and F1-score performance. 

1. INTRODUCTION
Recent advances in neural architecture design have driven significant gains in natural language processing tasks. However, computational resource limits necessitate lightweight models for real-time inference.

2. METHODOLOGY AND EXPERIMENTAL SETUP
We utilize a dataset of 26003 samples processed via custom tokenization. Models were trained using AdamW optimizer with a learning rate of 2e-5 over 10 epochs.

3. RESULTS AND DISCUSSION
Our empirical evaluation demonstrates a 91% accuracy while reducing inference latency by 45% compared to baseline models.",scientific_report
"INVOICE
Nexus Logistics
Invoice Number: INV-2026-4463
Date: 2026-08-08
Due Date: 2026-09-19
Bill To: Vanguard Industries
Items:
1. Professional Services / Consulting - $14866.98
2. Software Subscriptions & Server Maintenance - $450.00
3. Tax (8.5%): $31.00
TOTAL AMOUNT DUE: $14866.98
Payment Methods: Wire Transfer, Credit Card. Please remit payment by due date.",invoice
"*** RE[CEIPT *** 
 Starbucks Coffee 
 Store #976 - Au|tin, TX 
 Date: 2026-08-04 Time: 21:28 
 -------------------------------- 
 Cr_oissant $3.75 
 Organic Apple $5.50 
 Gasoline R_egular $45.00 
 SUBTOTAL: ]$43.65 
 ITAX (8%): $4.50 
 TOTAL: $43.65 
 AUTH CODE: 538651 VISA ENDING IN *3955 
 THANK YOU FOR SHOPPING WITH US!",receipt
"RESEARCH  REPORT  /  JOURNAL  OF  APPLIED  AI
Title:  Experimental  Analysis  of  Quantum  Annealing  Algorithms  for  Graph  Optimization
Authors:  Sophia  Martinez,  Sophia  Martinez,  and  Alice  Johns_n
Affiliation:  Department  ofComputer  Science,  Oxford  University

ABSTRACT
In  this  study,  we  present  a  novelframework0  for  evaluating  deep  learning  model  efficienyc  under  real-world  noise  conditios.  We  conduct  extensive  ex1eriments  across_  diverse  datasets,  analyzing  convergence  rates,  precision,  recall,  and  F1-score  performance.  

1.  INTRODCTION
Recent  advances  in  neural  architecture  design  have  dr~iven  _ignificant  gains  i0n  natural  language  processing  tasks.  However,  computational  resource  limits  necessitate  lightweight  moels  for  r_eal-time  inference.

2.  METHODOLOGY  AND  EXPERIMENTAL  SETUP
We  utilize  a  dataset  of  49888  samples  processed  0ia  custom  tokenization.  Models  were  trained  usign  AdamW  optimzler  with  a  larning  rate  of  2e-5  over  10  epocsh.

3.  RESULTS  AND  DISCUSS-ON
Our  empirical  evaluation  demonstrates  a  90%  accuracy  while  reducing  inference  latency  by  45%  compared  to  baselin  models.",scientific_report
"NON-DISCLOSURE AND SERVICE AGREEMENT
Contract Ref: AGR-2026-879

This Agreement is entered into on this 6th day of August 2026, by and between Vanguard Industries (""Disclosing Party"") and Nexus Logistics (""Receiving Party"").

1. CONFIDENTIAL INFORMATION
The Receiving Party agrees to hold in confidence all proprietary technical, financial, and business information disclosed by Party A. Confidential Information shall not be disclosed to any third party without prior written authorization.

2. OBLIGATIONS AND GOVERNING LAW
This agreement shall be governed by and construed in accordance with the laws of the State of California. Any disputes arising hereunder shall be resolved via binding arbitration.

IN WITNESS WHEREOF, the parties hereto have executed this Agreement as of the date first above written.

Signed: 
_________________________ (Vanguard Industries)
_________________________ (Nexus Logistics)",legal_contract
"Nexus Logisitcs
100 Business Parkway, Suite 415
Seattle, WA

Dat|: August 5, 2026

Dear Sarah Wison,

I am writing to formally communicate our quarterly performance updates rega0ding our ongoing joint Ip-roject. We have evalutedl th[e operational metrics and are pIleased to report siginfciant progress across all de0liverabl-es.

Sh|uld you have any qeustion~s or require dditional documeltation, please do not hesitate to contac m- office. We look forward to our cntinu0d partnerhsip and s-ccessful execution in te upcoming fiscal quarer.

Sincerey,

David Lee
Executive Vice President
Nexus Lgoistics",letter
"INVOICE
Nexus Logistics
Invoice Number: INV-2026-3662
Date: 2026-08-01
Due Date: 2026-09-14
Bill To: Global Tech Inc
Items:
1. Professional Services / Consulting - $13205.32
2. Software Subscriptions & Server Maintenance - $450.00
3. Tax (8.5%): $105.00
TOTAL AMOUNT DUE: $13205.32
Payment Methods: Wire Transfer, Credit Card. Please remit payment by due date.",invoice
"INVOICE
Nexus Logistics
Invoice Number: INV-2026-3262
Date: 2026-08-09
Due Date: 2026-09-23
Bill To: Global Tech Inc
Items:
1. Professional Services / Consulting - $5162.98
2. Software Subscriptions & Server Maintenance - $450.00
3. Tax (8.5%): $130.00
TOTAL AMOUNT DUE: $5162.98
Payment Methods: Wire Transfer, Credit Card. Please remit payment by due date.",invoice
"RESEARCH REPORT / JOURNAL OF APPLIED AI
Title: Experimental Analysis of Quantum Annealing Algorithms for Graph Optimization
Authors: Michael Brown, Robert Miller, and Sarah Wilson
Affiliation: Department of Computer Science, UC Berkeley

ABSTRACT
In this study, we present a novel framework for evaluating deep learning model efficiency under real-world noise conditions. We conduct extensive experiments across diverse datasets, analyzing convergence rates, precision, recall, and F1-score performance. 

1. INTRODUCTION
Recent advances in neural architecture design have driven significant gains in natural language processing tasks. However, computational resource limits necessitate lightweight models for real-time inference.

2. METHODOLOGY AND EXPERIMENTAL SETUP
We utilize a dataset of 37913 samples processed via custom tokenization. Models were trained using AdamW optimizer with a learning rate of 2e-5 over 10 epochs.

3. RESULTS AND DISCUSSION
Our empirical evaluation demonstrates a 92% accuracy while reducing inference latency by 45% compared to baseline models.",scientific_report
"Nexus Logistics
100 Business Parkway, Suite 607
San Francisco, CA

Date: August 7, 2026

Dear Robert Miller,

I am writing to formally communicate our quarterly performance updates regarding our ongoing joint project. We have evaluated the operational metrics and are pleased to report significant progress across all deliverables.

Should you have any questions or require additional documentation, please do not hesitate to contact my office. We look forward to our continued partnership and successful execution in the upcoming fiscal quarter.

Sincerely,

David Lee
Executive Vice President
Nexus Logistics",letter
"Robert Miller
Email: robert.miller@email.com | Phone: (555) 574-1404
Location: Chicago, IL

OBJECTIVE
Experienced Senior Software Engineer with over 3 years of proven track record in technology and management.

WORK EXPERIENCE
Horizon Health - Senior Software Engineer (2022 - Present)
- Led a team of 5 engineers building scalable cloud systems.
- Reduced system latency by 22% and optimized deployment workflows.

Education: B.S. in Computer Science - UC Berkeley
Technical Skills: Data Analysis, Tableau, R, Statistics, Pandas, PowerBI
Certifications: AWS Certified Solutions Architect, Scrum Master",resume
"RESEARCH REPORT / JOURNAL OF APPLIED AI
Title: Deep Learning Appications i~n AutomaIted Medical Imaging Analysis
Authors: phi Mart|inez ,mIma Watson, and Sarah Wilson
Affiiation: Department of omputer Sci~ence, Harvard Univ~ersity

ABSTRAC
TIn this study, we present a novel framework for evaluati~ng deep learning model efficiencl underreal-world noise conditons. We c_onduct extensvie experime_nts across diverse dltasets, analyzing conv10rgence rat_s, precision, recall, an_d F1-score pe|formance. ]

1. INTRODUCT~ON
Recentadvances in neural archtecture de_sign hI~ve driven significant gains i] na~ural language processing ts|ks. ]owever, computational resurce limits necessitatle ligtweight models for rea-ltime inference.

2. MEHTODOLOGY AND E~XPEIRMENTAL SETUP
We utilize a dataset of 22539 samples processed lia custo| tok|enization. Mo[l~es were trainled us]ing AamW optimizerwith a learning rate of 2e-5 over 10 epoc|hs.

3.R ESLTS AND DISCUSSION
Our empiriacl evaluation edmon_srtates a 92a% ccurcywhil0 reducing inference latency1[ by 4l5% compared t obasel-ne models.",scientific_report
"NON-DISCLOSURE AND SERVICE AGREEMENT
Contract Ref: AGR-2026-557

This Agreement is entered into on this 9th day of August 2026, by and between Global Tech Inc (""Disclosing Party"") and Vanguard Industries (""Receiving Party"").

1. CONFIDENTIAL INFORMATION
The Receiving Party agrees to hold in confidence all proprietary technical, financial, and business information disclosed by Party A. Confidential Information shall not be disclosed to any third party without prior written authorization.

2. OBLIGATIONS AND GOVERNING LAW
This agreement shall be governed by and construed in accordance with the laws of the State of California. Any disputes arising hereunder shall be resolved via binding arbitration.

IN WITNESS WHEREOF, the parties hereto have executed this Agreement as of the date first above written.

Signed: 
_________________________ (Global Tech Inc)
_________________________ (Vanguard Industries)",legal_contract
"NON-DISCLOSURE AND SERVICE AGREEMENT 
 Contrcat Ref: AGR-2026-922 
  
 This Ag_eement is entered into on this 10th day of August 2026, by and between Nexus Logistics (""Disclosing Patry"") and Global Tech Inc (""Receiivng Party""). 
  
 1. CONFIDENTIAL INFORMATION 
 The Receiving Party agrees to hold in confidnce all proprietary technical, financial, and business information disclosed by Party A. _onfidential Information shall not be disclosed to an~y third par|y without pri~r written athorization. 
  
 2. BOLIGATIONS AND GOVERNING LAW 
 This agreement shall be governed by and construed in accordance with the laws of the State of California. Any disputes arising hereunder shall be resolved via binding arbitratio]. 
  
 IN WITNESS WHEREOF, theparites hereto hae executed this Agreement as of the date first above written. 
  
 Iigned:  
 ___~______-________________ (Nexus Logistics) 
 _________________________ (G_lobal Te[h Inc)",legal_contract
"Starlig~t Media
100 Busines]I Parkwya, Suite 216
Austin, TX

Date A0gust 6, 22016

Dear John mSiht,

 Ia~m writing to formally ocmmunicate ]ur quartrely perf-ormanceupdtes regarding our o1going joint project. We haev evaluated the operatio[nal metrics adn[ are pleased to report_ignificnat progress across all deliverales.
S
hould you have any~ questions or require additional documentation, pl[ase do not hesitate t contact my office W elook forward to our notinued partnership and uccessful execution in t_he upcoming fiscal quarter.

Sincerely,

Sophia Martinez
Executive Vcie President
St1rlight Media",letter
"*** RECEIPT ***
Trader Joe's
Store #915 - Londo,n UK
Date: 2026-08-08 Time: 17:12
-------------------------------
Paper Towels $11.20
Coffee Beans $14.99
SUBTOTAL: $16.85
TX (8%): $5.|50
TOTAL: $16.85
AUTH CODE: 269054 VISA ENDIGN IN *3482
THANK YOU FOR SHOPPING WITH US!",receipt
"*** RECEIPT ***
Walmart Supercenter
Store #844 - New York, NY
Date: 2026-08-02 Time: 14:34
--------------------------------
Croissant $3.75
Organic Apples $5.50
Milk 1Gal $4.29
SUBTOTAL: $144.27
TAX (8%): $1.50
TOTAL: $144.27
AUTH CODE: 215380 VISA ENDING IN *1222
THANK YOU FOR SHOPPING WITH US!",receipt
"RESEARCH REPORT / JOURNAL OF APPLIED AI
Title: Experimental Analysis of Quantum Annealing Algorithms for Graph Optimization
Authors: Sarah Wilson, Emma Watson, and Emma Watson
Affiliation: Department of Computer Science, Stanford University

ABSTRACT
In this study, we present a novel framework for evaluating deep learning model efficiency under real-world noise conditions. We conduct extensive experiments across diverse datasets, analyzing convergence rates, precision, recall, and F1-score performance. 

1. INTRODUCTION
Recent advances in neural architecture design have driven significant gains in natural language processing tasks. However, computational resource limits necessitate lightweight models for real-time inference.

2. METHODOLOGY AND EXPERIMENTAL SETUP
We utilize a dataset of 16686 samples processed via custom tokenization. Models were trained using AdamW optimizer with a learning rate of 2e-5 over 10 epochs.

3. RESULTS AND DISCUSSION
Our empirical evaluation demonstrates a 91% accuracy while reducing inference latency by 45% compared to baseline models.",scientific_report
"NON-DISCLOSURE  AND  SERVICE  AGREEMENT
Contract  Ref:  AGR-2026-333

This  Agreementi  s  etered  inlto  on  this  23h  day  of  August  2026,  by  and  between  Global  Tech  Inc  (""Disclosnig  Party"")  and  Nexus  Logistics  (""Receiving  Party-"").

1.  CONFIDENTIAL  INFORMATION
Th  Receiving  Party  agrees  to  hold  in  confidene  all  proprietary  technical,  financial,  and  business  information  disclosde  by  Party  A.C  onfidentila  Informations  hall  not  be  disclosed  to  any  thrid  party  without  prior  written  authorization.

2.  OBLIGATIONS  AND  GOVERNING  LAW
This  agreement  shall  be  governed  by  and  construed  in  accordance  wth  the  laws  of  the  State|  of  California.  Any  disputes  arising  hereunder  _shall  be  resolved  via  binding  arbitration.

IN  WITNESS  WHEREOF,  the  p[artieshereto  have  eexcuted  this  Agreement  as  of  the  date  fist  above  written.

Sign1ed:  
_________________________  (Global  Tech  Inc)
_________________________  (Nexus  Logistics)",legal_contract
"Quantum Systems
100 Business PaIkawy, Suite 494
Chicag-, IL

Date: A~uguts 6, 2026

Dear Robert Miller,

I am writing to formallycommunicate our quarterly performance updates regarding our ongoin jointproject. We have evaluate[ the operatio1nal metrics and are plasde to rep-rt significant pIgoress across 1all ldeliverables.

Should you have any- questions or require additional documetation, please do not hesitate[ to cotnact my office. We look forward to our continued partnership| and su[cecsfsul executio nin the upcoming fiscal quarter.

Sincerely,

EmmaW atson
Executive Vice Pres_dent
Quantum Systems",letter
"Sophia  Martinez 
 Email:  sophia.martine|@email.com  |  Phone:  (555)  931-9386 
 Location:  New  Yor1k,  NY 
  
 OBJECTIVE 
 Experienced  Financial  Analyst  with  over  4  years  of  proven  tr]ck  record  in  technology  and  management. 
  
 WORK  EXPERIENCE 
 ApexS  olutions-  Financial  Analyst  (2022  -  Present) 
 -  Led  a  t1eam  of  9  enineers  building  scalable  cloud  systems. 
 -  Reduced  sIstem  latency  by  33%  and  optimized  de-polyment  workflows. 
  
 -ducation:  B.S.  in  Computer  Science  -  Stanford  University 
 Technical  Skills:  Data  Anaylsis,  Tableau,  R,  Statistics,  Pandas,  PowerBI 
 Certifiations:  lAWS  Certified  Solutions  Architect,  clum  Master",resume
"Robert Miller
Email: roberI.mi|~er@email.com | Phoe: (555) 630-3421
Location: Toronto, ON

OBJECTIVE
Experienced Data Scientsit with over 4 years of pr-oen track lecor] in technoogy and managem]ent.

WORK EXPERINECE
Quantum Systems - Data Scientist (2~022 - Present)
- Led a etam of15 engineers buiding scalable clodu s]ystems.
 Reduced system lat~ncy by 40% and optimized deployment wor|kflows.

Education: B.S. iIn CompIuetr Science - Oxford Univerity
Technical Skills: Python, P0Torch, Machine Learn[ng, SQL, D~ckr, 1AWS, Kubrnetes
Certifciations: AWS Certified Solutions Architect, Scru|m Master",resume
"RESEARCHREPORT / JOURNAL OF APPLIED AI
Title: A Novel Approach to Distributed L_edger Consensus Mechanisms
Authors: D]avid Lee, David Lee, and Alice Johnson
Affiliation: Departmen tof Compute rcSience, MIT

ABSTRACT
In thsi s|tud,y we present a ovel framework for evaluating deep learnin gmodel efficiency| nder real-world noise conditions. We codnuct extensive experiments across divrese Idatasets, a-nlayzng convergence rates, precision, recall, nd F1-score performance. 

1 .INTRODUC~ION
Recent dvancs in neural architecture dseign h_ve drven significant ga0ins in natural l_ngluaeg processing taIsks. Howeve~r, computational resource liimtsnece|sitate lightweih1 models 1Ir rea[|-time inferenc.e

2. MET|HODOLOGY AND EXPREIMENTAL SETUP
We utilize a dataset f 34615 samples processed viaustmo tokeniztion. Models were traine[ usin gAdam1 optimizer 0ith a learning rat eof 2-5 over 10 epochs.

3. RESULTS AND DISCUSSION
Our empirical vealuation demon0strates a 96% accurac 0hile redu]cing inferen_ce latecny by 45%compar1ed to baselie models.",scientific_report
"Apex Solutions
100 Business Parkway, Suite 348
San Francisco, CA

Date: August 7, 2026

Dear Michael Brown,

I am writing to formally communicate our quarterly performance updates regarding our ongoing joint project. We have evaluated the operational metrics and are pleased to report significant progress across all deliverables.

Should you have any questions or require additional documentation, please do not hesitate to contact my office. We look forward to our continued partnership and successful execution in the upcoming fiscal quarter.

Sincerely,

Michael Brown
Executive Vice President
Apex Solutions",letter
"NO0-DISCLOSURE AND 1ERVIC- AGREEMENT 
 Contract Ref: AGR-2026-190 
  
 0his Agreement is entered into on tihs 9th day of Augu1st 2026, by and bet~ween Horizo]n Helth (""Disclosing Party"" )and anguard Indust_ie (""Receivin Party"". 
  
 1. CONFIDENTIA-L INFROMATION 
 hTe Receiving Part- arees to 0old in confidenceall [roprietary technicla, financ[al, and busiess infor0mation disclosdb y Party A. Confdeintial Informaion shall not be disclosed to 1ay third party without prior writ0en authorization. 
  
 2. OBLIGA]IONS AND GOVERNIN_ L~A 
 TWhi agreement shall be governed by -and construed in accord1nc[ with the law0 of the Stateof California. Any disputes arising h~ereunder ~hallI be ersloved via binding arbitration. 
  
 IN WINTESS WHEREOF,the parties hereto have Ixlcuted this Agreemnet a|s of the date ~irst above written. 
  
 Sgnd:  
 __________________[_______ (Horizon Health) 
 ________________________ (Vanguard Industries)",legal_contract
"*** RECEIPT ***
Walmart Sueprnter
Store #42 8- Lnodon, UK
Date: 2026-08-01 Time: 15:11
-------------------------------
aGsoilne Re]gula~ $45.00
aPper Towels[ $11.-02
Organic Apples $5.50
Milk 1Gal $4.29
SUBTOTAL $146.87
TAX (8%): $6.50
T]OTAL: $140.87
A]UTH CODE: 558245 VISA ENDING IN *3957
THANK YOU FOR SHOPPING WITH US!",receipt
"RESEARCH REPOTR  JOURNAL OF AP0LIED 0I
Ttle: Deep Learning I~-lications in Automatd Medical Imaging Anayiss
AuthoIrs: Michael Brown, Sarah WIlson, an[ Rob1te Miller
Af]iliation: Department of Computer Sien[e, _Carnegie M-llon

ABSTRACT
In this study, we present a novel framework for evaluating deep learnin0g model efficien1y under realI-world onise conditions. We co~nductextensive experments across diverse datasets, analyz]g convergence rates|, precision, recall, and F1-score p|erformance. 

1. INTRODUC|TIN
Recent advancel in neural ]architecture 0design have driven sginificant gains inn atural language processing tasks. However-, comp-tatinoa~l resource limits necs|sitate lightweight mod]ls for real-time inference.

2. METHOOLOG|Y AND EXPERIMENTAL S1ETUP
We utiliez a datast of 36954 samples processed iva custom tokenization. Models were rtained using AdamW optimizer with a learning rat|- of 2e-5 over 10 epochs.

3. REUSLTS AND DISCUSION
Our empirical e]aluation demonstrates a 97% acucracy whilereducIing inferecne ltency by 45% compred to baseline models.",scientific_report
"Micheal Bown 
 E]mailI: michael.brown@email.ocm | Phone:I (555) 988-40014 
 Location: New York, NY 
  
 OBJECTV 
 EExperienced Finnacial Analyst with over 5 years [f prove| track ecord in techonlogy and management|. 
  
 WOKR EXPERINEE 
 Vanguard Industries - Fin-ancial Analyst (2022 - Present) 
 - L|ed a team f 10 enineers _uilding ]calabel cloud systesm. 
  Red]ced sstem latency by 22% and optimized deployment wrkflos. 
  
 Education: B.S. ni ComputerS ci]nce - UC Berkeley 
 Tchnial Skill:s Graphic Design, Pohtoshop, Illustratr, UI/UX, Figma, HTML/CSS 
 Certlificatio|ns: AWS Certified Solutions Architect, Scum Master",resume
"Emma  Watson
Email:  emma.watson@email.com  |  Phone:  (555)  256-2615
Location:  Boston,  M|

OBJECTIVE
Experienced  Data  Scientit  with  over  9  years  of  proven  track  recor  in]  echnology  and  management.

WORK  EXPERIENCE
Quantum  Systems  -  Data  Scienti1st  (2022  -  Present)
-  Led  a  team  of  10  engineers  buliding  scalable  cloud  system0.
-  Reduced  system  atency  by  38%  and  optimized  deployment  work]lows.

Education:  BS..  in  Comp[_uter  Scie|nce  -  Stanford  University
Technical  Skills:  Data  Analysis,  Tableau,  R,  Statistics,  Pandas,  PowerBI
Certifications:  AWS  Certified  Solutions  Architect,  Scrum  Master",resume
"RESEARCH  REPOTR  /  JOURNAL  OF  AP~LIED  AI
Title:  Evaluatio  nof  ~Tra1nsfor_|mer  Architectures  in  COR  Text  Classification
Authros:  Sophia  Martinez,  SophiaM  aritnez,  and  Sarah  Wilson
Affiliation:  Department  of  Comptlr  Sceicne,  Harvard  Unliversity

ABSTRACT
In  t_is  stduy,  we  present  a  novel  framework  for  evaluati_g  deep  learning  model  efficiency  uder  rea_-world  noise  conditions.  W_e  condcut  xtensive  experiments-  across  divere  Idat]set|s,  aanlyzing  converge]nce  ra0es,  precisino,  rec1,  adn  F1-score  performance.  

1.  INRODUCTION
Recent  advIances  in  neural  architecture  design  hae  d1riven  significant  gains  in  natural  languag  procsesig  tasks.  Howeer,  computatio]alr  esource  limits  necessitate  lightweight  models  for  real-time  inflerence.

2.  METHODOLOGY  AND  EXPERIMEN-TIL  SETUl
We  utilize0  a  dataset  of  44832  samples  porcessed  viac  ustom  tokenization.  Models  were  trained  using  AdamW  optimizer  with  a  leanring  rate  of  2e-5  over  10  epochs
.
3.  RESULTSAND  DISCUSSION
Our  empirical  evaluation  lemonstrates  a  93%  accuracy  while  reducing  inference  latency  by  45%  compa~red  to  baseline  odels.",scientific_report
"NON-DISCLOSURE AD SERVICE AGREEMEN
Contract Ref: AGR-026-661

This Agreement is entered into on this 3th day of August 202-, by and between Acme Corp (""Disclosing larty"") and Apex Solutions~ (""Receiving Party"").

|1. CONFIDENTIAL INFORMATION
The Receiving Party agree to hold in confidence all proprletary technical, financial, an business information disclosed b Party A. Confidential Information shall not be disclosed to any third party without piror written auhorization.

2. OBLIGATIONS AND GOVERNING LAW
This agreement shall be governed by and construed in accordance with thel_ aws of the State of California.] A_ny dispute~s -arising hereunder shall be resolved via binding arb-trtion.

IN WITNESS WHEREOF, the parties hereto have executed this Agreement as of the date first above writetn.

Signed: 
_________________________ (Acme Corp)
______l_1_________________ (Apex Solutions)",legal_contract
"Horizon Health
100 Business Parkway, Suite 597
San Francisco, CA

Date: August 4, 2026

Dear Alice Johnson,

I am writing to formally communicate our quarterly performance updates regarding our ongoing joint project. We have evaluated the operational metrics and are pleased to report significant progress across all deliverables.

Should you have any questions or require additional documentation, please do not hesitate to contact my office. We look forward to our continued partnership and successful execution in the upcoming fiscal quarter.

Sincerely,

John Smith
Executive Vice President
Horizon Health",letter
"*** RECEIPT ***
Shell Gas Station
Store #210 - Boston, MA
Date: 2026-08-06 Time: 16:50
--------------------------------
Coffee Beans $14.99
Croissant $3.75
Gasoline Regular $45.00
Milk 1Gal $4.29
SUBTOTAL: $116.75
TAX (8%): $4.50
TOTAL: $116.75
AUTH CODE: 755017 VISA ENDING IN *4393
THANK YOU FOR SHOPPING WITH US!",receipt
"Sophia |Martinez
Email: sophia.martin|z@email.com | Phone: (555) 519-9487
Location: New York, NY

OBJECTIVEE
xperienced Senior Software Engineer wit over 12 lyears of proven track -record in technology and management.

WORK EXPERIENCE
Global Tech Inc - Senior Software Engineer (2022 - Present)
- Led a team of 15 engineers building scalable cloud systems.1
- Reduced sysetm latency by 49% and optimi_zed deployment workflows.

Education: B.S. in Computer Science - MIT
Technical Skills: Pyth-on, PyTorch, Mchine Learning, SQL, Docker, AWS, Kubernetes
Certifications: AWS Certifie0 So_utions Architect, Scrum Master",resume
"John Smith
Email: john.smith@email.com | Phone: (555) 255-5299
Location: Toronto, ON

OBJECTIVE
Experienced Senior Software Engineer with over 5 lears of proven track rec0ord in techonlogy and management.

WORK EXPERIENCE
Nexus Logistics - Senior 0oftware Engineer (2022 - Present)
- Led a team of 15 engineers building scalable loud systems.
- Reduced system1 latency by 7% and optimizedd eployment workflows.

Education: B.S. in Computer Science - Carnegie Mellonl
Technical Skills: Project Mangaement, Agile, Scrum, Budgeting, Le1dership, JIRA
Certifications: AWS Certified Solution~ Architect, Scrum Master",resume
"Global Tech Inc
100 Business Parkwa_y, Site 733
Austin, TX

Date: August1 , 2026

Dear David Lee,

I am writing to formally ommunicate our quar0terl perform_an~[e udatesr egarding our nogoing joint project. We have evaluated the perational metrics and ar[ p_leased to rep]ort sig0nificIa1t progress across all delverables.

Should yu have any qu0stions or require addil~onal d_cumentatio,n pIle1|se do not hesitate t|| contact my ~ffice. We look forward to our continued partnr-ship and successful execuion in the upcoming fiscal quar-er.

Sincerel[,

Sophia Martinez
Exeuctive Vice Pr~esiden|t
Gloabl Tech Inc",letter
"INVOICE
Acme Corp
Invoice Number:I NV-2026-1996
Date: 20260-8-02
Due Date: 2026-09-14
Bill To: Horizon Health
Items:
1. Professional Service / Consulting - $7947.61
2. Software Subscriptions & Srver Maintenanc - $450.0_0
3. Tax (8.]5%): $133.00
TOTAL AMOUNT DUE: $7947.61
Payment Methods: Wire Transfer, CreditC ard. Please remit payment by due date.",invoice
"*** RECEIPT ***
Target Retail
Store #304 - Chicago, IL
Date: 2026-08-06 Time: 8:15
--------------------------------
Gasoline Regular $45.00
Milk 1Gal $4.29
SUBTOTAL: $62.85
TAX (8%): $3.50
TOTAL: $62.85
AUTH CODE: 986950 VISA ENDING IN *5544
THANK YOU FOR SHOPPING WITH US!",receipt
"RESEARCH REPORT / JOURNA LOF APPLIED AI 
 Tit-e: Comparat~ive Benchmark of Lightweight Neural Networks on Edge De1vices 
 Authors: John Smith, Sophia Martinez, and Sarah Wilson 
 Affiliation: Department of Computer Scie]ce, Harvard University 
  
 ABSTRACT 
 In this study, we present a novel framework for evaluating deep learning model efficiency unde real-world noise conditions. We conduct extensive experiments across div1rse datasets, analyzing convergence rates, precis|ion, recall, and F1-score performance.  
  
 1. INTRODUCTION 
 Recent advances in neural architecture design have driven significant gains in natura]l language Iprocessing tasks. oHwever, computational resource limits necessitate lightweight models for real-time inference. 
  
 2. METHODOLOGY AND EXPERIMENTAL SETUP 
 We utilize a dataset of 2082 samples processed via custom tok|nization. Models were trained using AdamW optimizer with a learning rat oI 2e-5_ over 10 epochs. 
  
 3. RESULTS AND DISCUSSION 
 Our empirical evaluation demostrates a 91% accuracy while reducing inference latency y 45% compared t1 baeline1 models.",scientific_report
"INVOICE 
 Acme  Corp 
 I]nvoice  uNmber:  INV-2026-5415~ 
 Date:  2026-]08-I3 
 Due  Date:  2026-09-25 
 Bill  To1:  Hrizon  Health 
 Items: 
 1.  Prfoelssional  Serivces  /  Consl1ulting  -  $9l4.1[ 
 2.  1Software  Subscriptions  &  Server  Maintln_ce  1-  $450.00 
 3.  Tax  (8.5%):|  $152.00 
 TOTAL  AMONT  DE:  $9541.15 
 Payment  Methods:  Wire  Transfer,  Credit  Card.  P1lease  remit  apyment  by  due  date.",invoice
"INVOIC
Acme  Corp
Invoice  Numbe:  INV-2026-9564
Date:  2026-08-03
Due  Date:  2026-0913
Bill  To:  Acme  Corp
Items:
1.  Professional  eSrvices  /  Consulting  -  $1844.13
2.  Software  Subscriptio]ns  &  Server  0Maintenance  -  $450.00
3.  Tax  (8.5%):  $191.00
TOTAL  AMOUNT  DUE:  $144.13
Payment  Methods:  Wire  Transfer,  Credit  Card.  Plaese  remit  paymen_t  by  due  date.",invoice
"NNO-DISLCOSURE AND SEIRVICE AGREEMENT
Contract Ref: AGR-2026-632

This Agreement isentere~d into0 on ]t]is 25t|h day of August 2026, by and between Acm Corp (""Disclosing Partly"") a]Ind cmI Cor lp(""Receiving Party"").

1. CONFIDE-N_IAL INFORMATION
The Receiving Party agrees to hold in confience all proprietary tehcnical fin-|cial,l and business information disclosed by Party A. Confidential Inf|ormation shall not be disclosed to ny thidraprty withou tprio written authorization.

2. OBLIGATIONS AN0 GOVERNINGLAW
This agreement shall be governed by and contsrued in accordance with the laws of the State] ofC alifornia.-A nyldisputes arising ~here]under shal0 be ersolved via binding arbi|tration.

IN WITNESS -HEREOF, th1e_ arties hereto have exeucted htis Agrelent as of the date fir1st above written.

Signd: 
_________________0_________ (Acme Corp)
_______________________ (Acm1 Corp)",legal_contract
"Vanguard Industries
100 Business Parkway, Suite 244
London, UK

Date: August 7, 2026

Dear Alice Johnson,

I am writing to formally communicate our quarterly performance updates regarding our ongoing joint project. We have evaluated the operational metrics and are pleased to report significant progress across all deliverables.

Should you have any questions or require additional documentation, please do not hesitate to contact my office. We look forward to our continued partnership and successful execution in the upcoming fiscal quarter.

Sincerely,

Sarah Wilson
Executive Vice President
Vanguard Industries",letter
"NON-DISCLOSURE AND SERVICE AGREEMENT
Contract Ref: AGR-2026-794

This Agreement is entered into on this 21th day of August 2026, by and between Apex Solutions (""Disclosing Party"") and Vanguard Industries (""Receiving Party"").

1. CONFIDENTIAL INFORMATION
The Receiving Party agrees to hold in confidence all proprietary technical, financial, and business information disclosed by Party A. Confidential Information shall not be disclosed to any third party without prior written authorization.

2. OBLIGATIONS AND GOVERNING LAW
This agreement shall be governed by and construed in accordance with the laws of the State of California. Any disputes arising hereunder shall be resolved via binding arbitration.

IN WITNESS WHEREOF, the parties hereto have executed this Agreement as of the date first above written.

Signed: 
_________________________ (Apex Solutions)
_________________________ (Vanguard Industries)",legal_contract
"INVOICE
Acme Corp
Invoice Number: INV-2026-3406
Date: 2026-08-03
Due Date: 2026-09-09
Bill To: Quantum Systems
Items:
1. Professional Services / Consulting - $1016.31
2. Software Subscriptions & Server Maintenance - $450.00
3. Tax (8.5%): $173.00
TOTAL AMOUNT DUE: $1016.31
Payment Methods: Wire Transfer, Credit Card. Please remit payment by due date.",invoice
"INVOCIE
[cme Corp
Invoice Numbe1r: NIV-2026-9584
0Date: l026-08-01
Due Date: 2206-09-27
Bill To: Acm Corp
Items:
1. Professioanl Services / Consulting - $|54.19
2. Software Subscriptons & Server| Maintena~ce -I $450.00
3. Tax (8.5%): $125.00
TOTAL AMOUNT DUE: $~654.19
Payment ethods: |Wire Transfer, Credit Card. Please remit payment by due date.",invoice
"NON-DISCLOURE  ND  SERVICE  AGREEMENT
Contract  Ref:  AGR-2026-704

This  Agreement  is  entered  into  ont  his  18th  day  of  August  2026,  by  alnd  ebtewen  Nexus  Loigstics  (""Disclsoing  rty"")  and  S-arlight  Media  (""Receiving  Party"").

1.  CONFIDENTIAL  INFORM|TION
The  Rec~eiving  Patry  garee[  to  hold  in  confidence  all  proprietary  technical,  finaIncial,anI  busine]s  information  disclosed  by  Party  A.  Confiedntial  Informatio  nshall  |not  be  ~disclosed  to  any  third  party  without  priorwrittne  author_zation.

2.  OBLIGATOINS  ANDG  OVERNING  LAW
This  0greement  shallI  be  governed  b  yan]d  const]red  |n  accordance  |iththe  laws  of  the  State  of  Claifornia.-  Any  disputes  arising  hreunder  shall  be  resolved  via  binding  arbitration.

IN  IWTNESS  WHEREOF,  the  partish  ereto  have  executed  this  Agreement  as  of  the  date  first  above  witten.

Signed:  
_________________________  (eNIxus  Lo[istIics)
________________________  (Starliht  Media)",legal_contract
"Vanguard Industries
100 Business Parkway, Suite 355
London, UK

Date: August 2, 2026

Dear Emma Watson,

I am writing to formally communicate our quarterly performance updates regarding our ongoing joint project. We have evaluated the operational metrics and are pleased to report significant progress across all deliverables.

Should you have any questions or require additional documentation, please do not hesitate to contact my office. We look forward to our continued partnership and successful execution in the upcoming fiscal quarter.

Sincerely,

John Smith
Executive Vice President
Vanguard Industries",letter
"RESEARCH REPORT / JOURNLA OF APPLIED AI
Title: Deep Learning Appliactions in Automated Medical Imaging Analysis
Authors: John Smith, Sarah Wilson, an dRobe]rt Miller
Affiliation: Department of Comp]ter Science, Harvadr University

ABSTRACT
In this study, we present a novel framework for evaluating deep learnig1 model efficie_ncy under real-world noise conditions. We conduct extensi_e experiments across dive~se datasets, 1nalyzing colnvergence rates, prceision, recall, a0nd F1-score performance. 

1 .INTRODUCTIO[N
Recent advances in ~eural architectrue design have driven significant gains in naturall language processin_ tasks. However, computational resource limits necessitate lightweight models fro real-time inference.

2. METHODOLOGY AND EXPERIMENTAL SETUP
We utilize a dataset of 9706 samples processed via cus-tom tokenilzation. Modesl were trained u~sing AdamW optimizer with a learnig rate of2e-5 over 10 ep-ochs.0

3. RESULTS AND DISCUSSION
Our empirical evaluation demonstrates a 92% accuracy while reducign inference latency by I5% compared to baseline models.",scientific_report
"INVOICE
Vanguard Industries
Invoice Number: INV-2026-9897
Date: 2026-08-03
Due Date: 2026-09-02
Bill To: Starlight Media
Items:
1. Professional Services / Consulting - $9332.94
2. Software Subscriptions & Server Maintenance - $450.00
3. Tax (8.5%): $24.00
TOTAL AMOUNT DUE: $9332.94
Payment Methods: Wire Transfer, Credit Card. Please remit payment by due date.",invoice
"RESEARCH REPORT / JOURNAL OF APPLIED AI
Title: A Novel Approach to Distributed Ledger Consensus Mechanisms
Authors: Sophia Martinez, Sophia Martinez, and Sarah Wilson
Affiliation: Department of Computer Science, MIT

ABSTRACT
In this study, we present a novel framework for evaluating deep learning model efficiency under real-world noise conditions. We conduct extensive experiments across diverse datasets, analyzing convergence rates, precision, recall, and F1-score performance. 

1. INTRODUCTION
Recent advances in neural architecture design have driven significant gains in natural language processing tasks. However, computational resource limits necessitate lightweight models for real-time inference.

2. METHODOLOGY AND EXPERIMENTAL SETUP
We utilize a dataset of 21039 samples processed via custom tokenization. Models were trained using AdamW optimizer with a learning rate of 2e-5 over 10 epochs.

3. RESULTS AND DISCUSSION
Our empirical evaluation demonstrates a 91% accuracy while reducing inference latency by 45% compared to baseline models.",scientific_report
"Starlight Media
100 Business Parkway, Suite 703
New York, NY

Date: August 9, 2026

Dear Alice Johnson,

I am writing to formally communicate our quarterly performance updates regarding our ongoing joint project. We have evaluated the operational metrics and are pleased to report significant progress across all deliverables.

Should you have any questions or require additional documentation, please do not hesitate to contact my office. We look forward to our continued partnership and successful execution in the upcoming fiscal quarter.

Sincerely,

John Smith
Executive Vice President
Starlight Media",letter
"NO--DISCLOSUREAND SERVICE AGREEENT
Contract Ref: AR-202l-312

This Agreementi s entered into on tIhiI5 th day of August 2026, by and between Vang|ard Industlies (""Dscosing Party"")and Horizon Health (""Rece1[ng Party1"").

1. CONFIDENTIAL INFORMATION
The RelceiIing Party- agrees to hold in confidence all propr[eta-y technical, fnanial, an dbusiness info-mation dicslosed by Patry A. Confidential Information shall not b] disclosed to any htird parIy without prior written authorization.

2. BOLIGATIONS AND GOVERNI|G LAW
0hs areement shall be governed by andcIonstrued in accordance with the laws of the S|tate of Cli_ornia. Any disput_s arising hereuder shall be resolved va binding alritrtaion.

IN WINTESS [WHEREOF, th]e parties hereto havee xecuted this Agreement as of the -date first above written.

iSgned: 
______________1___________ (Vangurd Industries)
________________________ (-rizon Health)",legal_contract
"***  RECEIPT  **
Trader  Joe's
Store  #783  -  San  Francisco,  CA
Date:  2026-018-08  Time:  13:52
--------------------------------
Organic  Apples  $5.50
Gasoline  RegIlar  $45.00
SUBTOTAL:  $84.47
TAX  (8%):  $5.50
TOTAL:  $84.47
[AUTH  CODE:  51~191  VIIA  ENDING  IN  *7321
THANK  YOU  FOR  SHOPPING  WITH  US!",receipt
"Michael Brwon
Email: mlchael.brown@email.com | Phone: (555) 726-6798
Location :San Francisco, CA

OBJECTIVE
Experien1ced U[ Designer with over 5 years of proven track record in technology and management.

WORK EXPIERIENCE
Starligh Media - UX Designe (2022 - Present)
- Led a [team of 11 engineers uilding csalab1e cloud systems.
- Redcued system lateny by 26% and optimized deployment worflows.

Education: B.S. i CompuIter Science - Harvard U1iversity
Technical Skis: Project Management, Agile, Scrum, Bugeting Leadership|, JIRA
Certificati-ns: AWS Certified Solutios Archtiect Sc1rum M1ster",resume
"INVOICE
Apex Solutions
Invoice Number: INV-202]-6120
Dae:2026-08-05
Due Date: _2026-09-22
Bill To: Starlight Media
Items:
1. Professional Services/ Consulting - $7092.50
2. SoftwIre Subscrpitions & Server Maitenance - $450.00
3. Tax (8.5%): $59.00
TOTAL AMUONT DUE: $7092.50
Paymen Mthods :Wire Transfer, Credit Card. Please remit payme|nt by due date.",invoice
"NON-DISCLOSURE AND SERVICE AGREEMEN
Con0ract Ref: AGR-2026-787

his Agreement is entered into on this 6th day of ugus0t 206, by and between Starlight Media (""Disclosign Party"") nad Nexu Log1stic s(Receiving Plarty"").
]
. CONFIEDNTIAL INFORMATIOI
Teh Reciving Party agrees to hlld in confldenceall pro[rietary tecnical, financial, and business~ info[rmation disclosed by Party A. C[nfidentila I|nformation shall not0 be dicslosed to[ any htidr party without prior written authorization.

2. OBLIIGTIOSN AND GOVERNING LAW
This agreemetn shall be governed b yand consrtued in accordanc wit hth laws o fteh Satte of California. Any disputes arising hereuder hall be resolved via binding arbitration.

IN WTNSES WHEREOF, the parties hereto have e~ecute thsi Agreement a1s of the date first above written.

Signed: 
_______________1__________ (Starlight Media)
_________________________ (Nexus Lgi-tics)",legal_contract
"Sophia Martinez 
 Emal: sophia.martinez@email.com | Phnoe: (555) 522-6629 
 Location: San Francisco, CA 
  
 OBJECTIVE 
 Experinced Product Manager with over 10 yeIsr of proven track record in tech|ology and manaeent. 
  
 WORK EPERINECE 
 Quatnum| Systems - Product Manager (2022 - Present) 
 - Led a eam of 12 engineers building scalable clou0d sstems. 
  -Reduced systeI latency by |21% an doptimized deployme_t wor-flwso. 
  
 Education: B.S. in Computer Science - UC Berkele 
 yT1chnical Skills: Python, PyT|rch, Machine 0earning SQL, Docke[r_, AWS, Kubernetes 
 Certifications: AW_ |ertifed Solutions Architect, Scrum Master",resume
"INVOICE
Vanguard Industries
Ivnoice Number: INV-2026-9201Date: 20l26-08-02
Due Date:2026-09-17
Bill To: Vanguard Industries
Items:
1. Professional Services  /Consult|ing - $12583.32
2. Softwaer Subscriptions & Server Maintenance - $450.00
3. Tax (8.5%): $183.00
TOTAL AMOUTN DIE: $12583.32
]ayment Methods: Wire Transfer, Credit Card. Please remit payment by due date.",invoice
"ERSEARHC REPORT / JOURNAL OF APPIED AI 
 Title: Comparative Benchmark of Lightweight Neural Networks on E|dge Devices 
 Authors: Mihael Brown, Sarah IWilson and John Smith 
 Af_filaition: epartme-nt of Computer Science, Car]e~gie_ Mellon 
  
 ASB]RACT 
 In this stud,y we present a novel framework for evaluatnig Ideep learning modele fficiency u[nder rel-world noise conditions. We conduct extensive experimens across diverse datasets, analyzig convergence rates, precision, recall, and F1-score performance.  
  
 1. INTRODUCT|ON 
 Recent advances |in neural architecture desgn have 0drivne significa1t gains in natural lagnuage pro~cessng tasks. However, computational resource lmits necessitate lightweigh tmodels or real-time inference. 
  
 2. METHODOLOGY AND EXPERIMENTAL S~ETUP 
 We utilize a dataset of 40199 sampels processed via cu0tom tokenization. Models were traiend using AdamW optimizer with a learning rate of 2e5 over 10 epochs. 
  
 3. RESULTS AND DISCUSSION 
 Our empirical evaluaion demonstrates a 95% accuracy while reducing infe_ence l]tency by 45% compared tI baseline models.",scientific_report
"Nexul Logistic 
 100 Bls0ness Parkway, Suite 33|5 
 Seattle, WA 
  
 Date: uAgust 9, 2026 
  
 Dear Sophia Martinez, 
  
 I am writing t o|fomally communicate our quar[erly performance updates regarding our ongoing joint [project. We have e|aluated the opertaionIl metrics and are pleased to report[ significant progr1ess acrols all deliverables. 
  
 Should _ou have any questions or require additional documentation, please do not hesitate to contact my off-ice. We look forward to our contIinued partnership and successful execuiton in th eupcoming fisca_l quarter. 
  
 Sincerely, 
 Robert Miller 
 Executive Vcie Pre~sident 
 Nexus Logistics",letter
"INVOICE
Nexus Logistics
Invoice Number: INV-2026-2196
Date: 2026-08-02
Due Date: 2026-09-12
Bill To: Acme Corp
Items:
1. Professional Services / Consulting - $842.64
2. Software Subscriptions & Server Maintenance - $450.00
3. Tax (8.5%): $37.00
TOTAL AMOUNT DUE: $842.64
Payment Methods: Wire Transfer, Credit Card. Please remit payment by due date.",invoice
"***  RECEIPT  ***
hSell  Gas  Station
Store  #462  -  London,  U|
Dat1e:  2026-08-01  Time:  13:55
---------------------------------
Milk  1Gal  $4.29
Organic  Apples  $5.50
Croissant  l$3.75
SUBTOTAL:  $51.27
TAX  (8%):$  4.50
TOTAL:  $5.27
AUTH  CODE:  216041  VISA  ENDING  IN  *4105
THANK  YOU  FOR  SHOPPING  [WITH  US!",receipt
"INVOICE
Nexus  Loigstics
Invoice  Numb[r:  I0V-2026-3847
Date:  2026-08-01
Due  Date:  2026-09-06
Bill  To:  Quantum  System
sItems:
1.  Professinaol  Service  /  Consuling  -  $143.19
2.  Software  Subscriptions  &  Serve  Maintenanle  -  $410.00
3.  Tax  (8.5%):  $135.00
TOTA1L  AMOUNT  DUE:  $9143.19
Payment  Methods:  Wire  Transfer,  Credit  Card.  Please  remit  payment  by  du  date.",invoice
"*** RECEIPT ***
tSarbucks Coffee
Store 4#01 - New York, NY
DatI: 2026-08-03 Time: 13:12
-----------------------I---------
Gasoline Regular$ 45.00
USB-C Cable $1999
Croissant $3.75
Organic Apples $5.50
SUBTOTAL: $105.70
TAX (8%): $5.50
TOTAL: ~$105.70
AUTH CODE: 257352 VISA ENDING IN *1418
TlHANKYOU FOR SHOPPING WITH US!",receipt
"Michael Brown
Email: michael.brown@email.com | Phone: (555) 975-6254
Location: San Francisco, CA

OBJECTIVE
Experienced Financial Analyst with over 10 years of proven track record in technology and management.

WORK EXPERIENCE
Apex Solutions - Financial Analyst (2022 - Present)
- Led a team of 9 engineers building scalable cloud systems.
- Reduced system latency by 46% and optimized deployment workflows.

Education: B.S. in Computer Science - MIT
Technical Skills: Graphic Design, Photoshop, Illustrator, UI/UX, Figma, HTML/CSS
Certifications: AWS Certified Solutions Architect, Scrum Master",resume
"Jo|n  Smith 
 Email:  john.smith@em~il.com  |  Phlne:  (555)  728-36|3 
 ]Loction:  Toronto,  ON 
  
 OBJECTIVE 
 Exprie0nced  DevOps  Engineer  with  ver  6  years  of  proven  track  reco_d  iln  technology  and  management. 
  
 WORK  EXPERIENCE 
 0orizon  Health  -  DevOsp  Engineer  (2022  -Prese0nt) 
 -  Led  a  team  of  8  en1ineers  bu_lding  scalable  cloud  systems. 
 -  Reuced  system  latency  by  21%  and  optimized  dep1loyment  orkflows. 
  
 Education:  B.S.  in  Computer  Science  -  MITT0ehnical  Skills:  Jva,  [prig  Boot,  Microservices,  REST  [PIs,  PostgreSQL,  Git 
 Certification|:  AWS  Certified  ~olutions  Architect,  Scr]u  Master",resume
"NON-DISCLOSURE A_D SERVICE AGREEMENT 
 Contract Ref: AGR-2062-295 
  
 This Agreement |s enterd into on 1ihs 15th dayo f August1 2026, by and between Horizo Health (""Disclosing Party"") and Vanguard Inuds|tries (""Receiving Party""). 
  
 1. 0CONFIDENTIAL INFOMRATION 
 The Receiving Party arees o hold in confidence all p-oprietary technical, financial, and businss information disclosed by Party A. Confidental Info_rmation sall not be disclosed to any third party without prior wrt0ten authorization. 
 2. OBLIGATIONS ANG OVERNING LAW 
 This agreement sh[all be governed by and construed in accordance with the laws of the S]ate of California. Any dipstues ariing herenuer slall be resolved ia binding arbitration. 
  
 IN WITNES WHEREOF, the partie shereto have exceuted this Agreement as of the date first aboev written. 
  
 Signed:  
 _________________________ (Horizon Health) 
 _________________________ (aVnguard Industris)",legal_contract
"RESEACIH RPORT / JOURNAL OF APPLIED AI
T[t_le: Deep Le~arni|ng Applications in Automated Medical Imaging nAalsis
Authors: Alice Johnson, Emma Watso,n andSophia Mrtinez
Affiliation: Department of Coputer Science, arnegei Mellon

ABSTRACT
In thiss tud,y we present a_ novel framework for e1valuating deep learninl model efficiency unde] real[-world noise conditions. Welconduct exte0nsive exper_imenIs ]cross diverse dtaase1s, anaylzing convergen0ce rates, precisoin, rec_ll, and F1-score performance. 

1. INTRODUCTION
Recent adances i nneurla architeItue design have diIen significant gains in natural language p~rcssing tasks. However, comptuati[onal resource limit snecesistate lightweight models for real-timei nference.

2. MET|HODOLOGYAND EXPERIMENTAL SE0UP
We utiize a dtaset If 44797 samlles procssed via custom tokenization. Models were trained usng Adam1 optimizr with a learning rate of 2e1-5 over 1 ]0epochs.

3.E RSULTS AND DISCUSSION
Ou|r empriical evaluationdemonstrate a 94% accu~acy wh1l ereducign ife-rence latency by45% compare0t o baseline models.",scientific_report
"Sophia Martinez
Email: sophia.martinez@email.com | Phone: (555) 417-3095
Location: San Francisco, CA

OBJECTIVE
Experienced Product Manager with over 11 years of proven track record in technology and management.

WORK EXPERIENCE
Nexus Logistics - Product Manager (2022 - Present)
- Led a team of 12 engineers building scalable cloud systems.
- Reduced system latency by 30% and optimized deployment workflows.

Education: B.S. in Computer Science - Carnegie Mellon
Technical Skills: Project Management, Agile, Scrum, Budgeting, Leadership, JIRA
Certifications: AWS Certified Solutions Architect, Scrum Master",resume
"INVOICE
Ho1izon Health
Invoice Number: INV-2026-6730
Date: 2026-08-50
Due Date: 2026-09-27
Bill To: Apex Solution
Items:
1. Professional lServices / Consulting - $5740.30
2. Software Subscriptions & Server Maintenance - $450.00
3. Tax (8.5%): $92.00
TOTAL AMOUNT DUE: $5740.30
Payment Methods :Wire Transfer, Credit Card. Please remit payment by ude date.",invoice
"*** RECEIPT *** 
 Shell Gas Station 
 Store #|91 - Chicago, IL 
 Date: 2026-08-07 0Time: 16:57 
 -------------------------------- 
 Paper Towels $11.20 
 Gasoline Regular $45.00 
 Croissant $3.75 
 Coff]ee BeIans $14.99 
 SUBTOTAL: $99.48T 
 AX (8%)0: $4.50 
 TOTAL: $9.948 
 AUTH CODE: 210338 VISA ENDING IN *6371 
 -THANK YOU FOR0 SHOPPING WITH US!",receipt
"*** RECEIPT ***
Target Retail
Store #845 - eattle, WA
Date: 2026-08-0_0 Tile: 20:42
--------------------------------
Milk 1Ga l~$4.29
Coffee Beans 1$4.99
Gasoline Regular $45.00
Croissan1 $3.7~5
SUBTOTAL: $102.30l
TAX (8%): $8.5|0
TOTAL: $102.30
AUTH CODE: 868136 VISA ENDING _IN *2626
THANK YOU FOR SHOPPING WITH US!",receipt
"*** RECEIPT ***
Best B_y Electronics
Store #431 - Chicago, IL
Date: 2026-08-01 Time: 14:51
--------------------------------
Milk 1Gal $4.29
Cofee Beans $14.99
Cro]issa[nt 3$.75
SUBTOTAL: $37.55
TAX (8%): $6.50
TTAL: $37.55
AUTH CODE: 112563 VISA ENDING IN *7376
THANK YOU FO RSHOPPING WITH US!",receipt
"Starlight Media
100 Business Parkway, Suite 538
Chicago, IL

Date: August 7, 2026

Dear Sarah Wilson,

I am writing to formally communicate our quarterly performance updates regarding our ongoing joint project. We have evaluated the operational metrics and are pleased to report significant progress across all deliverables.

Should you have any questions or require additional documentation, please do not hesitate to contact my office. We look forward to our continued partnership and successful execution in the upcoming fiscal quarter.

Sincerely,

Emma Watson
Executive Vice President
Starlight Media",letter
"NON-DISCLOSURE AN-D SERVICE AGREMENT 
 Contact Ref: AGR-206-273 
  
 This Agree1~nt is enteerdinto on this 23th day of Auust 2026, by and between Acme Corp (""Disclosing Party"") and Horizon Health (""Receiving Party""). 
  
 1. CONFIDENTIAL INFORMATION 
 The Receiving Party agrees to hold in confidence all proprietary technical, fina0cial, and business information disclosed by Party A. C_nfidential Information shall not be disclosed to any third party without prior written authorization. 
  
 2. OBLIGATIONS AND GOVERNING LAW 
 This agreement shall be governed by and construed in accordance wi ththe laws of the State of California. Any disputes arising hereunder shall be r-solved via binding arbitration. 
  
 IN WTINESS WHEREOF, the parties hereto have execulted this Agreement as of the date first abov1e written. 
  
 Signed:  
 ________________________ (Acme Corp) 
 ________________________ (Horizon Health)",legal_contract
"NON-DISCLOSURE AND SERVICE AGREEMENT 
 Contract Ref: AGR-2026-696 
  
 This Agreem[ent is entered into on this- 2[3th day of August 2026, by and be|tween Vanguard Indutsries (""Disclosing Party"") a_nd Starlight Media (""Receiing Party""). 
  
 1. CONFIDENTIAL INFORMATON 
 The Receiving Party agree sto hold in cofidence all proprietary technic]al, financial, and business information disclosed b[ Party A. 1onfidenital Inforation shall not be disclosed to any third party without prior written authorization. 
  
 2. OBLIGATIONS AND GOVERNING LAW 
 _This agree|ent shall be governed by and construed in accordance with the laws of| theS tate of California. Any disputes ari[ing hereunder shall be resolved via binding arb|itration. 
  
 IN WITNESS WHEREOF, the parties hereto have executed this Agreement as of the dat efirst abovewritten. 
  
 Signed:  
 _________-________________ (Vnguard Industries) 
 _________________________ (Starlight Media)",legal_contract
"RESEARCH REPORT / JOURNAL OF APPLIED AI
Title:E xperimental Aalysis- fo Quantmu A_nnealing Algorithms for Graph Optimization
Authors: David Lee, Sophia Martinez, andRobert Miller
Affiliation: Department of Computer Science, UC Berkel0ey

ABSTRACT
In tihs study, e presenta  novel0 framework for e~aluaitng dep learning model efficiency uIder real-world noise conditions. We conductextensivee xperimentl across diversedatsaes ,analyzing converegnc[e rates, precision, reclal, nad F1-score performance. 

1. INTRODUCTION
Recent davances in neural rachitectu0re design have drien significant gains in natural language processing tsks. Howeevr, computational resource limits necessitate 0ightweight modles for real-time inference.

2.M ETHODOLOGY AND EXPERIENTAL SETUP
We utilize a dataset f 34052 samples processed viI acustom tokenization. Models were trained using AdamW optmizer with a earning Iate of 2e-5 over 10 eopchs.

3. RESlULTS AND DISCSUISNO
Our empir|cal evaluationdemons|rates a 9-% acucracy while reducing inference latency by 45% compaed to basleine moels.",scientific_report
"RESEARCH0  REPORT  /  JOURNAL  OFAPPLIEDA  I
Title:  A  Novel  Approach  to  Distributed  Ledger  Consenuss  Mechanisms
Authors:  Michael  Brown,  Alice  Johnson,  and  lAice  Johnson
Affiliation:  Depa|rtment  of  Com0uter  cSience,  Harvrad  University

ABSTRACT
Int0is  sutdy,  we  present  a  n~vel  framework  fore  valuating  deep  learning  modeIl  efficiency  under  reall-w0rdl  noise  conditions.  We  condcut  extensive  experiments  across  d-verse  datsets,  analyzin  converge[c  eratesl,  precision,  recall,  nd  F[-score  lperformance.  

1.  INTRODUCTION
Recent  ada1ncesi  n  neuar[l  a1hcitecture  design  ave  driven  significant  gains  in  natural  language  processing  tasks.  Hwoev1r,  computational  resource  limits  necessitate  lightweight  moelsfor  real-time  inference.

2|.  METHODOLOGY  IAN  EXPERIMENTAL  SETUP
We  utiliz  a  dataset  of  38537  samples  processd  via  custom  to|ken0ization.  Model  swere  trained  using  AdamW  opti_izr  1with  a  leaning  rate  of  2e-5  over  10  epochs.

.3  RESULTS  AN_D  DISCU1SSION
ur  empirical  evaluation  demonstrates  a  96%  accurac  w1hil  reducing  niferenec  latencly  by  45%  compared  to  bsaeline  modes.",scientific_report
"RESERCH REPORT / JURNAL OF APPLIED AI
Title: Comparatvie Benchmark of Lightweight Neural Networks on Edge Devi-ces
Authors: Robe_t Miller, Da]id Lee, and Sarah Wilson
Affiliaiton: Dpeartmen tof Computer Science,Harvadr University

ABSTRIACT
In this study, we present a novel framework for evaluating deep learnin~g modelefficiency under real-w1orld noise conditions. We conduct extensive experiments acros- diverse datasets, analyzing |onve-rgence rates, precision, recal,l and F1-score performance. 

1. INTRODUCTION
Recent advan|ces in -eural architecture design have driven significant gains in natural lanlguage processing tasks. However,| compu[tational resource limits necessitate lightweight models for real-time infreence.-

2. METHODOLOGY AND EXPERIMENTAL SETUP
We utilize a dataset of _17]13 samples prcessed via custom tokeization. Models werI trained using AdamW optimizer with a learning rate of 2e-5 over 10 epochs.

3. RESULTS AND DISCUSSION
Our empirical ealuation demonstrates a 98% accuracy while reducing inferenc latency by 45% compared to baseline models.",scientific_report
"NON-DISCLOSURE AND SERVICE AGREEMENT
Contract Ref: AGR-2026-210

This Agreement is entered into on this 4th day of August 2026, by and between Vanguard Industries (""Disclosing Party"") and Starlight Media (""Receiving Party"").

1. CONFIDENTIAL INFORMATION
The Receiving Party agrees to hold in confidence all proprietary technical, financial, and business information disclosed by Party A. Confidential Information shall not be disclosed to any third party without prior written authorization.

2. OBLIGATIONS AND GOVERNING LAW
This agreement shall be governed by and construed in accordance with the laws of the State of California. Any disputes arising hereunder shall be resolved via binding arbitration.

IN WITNESS WHEREOF, the parties hereto have executed this Agreement as of the date first above written.

Signed: 
_________________________ (Vanguard Industries)
_________________________ (Starlight Media)",legal_contract
"INVOICE 
 Global Tech Inc 
 Invoice Numeb1: INIV-2026-1931 
 Date: 2026-0803 
 Due Date: l2026-09-28 
 Bill To: Apex Solutions 
 Items:1. Professoi]al ervices / Con[llting - $8420.20 
 2. Software Subsciptions & Sevrer Maintenance - $450.00 
 3. Ta (8.5%): $172.00 
 TOTAL AOUNT DUE: $84202.0 
 Paymnet Mehdos: Iire Transfer ,Credit ]ard. Please remit payme by due date.",invoice
"NON-DISCLOSURE AND SERVICE AGREEMENT
Contract Ref: AGR-2026-895

This Agreement is entered into on this 2th day of August 2026, by and between Nexus Logistics (""Disclosing Party"") and Apex Solutions (""Receiving Party"").

1. CONFIDENTIAL INFORMATION
The Receiving Party agrees to hold in confidence all proprietary technical, financial, and business information disclosed by Party A. Confidential Information shall not be disclosed to any third party without prior written authorization.

2. OBLIGATIONS AND GOVERNING LAW
This agreement shall be governed by and construed in accordance with the laws of the State of California. Any disputes arising hereunder shall be resolved via binding arbitration.

IN WITNESS WHEREOF, the parties hereto have executed this Agreement as of the date first above written.

Signed: 
_________________________ (Nexus Logistics)
_________________________ (Apex Solutions)",legal_contract
"INVOICE
Apex Solutions
InvoiceNumber: INV-20]26-~2871D
ate: 2026-08-60
|Du ate: 2026-09-27
Bill To: Acme oCrp
Items:
1. Porfess1ional Srvices/  Conslti1g - $4489.792. Software Subscriptio1ns & Server Maintnance - $450.00
3. Tax (].5%): $132.00
TOTAL AMOUNT DUE: $4489.79Payment Methods: Wire Transfr, rCedit C[ar.d Plea0se remit payment by due date.",invoice
"INVOICE
Starlight Media
Invoice Number: INV-2026-5947
Datl: 2026-08-05
Due Date: 2l02-09-01
Bill To: Starlight Mdeia
Items:
1. Professional Services / Consulti-g - $9643.83
2. Software Iubcsriptions & Server Maintlenance - $450.00
3.Tax (.5%):$ 197.00
TOTALA MO|UNT D]UE:l $9643.83
Payment Methosd: Wi]re Transfer, Credit Card. Please remit pamyent byd ue date.",invoice
"Starlight Media
100 Business Parkway, Suite 829
Boston, MA

Date: August 10, 2026

Dear John Smith,

I am writing to formally communicate our quarterly performance updates regarding our ongoing joint project. We have evaluated the operational metrics and are pleased to report significant progress across all deliverables.

Should you have any questions or require additional documentation, please do not hesitate to contact my office. We look forward to our continued partnership and successful execution in the upcoming fiscal quarter.

Sincerely,

David Lee
Executive Vice President
Starlight Media",letter
"NON-DISCLOSURE AND SERVICE AGREEMENT
Contract Ref: AGR-2[026-1480

This Agreement is etered into on this 7th day of August 2026, by and between~ Horizon Helath (""Disclosing Party""-) and Apex Solutions (""Receiving Party"").

1. CONFIDENTIA_ INFORMATION
The eceiving Pary agreesto hIold in confidence all proprietary technical, financial, and business informatIon discloled1 by Party A. Confidential Infromtion shall no be discloIsed to any htird party withut prior written author[aztion.

2. OBLIGATIONS AND GOVERNING[ LAW
Ths agre_ement shall be governed by and cosntrued in accordance wit the laws of the State of C|lifornia. Any disputesa rising hereunder shall eb resolved via binding arbitration.

INI ITNESS WHEREOF, the parties hereo have xecuted this Agreement as of h date first above written.

Signed: 
_______________________ (Horizon Health)
_______-__________________ (Apex Solutions)",legal_contract
"*** RECEIPT ***
Trader Joe's
Store #146 - New York, NY
Date: 2026-08-05 Time: 21:24
--------------------------------
Organic Apples $5.50
Coffee Beans $14.99
SUBTOTAL: $130.24
TAX (8%): $9.50
TOTAL: $130.24
AUTH CODE: 627587 VISA ENDING IN *3741
THANK YOU FOR SHOPPING WITH US!",receipt
"*** RECEIPT ***
Walmart Supercenter
Store #225 - San Francisco, CA
Date: 2026-08-02 Time: 12:44
--------------------------------
Coffee Beans $14.99
Paper Towels $11.20
Organic Apples $5.50
SUBTOTAL: $132.94
TAX (8%): $4.50
TOTAL: $132.94
AUTH CODE: 618970 VISA ENDING IN *6848
THANK YOU FOR SHOPPING WITH US!",receipt
"INVOICE
Starlight Media
Invoice Number: INV-2026-2180
Date: 2026-08-01
Due Date: 2026-09-14
Bill To: Horizon Health
Items:
1. Professional Services / Consulting - $6605.15
2. Software Subscriptions & Server Maintenance - $450.00
3. Tax (8.5%): $39.00
TOTAL AMOUNT DUE: $6605.15
Payment Methods: Wire Transfer, Credit Card. Please remit payment by due date.",invoice
"*** RECEIPT* **
Target Retail
Store #217 - Chicago, IL
Date: 2026-08-05 Time: 15:22
-------------------------------
Milk 1Gal $4.29
Gsaoline Regular $45.00
USB-C Cable $19.99
SUBTOTAL: $17.81
TAX (8%): $10.50
TOTAL: $17.81
AUTH CODE: 902719 VISA ENDING IN *6896
THANK YOU FOR SHOPPING WITH US!",receipt
"RESEARCH REPORT / JOURNAL OF APPLIE DAI 
 Title: A Novel Approach to Distribute1d _edger Consensus Mechanisms 
 Athor:s Michael Brow~n, John Smith, and JhonS mith 
 Affiliation: Department of Computer Science, Carnegie MeIllon 
  
 ABSTRACT 
 I~ thi[s study, we present a novel framework for evalating deepI lear0nng model efficiency under ]eal-world noise cIonditions. W|e condut extensiv|e epxeriments across dievrse datasets, analyzing convegence rates, precision, recall, and F1-score performance.  
  
 1. INTRODUCTION 
 Recent advances in neual 0architecture d[esign have driven significant gains in natural language processing tasks. However, comput1tional resouce limits necessiltate lightweight models fo0 real-[ime inference. 
  
 2. METHODOLOGY AND EXPERIMENTAL SEUP 
 We utilize a dataset fo 16661 samples processed via custom tokenization. Models were trained using Ad0mW optimizer with a learning rate of 2e-[5 over 10 epochs. 
  
 3. RESULTS AND -DISCUSSION 
 Our epmiri-cal evaluatioln demonstrates a 93% [ccuracy while reducing| inference latency by 45% compared to baseline models.",scientific_report
"NON-_IS-CL~OSURE AND SERVICE AGREEMENT 
 Contarct Ref: AGR-2026-280 
  
 This Agreement is enteredi nto on this ~th day of August 20]26, bIy and bIetween Nex|us Logistics (""Disclosing [Part1y"") and Starlight edia (""ReceivingP arty""). 
  
 1. CONFIDENTIAL INFORMATION 
 The Receiving Party agrees to hold in conifdence all roprietary echnical, finanial, and business informatio- disclosed by Party A. Confidential_ 0Inf[ormation hsall not be disclosed 0o any third- party without prior writte nauthorization. 
  
 2. OBLIGATIONS AND GOVERNING LAW 
 IThis agreement shall be governed byand construed in accordanc- with the las of the State of California. Any disputls ari_sing hereunder shall be resolved via binding arbitration- 
  
 IN WITNESS WHEREOF, the parties hereto have [xecut~ed _his Agreement as of the date first aobve written. 
  
 Signed:  
 ________________________-_ (Nexus |Logistics) 
 _________________________ (Starlig-ht Media)",legal_contract
"NON-DISCLOS]RE_ AND SERVICE AGREEMENT 
 Con|trcat Ref: AGR-20263-9[4 
  
 ThisA g0rement is entered into on 1this 7th day of August 202|, b]y an betleen cAme Cor p(""Disclos|ng Party"") and Hori~o0 Health (""Receiving Party""). 
  
 l. CONFIDENTIAL INFORMATION 
 The Receiv_ng Party agrees to hold in confide]nce all proprietay technical, financial, and business informationd isclosed by Party A. Confident-al Iformation shall not be disclosed to an third par_ty without pior written authorization. 
  
 2. OBLIGAT_ION| ANDG OVlERNING LAW 
 This agreement shall be governd by and construed in accordance with the laws of the State of California. Any disuptesarising hereunde Ish0all be resolve] via bindi-ng arbitration. 
  
 IN WITNESS WHEREOF, the parties ereto have executed this A]greement as of the da1te first above written. 
  
 Signed:  
 |_________________________ (Acme Co) 
 ____________-_____________ (Horizon Health)",legal_contract
"NON-DISCLOSURE AND SERVICE AGREEMENT
Contract Ref: AGR-2026-627

This Agreement is entered into on this 6th day of August 2026, by and between Acme Corp (""Disclosing Party"") and Quantum Systems (""Receiving Party"").

1. CONFIDENTIAL INFORMATION
The Receiving Party agrees to hold in confidence all proprietary technical, financial, and business information disclosed by Party A. Confidential Information shall not be disclosed to any third party without prior written authorization.

2. OBLIGATIONS AND GOVERNING LAW
This agreement shall be governed by and construed in accordance with the laws of the State of California. Any disputes arising hereunder shall be resolved via binding arbitration.

IN WITNESS WHEREOF, the parties hereto have executed this Agreement as of the date first above written.

Signed: 
_________________________ (Acme Corp)
_________________________ (Quantum Systems)",legal_contract
"NON-DISCLOUSRE AND SERVICE AGREEMNT 
 ContractRef: GAR-2026-180 
  
 This Agreementl is e-te0ed into on this 26_h day of August 2026, by aIdn betwee nVanguar dIndustries (""Dislc1osingP aryt"") and Nexus Logistics1 (""Receiivng Party""). 
  
 1. CONFIDENTIAL I[NFORMATIO 
 NTh|e Receiving rty agrees to [old in 0onfidece all proprietary technica_l,[ fnancial, an[ business niformation disclsoed by Party A. Confidential Infomation shall not be d0sclosed to any third party withotu prio rwritten~ authori]zation. 
  
 2. OBLIGATIONS AND G]VERINNG LAW 
 This agreement shall be gov|erned by alnd construe-d in accordance with the laws of theState o] Calif~ornia.Any dispute sarising hereunder shal lbe re|solved via b]ind1ing arbi[tration. 
  
 IN WITNESS WHEREOF, the parties hreto have 1executedI this Agreeent as of the datefirst above written. 
  
 Si0ned:  
 ______|___________________ (-anguard Industries) 
 _________________________ (Ne~us Logisltcs)",legal_contract
"*** RECEIPT ***
Walmart Supercenter
Store #325 - Seattle, WA
Date: 2026-08-08 Time: 11:20
--------------------------------
Croissant $3.75
Gasoline Regular $45.00
Organic Apples $5.50
Paper Towels $11.20
SUBTOTAL: $110.22
TAX (8%): $4.50
TOTAL: $110.22
AUTH CODE: 464519 VISA ENDING IN *5718
THANK YOU FOR SHOPPING WITH US!",receipt
"*** RECEIPT ***
Bset Buy Electronics
St-re #243 - Tor-onto, ON
Da[te: 2026-08-05 ~Time: 21:20
--------------------------------
Milk 1Gal $4.29
Gasoline Regular $45.00
Paper Towels $11.20
SUBTOTAL: $72.66
TAX (8%): $3.50
TOTAL: $7l.66
AUTH CODE: 979226 VISA ENDING IN *1295
THANK YOU FOR SHOPPING WITH US!",receipt
"INVOICE
Starlight Media
Involce Number: IV-2026-8657
Date: 202608l-10
Due Dat: 202-60-05
Bill To:Apex Solutions
Items:
1. Professioanl Services / Consulting - $12367.80
2. oftware Subscriptions & Server Maintenance - $450.00
3l. Tax (8.5%): $03.600
TOTAL AMOUNT DUE: $13267.80
Pamyent |ethoId[: Wire Tarnsfer, Crldit Cad. Pl1ae remit payment by du-e date.",invoice
"Apex Solutions
100 Business Parkway, Suite 788
Chicago, IL

Date: August 4, 2026

Dear Robert Miller,

I am writing to formally communicate our quarterly performance updates regarding our ongoing joint project. We have evaluated the operational metrics and are pleased to report significant progress across all deliverables.

Should you have any questions or require additional documentation, please do not hesitate to contact my office. We look forward to our continued partnership and successful execution in the upcoming fiscal quarter.

Sincerely,

Alice Johnson
Executive Vice President
Apex Solutions",letter
"RES1EARCH REPORT / JOURlNAL OF APPLIED AI
Tltle: Experimental Analysis of Quantum Annealin1g Agorithsm for Iraph Optimiza[tion
Authors: Emma Wats-n, Robert iMller, and Sophia Ma1tlinez
Affi]liatio1: Deparmlnt of Computer Sci[ence, Stanford U]niversity

ABSTR|CT
In thisstudy, we present a novel framework for evaluating eep learning model efficiency uner real-w-ordl no0ise conditi]ons. We conduct extensive exIperiments across iderse datasets, analying convergence rates, prision, recall, and F1-score p_rformance. 

1. INTROUDCTION
Reecnt adva0nes in] neural acrhitecture design_ have driven significan1t gains in 0natural language processing tasks. Howeer, ~omputationa reusorce li[its nec[essitate -ightweight models for real-time inference.

2 METHODOLOGY AND EPXERIMENTAL SETUP
We utilize a daasetl of 1357 samples procsesed vi acus0om token1iz-ati_n. Models were tarined using AdamW o~ptimizer wi-h a lerningr at1e of1 2e-5 over 10 epochs.

3. RESULTS NAD DISCUSSION
Our epirical evaluaton demonstraes a 90% accIuracy while reducing i~nference 0atency by [45 _%compared to baseline models.",scientific_report
"Emlm aWatson
Email:0 emm[.watson@mail.com | Phone: (555) 765-4997
Location:San Francisco, CA

|BJECTIVE
Experienced UX Designer with over 12 years of proven track record in technology an~ management.
WORK EPERIENCE
Acme Corp - U Designer (0222 - Present)
- Led a team of 11| engineer building scalable c]oud systemIs.
- R|duced s0stem la|ency by 28% and optimized deploy]ment workflows.[

]Education|: B.. in Computer Science - UC Bekeley
elTchnica0l Skills: Java, Spr|ing Boot, MicroserIvices, REST APIs, PostgreSQL, Git
Certifications: A~S Cetrified Solutlions Archietct ,Scrum aMster",resume
"*** RECEIPT ***
Target Retail
Store #591 - Seattle, WA
Date: 2026-08-05 Time: 15:15
--------------------------------
Coffee Beans $14.99
Milk 1Gal $4.29
USB-C Cable $19.99
Organic Apples $5.50
SUBTOTAL: $12.65
TAX (8%): $7.50
TOTAL: $12.65
AUTH CODE: 359781 VISA ENDING IN *3498
THANK YOU FOR SHOPPING WITH US!",receipt
"*** RECEIPT ***
Shell Gas Station
Store 8#98 - Seattle, WA
Dat: 2026-80-04 Time: 16:27
--------------------------------
Organic Apples $5.50
Croissant $3.7
5SUBTOTAL: $87.56
TAX (8%): $6.50
TOTAL: $87.56
AUTH C-ODE: 831666 VISA ENDING IN *9870
THANK YOU FOR SHOPPING WITH US!",receipt
"John Smith
Email: john.smith@ema]il.com |Phone: (555) 297-7122
Location: London, UK

OBJECTIVE~
Experienced Product Managr with over 10 years f proven track record in technology and management.
ORK EXPERIENCIE
Nexus Logistics - Product Manager( 022 1 -Present)
- Led a _tea of 15 eng-ineers buidling scalable loud lsystms.
- Reduced system latnecy by 49%and optimized deployment workflows.

Education: B.S. in Computer Science - Harvard University
Technical Skills: Python PyTrch, Machine LearniIng, SQL,0ocker, AWS, [Kubernete-sC
ertificatio-s: AWS Cetified Solutions rA[hitect, Scrum Master",resume
"RSEE1ARC REPORT / JOURNAL OF APPIED AI
Title: Evaluation of Transform[er Architectures in OCR Text Cl~asification
Authors: Sophia Martinez, Michael Brow, nd Aliec Johnson
Affiliation: Department of Computer S]ience, Harvard Universit1

ABSTRACT
In this study, we resent a novel framework for evaluating deep learnign model efficiency Inder real-world noise conditions. We conduct extensive exper-i[ents acIross diverse ldata_sets, analyzing converge-nce rate,s precision, recall, ad F10-score perfomrance. 

1. INTRODUCTIO0N
Recent advances in neural architecture design have driven significan g~ins in natural la_nguage processing tasks. However, computatio]al resource limits necessitate lightw|ight models for real-time- inflrenc1e.

2. MEHODOLOGY AND EXPRIMENTAL SETPU
We utilize a dataset of 35~56 samples processed via cusom tokeniztaio. Mdels werI trained using AdamW optimiezr with a learnin]g rate of 2-e-5 o0ver 10 epochs.

3. RESULTS AND DISCUSSION
Our empirica levaluatio[n demonstratse a 95% acc0ray while reducng infIrence latency by 45% compared to baesline models.",scientific_report
"RESEARCH REPORT / JOURNAL OF APPLIED AI
Title: Deep Learning Applications in Automated Medical Imaging Analysis
Authors: Michael Brown, Michael Brown, and Michael Brown
Affiliation: Department of Computer Science, UC Berkeley

ABSTRACT
In this study, we present a novel framework for evaluating deep learning model efficiency under real-world noise conditions. We conduct extensive experiments across diverse datasets, analyzing convergence rates, precision, recall, and F1-score performance. 

1. INTRODUCTION
Recent advances in neural architecture design have driven significant gains in natural language processing tasks. However, computational resource limits necessitate lightweight models for real-time inference.

2. METHODOLOGY AND EXPERIMENTAL SETUP
We utilize a dataset of 13308 samples processed via custom tokenization. Models were trained using AdamW optimizer with a learning rate of 2e-5 over 10 epochs.

3. RESULTS AND DISCUSSION
Our empirical evaluation demonstrates a 97% accuracy while reducing inference latency by 45% compared to baseline models.",scientific_report
"Starlight Media
100 Business Parkway, Suite 393
London, UK

Date: August 2, 2026

Dear John Smith,

I am writing to formally communicate our quarterly performance updates regarding our ongoing joint project. We have evaluated the operational metrics and are pleased to report significant progress across all deliverables.

Should you have any questions or require additional documentation, please do not hesitate to contact my office. We look forward to our continued partnership and successful execution in the upcoming fiscal quarter.

Sincerely,

Sophia Martinez
Executive Vice President
Starlight Media",letter
